{
  "1_1": [
    1.0909617840114543,
    0.8566642853305177,
    0.9325833507960566,
    0.34196248401367174,
    0.5442616074150971,
    0.5234822549989976,
    0.4893234093701736,
    0.30682586549292507,
    0.6325296465229029,
    0.6161799782208643
  ],
  "0_8": [
    0.804610868187809,
    0.8339771941991589,
    0.8267110177860097,
    0.8437405141352499,
    0.7862557712143294,
    0.9125072334512379,
    0.7986255182663361,
    0.8169769458470385,
    0.8502053605777032,
    1.0926221208504359
  ],
  "0_7": [
    0.8207800210850414,
    0.8935138469783722,
    0.7168575377937035,
    0.843256091582182,
    1.304278954164393,
    0.8961705613754963,
    0.8018481977560924,
    0.7138345784849539,
    0.8148010426935942,
    0.8291470109989081
  ],
  "1_8": [
    0.41067027126802824,
    0.32859304432156333,
    0.36608795093539037,
    0.6337731954925127,
    0.390467172187657,
    0.41065029970588707,
    0.6976000774527128,
    0.806608375421724,
    0.8381794001028986,
    1.1787522727155504
  ],
  "0_4": [
    0.8927854172548557,
    0.8744097264840571,
    0.7888724017177908,
    0.8718561018739249,
    1.0906245994056853,
    0.793884878667186,
    0.8619224825591778,
    0.8219682257227071,
    0.7942368522063818,
    0.7026158109532682
  ],
  "1_2": [
    0.776823407346902,
    1.3883295966260065,
    1.033162501133783,
    0.9758280604512675,
    0.9244639053913036,
    0.560347838163624,
    0.4899617492603125,
    0.4970622830448953,
    0.5737172588318398,
    0.744143014662239
  ],
  "0_2": [
    0.7881353024568032,
    0.7839148517550687,
    0.9844445487598784,
    0.9848334112774241,
    1.1364445266481824,
    0.8591132600240381,
    0.8030108677084623,
    0.9586707941651812,
    0.7670482334591708,
    0.7865266378677525
  ],
  "0_3": [
    0.8861309908724196,
    0.7808932029822456,
    1.157426651658097,
    0.9343441197061205,
    0.8992553975795661,
    0.7485973415930963,
    0.743384472519726,
    0.9042261367213152,
    0.9208659976366278,
    0.69044994625911
  ],
  "0_1": [
    0.8718075879324697,
    0.8215528935725522,
    0.7538320944319707,
    0.9421317501713968,
    0.9184559573491872,
    0.8965653051303146,
    1.0556710202888033,
    0.8823868938965936,
    0.7895518447893871,
    0.6187992807703941
  ],
  "1_6": [
    0.7214475916913092,
    0.8221560050900882,
    0.6569194164736816,
    0.6802715914398748,
    0.7551439644309229,
    1.0627988583291121,
    0.9960266333311366,
    1.308428560384439,
    0.5938317299770988,
    0.533547048691451
  ],
  "1_7": [
    0.7083585190357378,
    0.6423966017139233,
    0.4725998141806854,
    0.6547021380635445,
    0.5381223812100158,
    0.20189501433947854,
    1.551641514490186,
    1.0135258127136726,
    0.9416495831641533,
    1.01789689178633
  ],
  "1_3": [
    0.7428503859453569,
    0.5344515811757451,
    0.8709335756977712,
    1.128014654484008,
    0.9880028453342055,
    0.6564614216725506,
    0.6403248285022802,
    0.42873020280273205,
    0.6057351310210087,
    0.5152477095295787
  ],
  "0_5": [
    0.776945535199976,
    0.8368854651182532,
    0.9049380802830832,
    0.8074794039325751,
    0.8616483133933284,
    0.7785482568896634,
    1.17537332325565,
    0.8474680373491605,
    0.8873920438227876,
    0.8097187712871448
  ],
  "0_6": [
    0.7244826447049945,
    0.8352655897048391,
    0.8750808652386262,
    0.9251489582503246,
    0.7495004776916866,
    0.8060119467724586,
    1.1387162003286857,
    0.774989344757741,
    0.7665337133037377,
    0.7887475366120655
  ],
  "1_9": [
    0.5639075955770032,
    0.6439448622971986,
    0.6541351191379497,
    0.42458596023241585,
    0.8107220508417936,
    0.7153946423218784,
    0.5398157806743076,
    0.562729859683699,
    1.4807527147258819,
    0.9998029003966508
  ],
  "0_9": [
    0.7683693178515171,
    0.8049032523793926,
    1.016487967110592,
    0.9047729476057036,
    0.7506542303565025,
    0.7946238562947626,
    0.7743029806641246,
    0.8429139395918868,
    0.843240501230065,
    0.7861894177877219
  ],
  "1_0": [
    1.0891852601757521,
    1.4242253613378189,
    0.4853122636955477,
    0.8076489711072912,
    0.4605333919061375,
    0.40299450759955524,
    0.4374037535056746,
    0.5422842373941599,
    0.4905583646191718,
    0.3947837520443699
  ],
  "1_4": [
    0.997621530720825,
    0.9822663513221611,
    0.5943340840104884,
    1.6470788902805094,
    1.0412443784396488,
    1.1299210978689258,
    0.8099436042478861,
    1.0079075062097442,
    0.5564021338681991,
    0.5694919122925223
  ],
  "0_0": [
    0.9175478965522985,
    0.9119962654265129,
    1.0236806625211212,
    0.6743465826592546,
    0.8297853425697,
    0.8679675292396214,
    0.7834898911948095,
    0.8354996908204159,
    0.7110641131916288,
    0.9306049118346409
  ],
  "1_5": [
    0.6183301910843506,
    0.8170478939415827,
    0.8243839360790253,
    0.5467015847642603,
    1.1487160855324259,
    1.0744831666381376,
    1.483951738475601,
    0.7463262733055371,
    0.5746365224438761,
    0.7630184140694616
  ]
}