{
  "1_1": [
    0.982872232326367,
    0.8202851851564746,
    1.3327772359614047,
    0.2517652610028715,
    0.5442616074150971,
    0.44417013098462854,
    0.4893234093701736,
    0.34886951375640096,
    0.5981422418728027,
    0.586973998049239
  ],
  "0_8": [
    0.7229733003470137,
    0.7920124510132801,
    0.8098784509701581,
    0.7973694084615577,
    0.7862557712143294,
    0.8755511595804473,
    0.7986255182663361,
    0.7882116037925233,
    0.7249830397076775,
    1.2227811869650778
  ],
  "0_7": [
    0.8207800210850414,
    0.7752152435276118,
    0.7168575377937035,
    0.635650925371683,
    1.1298689427496953,
    0.8853738306625404,
    0.7881362191630649,
    0.7138345784849539,
    0.8148010426935942,
    0.7473264275494927
  ],
  "1_8": [
    0.2633828120166076,
    0.32859304432156333,
    0.2967713180531307,
    0.59185187621433,
    0.390467172187657,
    0.41065029970588707,
    0.6190182479004294,
    0.806608375421724,
    0.8007229769130786,
    1.1350560047720646
  ],
  "0_4": [
    0.8927854172548557,
    0.7427467417050593,
    0.7644696358957793,
    0.7913115320334265,
    1.078899091508881,
    0.7440397795760803,
    0.854968987343302,
    0.726635941979157,
    0.7942368522063818,
    0.6332973191949658
  ],
  "1_2": [
    0.8581928448244925,
    1.038092371795306,
    1.0497888153683075,
    1.2495260177743832,
    0.804794980152739,
    0.6101890232332848,
    0.4899617492603125,
    0.41005786664858285,
    0.5737172588318398,
    0.744143014662239
  ],
  "0_2": [
    0.7752626155488939,
    0.7839148517550687,
    1.0178199737212892,
    0.9807111148215446,
    1.1049966455232794,
    0.8233662318121518,
    0.8030108677084623,
    0.902181389710424,
    0.7670482334591708,
    0.7865266378677525
  ],
  "0_3": [
    0.8418222535512538,
    0.7438203447341201,
    1.062494414506934,
    0.8798215897599404,
    0.8673954013508002,
    0.7485973415930963,
    0.743384472519726,
    0.8938700927346762,
    0.9208659976366278,
    0.69044994625911
  ],
  "0_1": [
    0.8606807961556018,
    0.7921511309184757,
    0.7161257426300502,
    0.9340585533875848,
    0.9184559573491872,
    0.8484584940779474,
    0.965206150022636,
    0.8823868938965936,
    0.7381399993087073,
    0.6187992807703941
  ],
  "1_6": [
    0.6808908003903698,
    0.6430828182658367,
    0.6569194164736816,
    0.700972485710888,
    0.7003749076504691,
    1.0028955457375068,
    0.953295584329095,
    1.3537979803931381,
    0.6482680704164328,
    0.5958354170123091
  ],
  "1_7": [
    0.6502080369480334,
    0.6423966017139233,
    0.4725998141806854,
    0.7300701263071061,
    0.5985138927131459,
    0.20189501433947854,
    1.637940964035427,
    0.9594873341640968,
    0.9416495831641533,
    0.9591892219465543
  ],
  "1_3": [
    0.7031661907019392,
    0.5344515811757451,
    0.7693707285584777,
    1.1305192693220796,
    1.0273570727986236,
    0.6564614216725506,
    0.6403248285022802,
    0.3986955110837571,
    0.5565646018918333,
    0.5152477095295787
  ],
  "0_5": [
    0.7273607718879211,
    0.8368854651182532,
    0.8716894529181813,
    0.7914039222141621,
    0.8039684779925848,
    0.7206537487249908,
    1.1207304907769589,
    0.829478116201856,
    0.756389576906965,
    0.7258756658699499
  ],
  "0_6": [
    0.6867031535551406,
    0.8002271018141749,
    0.8750808652386262,
    0.8832236256415099,
    0.7495004776916866,
    0.7393168055217807,
    1.0351909319962196,
    0.774989344757741,
    0.7665337133037377,
    0.7887475366120655
  ],
  "1_9": [
    0.5639075955770032,
    0.5013059810604991,
    0.6541351191379497,
    0.42458596023241585,
    0.8107220508417936,
    0.7153946423218784,
    0.5398157806743076,
    0.47945531168994643,
    1.4119860218610847,
    0.9998029003966508
  ],
  "0_9": [
    0.7486852894304709,
    0.7583740952375447,
    0.7946364805075768,
    1.0501154462421989,
    0.7506542303565025,
    0.7946238562947626,
    0.7743029806641246,
    0.8429139395918868,
    0.8171388751682532,
    0.7689803325472702
  ],
  "1_0": [
    1.2963618151568068,
    1.115789002938582,
    0.4853122636955477,
    0.8076489711072912,
    0.4605333919061375,
    0.35118036338856484,
    0.5912820425299057,
    0.4705845404821748,
    0.4905583646191718,
    0.3947837520443699
  ],
  "1_4": [
    0.9575055475837545,
    0.9822663513221611,
    0.5943340840104884,
    1.5801290556750682,
    0.9169672303047386,
    1.1091125702443048,
    0.9013450049335442,
    0.7796839482521797,
    0.6237554116766808,
    0.5694919122925223
  ],
  "0_0": [
    0.8788267396812423,
    0.8817365529139304,
    1.1473037029672977,
    0.5407184641591932,
    0.7308533323311392,
    0.8420942396027532,
    0.7610395854294755,
    0.7850656431105417,
    0.7110641131916288,
    0.7964847392523572
  ],
  "1_5": [
    0.6183301910843506,
    0.756928994492842,
    0.8243839360790253,
    0.6052850928481996,
    0.9740686658856463,
    1.0744831666381376,
    1.3502774416285543,
    0.680428731715236,
    0.6387472722035222,
    0.7630184140694616
  ]
}