{
  "1_1": [
    0.982872232326367,
    0.8202851851564746,
    1.3775902802499222,
    0.2517652610028715,
    0.5442616074150971,
    0.5234822549989976,
    0.4893234093701736,
    0.34886951375640096,
    0.5981422418728027,
    0.586973998049239
  ],
  "0_8": [
    0.804610868187809,
    0.8339771941991589,
    0.8098784509701581,
    0.7973694084615577,
    0.7862557712143294,
    0.9125072334512379,
    0.7986255182663361,
    0.8169769458470385,
    0.796260773649526,
    1.243767149758279
  ],
  "0_7": [
    0.8207800210850414,
    0.8037284351167037,
    0.7168575377937035,
    0.635650925371683,
    1.3746970920088653,
    0.8853738306625404,
    0.8018481977560924,
    0.7138345784849539,
    0.8148010426935942,
    0.7977468334813418
  ],
  "1_8": [
    0.33662534564381014,
    0.32859304432156333,
    0.2967713180531307,
    0.6337731954925127,
    0.390467172187657,
    0.41065029970588707,
    0.558618651601429,
    0.806608375421724,
    0.8007229769130786,
    1.3076609399151133
  ],
  "0_4": [
    0.8927854172548557,
    0.7995860984611128,
    0.7644696358957793,
    0.8415928824760677,
    1.1988291438748175,
    0.7680802735038238,
    0.854968987343302,
    0.8032087487689842,
    0.7942368522063818,
    0.7026158109532682
  ],
  "1_2": [
    0.8581928448244925,
    1.4723527808456478,
    1.033162501133783,
    0.9758280604512675,
    0.8763695606988483,
    0.560347838163624,
    0.4899617492603125,
    0.41005786664858285,
    0.5737172588318398,
    0.744143014662239
  ],
  "0_2": [
    0.7752626155488939,
    0.7839148517550687,
    1.0752034569058138,
    0.9807111148215446,
    1.1392272271109822,
    0.8425062007452232,
    0.8030108677084623,
    0.9586707941651812,
    0.7670482334591708,
    0.7865266378677525
  ],
  "0_3": [
    0.8574890864407007,
    0.7438203447341201,
    1.1102364021765632,
    0.8798215897599404,
    0.8840561251925632,
    0.7485973415930963,
    0.743384472519726,
    0.9042261367213152,
    0.9208659976366278,
    0.69044994625911
  ],
  "0_1": [
    0.8606807961556018,
    0.7921511309184757,
    0.7161257426300502,
    0.9421317501713968,
    0.9184559573491872,
    0.8484584940779474,
    1.0583612043585775,
    0.8823868938965936,
    0.7381399993087073,
    0.6187992807703941
  ],
  "1_6": [
    0.6808908003903698,
    0.6430828182658367,
    0.6569194164736816,
    0.753996219668132,
    0.7003749076504691,
    1.0408120169867763,
    0.9960266333311366,
    1.5704182504913708,
    0.6526519979436198,
    0.5958354170123091
  ],
  "1_7": [
    0.7083585190357378,
    0.6423966017139233,
    0.4725998141806854,
    0.7300701263071061,
    0.5381223812100158,
    0.20189501433947854,
    1.7819562482379692,
    0.9716582099007219,
    0.9416495831641533,
    1.01789689178633
  ],
  "1_3": [
    0.7031661907019392,
    0.5344515811757451,
    0.7693707285584777,
    1.1392505807854163,
    1.0273570727986236,
    0.6564614216725506,
    0.6403248285022802,
    0.3520220213528782,
    0.6057351310210087,
    0.5152477095295787
  ],
  "0_5": [
    0.776945535199976,
    0.8368854651182532,
    0.9049380802830832,
    0.8074794039325751,
    0.8039684779925848,
    0.7206537487249908,
    1.1004124251888605,
    0.8474680373491605,
    0.8288949592018116,
    0.7258756658699499
  ],
  "0_6": [
    0.6867031535551406,
    0.8002271018141749,
    0.8750808652386262,
    0.9251489582503246,
    0.7495004776916866,
    0.7931377513175667,
    1.2685412398442053,
    0.774989344757741,
    0.7665337133037377,
    0.7887475366120655
  ],
  "1_9": [
    0.5639075955770032,
    0.5835566619467963,
    0.6541351191379497,
    0.42458596023241585,
    0.8107220508417936,
    0.7153946423218784,
    0.5398157806743076,
    0.47945531168994643,
    1.5501886613961757,
    0.9998029003966508
  ],
  "0_9": [
    0.7486852894304709,
    0.7906875626833993,
    0.7946364805075768,
    1.186127129686848,
    0.7506542303565025,
    0.7946238562947626,
    0.7743029806641246,
    0.8429139395918868,
    0.843240501230065,
    0.7861894177877219
  ],
  "1_0": [
    1.3363669365377098,
    1.115789002938582,
    0.4853122636955477,
    0.8076489711072912,
    0.4605333919061375,
    0.4325021350477959,
    0.47912565523108674,
    0.5422842373941599,
    0.4905583646191718,
    0.3947837520443699
  ],
  "1_4": [
    0.997621530720825,
    0.9822663513221611,
    0.5943340840104884,
    1.5454122141779452,
    0.9980623875363203,
    1.1091125702443048,
    0.8099436042478861,
    0.9567457683524879,
    0.6237554116766808,
    0.5694919122925223
  ],
  "0_0": [
    0.9175478965522985,
    0.8817365529139304,
    1.123872071024911,
    0.5866455148516085,
    0.8061401872940569,
    0.8420942396027532,
    0.7834898911948095,
    0.7850656431105417,
    0.7110641131916288,
    0.8232357412607892
  ],
  "1_5": [
    0.6183301910843506,
    0.756928994492842,
    0.8243839360790253,
    0.5467015847642603,
    1.1487160855324259,
    1.0744831666381376,
    1.4054370419901772,
    0.7463262733055371,
    0.6387472722035222,
    0.7630184140694616
  ]
}