{
  "1_1": [
    1.0039107305324733,
    0.783552279993154,
    0.8571684148607095,
    0.2517652610028715,
    0.36446530259873844,
    0.44417013098462854,
    0.4290395543201739,
    0.31030184298511554,
    0.44398891623367254,
    0.48939771321526
  ],
  "0_8": [
    0.7229733003470137,
    0.6534922112871797,
    0.7757725927536409,
    0.7850604488382418,
    0.7520985988822115,
    0.7840688120677649,
    0.693767820704177,
    0.7417220265569044,
    0.7110499559305842,
    1.024451081534795
  ],
  "0_7": [
    0.7886937976585991,
    0.712633881753131,
    0.6905624712187313,
    0.635650925371683,
    1.086258837825243,
    0.7550801899116363,
    0.7071537971583185,
    0.6952962075838208,
    0.8148010426935942,
    0.683951256003385
  ],
  "1_8": [
    0.20167799149769078,
    0.20049133631897856,
    0.32705793192513977,
    0.59185187621433,
    0.32093934426632864,
    0.26300034086963064,
    0.6190182479004294,
    0.7422867387077018,
    0.7862473764300565,
    1.1160226332426728
  ],
  "0_4": [
    0.8203713376930849,
    0.7427467417050593,
    0.7277685700953834,
    0.6641911716789208,
    0.9032156730125163,
    0.7154952879314738,
    0.8314866366489854,
    0.6764112593906113,
    0.7733777426075972,
    0.6332973191949658
  ],
  "1_2": [
    0.805659038279134,
    1.0434269354638952,
    1.0577051838763611,
    0.9314316926687612,
    0.755749437179378,
    0.6149140002830712,
    0.4554847338848671,
    0.3397076642237317,
    0.5837297587479767,
    0.5913930815922646
  ],
  "0_2": [
    0.7242715573055729,
    0.6914016253646957,
    0.7779073548930613,
    0.9445335800547223,
    0.7787665518981493,
    0.80238016400629,
    0.6910622517865163,
    0.6746612258416324,
    0.7105934701451743,
    0.7581715532638446
  ],
  "0_3": [
    0.7582193519500023,
    0.7071462863901491,
    0.8717663415845667,
    0.8748012490979523,
    0.8673954013508002,
    0.6974676884466484,
    0.6540382139600912,
    0.7919073155956798,
    1.0220661827632316,
    0.6702450161952007
  ],
  "0_1": [
    0.8068780479241504,
    0.7921511309184757,
    0.6529498212225775,
    0.8056211988945672,
    1.2092125026073501,
    0.7655430426259833,
    0.8456113175602554,
    0.786939893346952,
    0.6305033238088061,
    0.6187992807703941
  ],
  "1_6": [
    0.7263215052342243,
    0.5667303266711742,
    0.46313162427212173,
    0.5196668495723906,
    0.7003749076504691,
    0.9624980718938226,
    0.8819469397018631,
    1.3492515246156285,
    0.5588292859090186,
    0.6643345145208897
  ],
  "1_7": [
    0.6244937696535328,
    0.7081804681960737,
    0.4272594146656258,
    0.9109342149641563,
    0.7519450798775856,
    0.2839374511820454,
    0.9534885753121144,
    1.1014617395351585,
    0.8921511848303219,
    0.9100023453468794
  ],
  "1_3": [
    0.5741083200592011,
    0.44309192200852326,
    0.7097889939972356,
    0.9937127222615372,
    0.9450501786461529,
    0.7163773741198046,
    0.4827770671157078,
    0.4425718068792019,
    0.5565646018918333,
    0.5152477095295787
  ],
  "0_5": [
    0.6999762274285093,
    0.7947106842276055,
    0.7922981546249602,
    0.7011623618265359,
    0.7953284493301894,
    0.7206537487249908,
    0.9475777797785649,
    0.7364996068436864,
    0.7178290313043484,
    0.7070456972557411
  ],
  "0_6": [
    0.6642142666850153,
    0.715660991745462,
    0.765876962431654,
    0.8365472215274423,
    0.7294849562340191,
    0.6378427982986008,
    1.0782560298406552,
    0.648454095972125,
    0.6926478287925939,
    0.7155881928209142
  ],
  "1_9": [
    0.41545299420022147,
    0.49497739903711574,
    0.6935325177746376,
    0.42458596023241585,
    0.7641843371500058,
    0.7333201204887995,
    0.6606985235759245,
    0.47945531168994643,
    1.398988762887976,
    0.9788355902665634
  ],
  "0_9": [
    0.6695512245191301,
    0.6708651099516884,
    0.7794492549960702,
    0.9863939247137266,
    0.7311858563740014,
    0.7686521544174318,
    0.7486645980369725,
    0.7588903516005827,
    0.7516918242581736,
    0.7689803325472702
  ],
  "1_0": [
    1.0407748701361041,
    1.314992219535348,
    0.4853122636955477,
    0.8076489711072912,
    0.4605333919061375,
    0.30527797776901056,
    0.5218208414412613,
    0.5281886342010149,
    0.49597947813744986,
    0.41718712130007324
  ],
  "1_4": [
    0.9195089649325139,
    0.8884844666833777,
    0.7253071925176953,
    1.3811004873863362,
    0.9169672303047386,
    1.0776649438195571,
    0.8072986693740791,
    0.8202321884846133,
    0.6938999730145615,
    0.5694919122925223
  ],
  "0_0": [
    0.8284170926394578,
    0.7552616648795288,
    0.879846079954057,
    0.5407184641591932,
    0.6504465464605281,
    0.7123855951911272,
    0.7447792531909193,
    0.7127929023501787,
    0.6024108503659598,
    0.7596161936972816
  ],
  "1_5": [
    0.5397101047137189,
    0.7559217083784175,
    0.8929448051072084,
    0.6938473565645334,
    0.9740686658856463,
    1.0811406532828163,
    1.4362987283966786,
    0.7646632532411727,
    0.6660246078082499,
    0.7089763899508364
  ]
}