{
  "1_1": [
    0.23955832981473757,
    0.25415351947342724,
    0.588868423667733,
    0.16134445376290243,
    0.021186600116209722,
    0.020924424090144646,
    -0.13259946354636876,
    0.059398660608326305,
    -0.09622902147008822,
    0.04003439029776403
  ],
  "0_8": [
    0.18919290574423525,
    0.19301387272147946,
    0.23309738912073738,
    0.1797624583307042,
    0.11710431851295301,
    0.1740677015945851,
    0.264710794945348,
    0.12341430507447416,
    0.15718416863548132,
    0.3299240123392029
  ],
  "0_7": [
    0.14969902610326977,
    0.16574207907484687,
    0.06588868550884885,
    0.12618451595299757,
    0.16314036612273608,
    0.18112947797999504,
    0.14215258022443716,
    0.14517266705781318,
    0.2595079313433016,
    0.18629562945965433
  ],
  "1_8": [
    0.1276710254097968,
    0.000989974167415579,
    0.12388011306197413,
    0.17183379101831175,
    0.06737543435887132,
    -0.005146872535870872,
    0.12588062922065502,
    0.3734636956639661,
    0.3584739625766469,
    0.32278786487315553
  ],
  "0_4": [
    0.16275773252677858,
    0.12477718690784143,
    0.279885752473926,
    0.162256827835774,
    0.11990682182267083,
    0.1511460728597155,
    0.09780300843370687,
    0.1623385700473724,
    0.1463599307249612,
    0.10487581826391848
  ],
  "1_2": [
    0.10595428580733651,
    0.5322989916961455,
    0.19974607234241964,
    0.2533619030152877,
    0.14275347005512842,
    -0.026446691995626548,
    0.14834358832599936,
    0.013390357096758163,
    -0.11218288376444632,
    0.0018700995827619638
  ],
  "0_2": [
    0.1409215717445903,
    0.14233584867235588,
    0.1348112189763416,
    0.3173098321332043,
    0.1673944062882583,
    0.1696509505099815,
    0.14313478605168647,
    0.22908587306349376,
    0.11625308314761246,
    0.16555771300436564
  ],
  "0_3": [
    0.16620757574141282,
    0.23569409444871184,
    0.1557744853611932,
    0.3814299618487252,
    0.20760445653967297,
    0.1743961555960348,
    0.19495588751964593,
    0.15315918298013978,
    0.16736314441339895,
    0.12654861915758783
  ],
  "0_1": [
    0.11678495409071266,
    0.13102577490690817,
    0.13727255435510632,
    0.18206053400587435,
    0.17644354405485652,
    0.11976994360967826,
    0.19642136901635318,
    0.2959749461347599,
    0.15637560009196294,
    0.17505268445305175
  ],
  "1_6": [
    0.017489710834916072,
    -0.048865530208515966,
    0.07946597370636452,
    -0.043018087074959244,
    0.01649293797409055,
    0.1694276556169376,
    0.42006401042726393,
    0.2633885948103215,
    0.10313857177027017,
    0.0856432162199487
  ],
  "1_7": [
    0.14619738808776156,
    0.09523688229400307,
    0.04771920584577975,
    0.0010775543868425802,
    -0.09532062099812934,
    0.21127856123896027,
    0.3082426923588508,
    0.27492342284157056,
    0.28708298767549933,
    0.14774117001039128
  ],
  "1_3": [
    0.09955180675695005,
    0.12063070944764119,
    0.037555263108770026,
    0.44824511614416507,
    0.6797747960545565,
    0.1797412436892457,
    0.1293470372267962,
    0.185942241420224,
    0.08106173621968435,
    0.08380940953765864
  ],
  "0_5": [
    0.16018670907746577,
    0.11063446065890857,
    0.10606503460156008,
    0.14718012962470514,
    0.27040207898492113,
    0.1730745260583805,
    0.17853896870403962,
    0.24576031837349166,
    0.21958597609767289,
    0.17956502227617668
  ],
  "0_6": [
    0.24811451697842768,
    0.12988734824089435,
    0.21142053963386767,
    0.12347504170602275,
    0.1585125130564745,
    0.15108901049052897,
    0.18379119119947002,
    0.1532688330145841,
    0.179985620757578,
    0.18985680404691016
  ],
  "1_9": [
    -0.18816661151629638,
    0.028512237714691746,
    -0.03410910360650881,
    0.07249906176623852,
    -0.0563762436296536,
    0.01198321003870162,
    0.05947374455632093,
    0.15880476309505176,
    0.4114922206789964,
    0.25405669769467376
  ],
  "0_9": [
    0.1416035750237556,
    0.1792309302559665,
    0.19363651664116685,
    0.134301162092465,
    0.12286643248912611,
    0.16804678249078872,
    0.0848370913859329,
    0.0820570800267243,
    0.352218057174691,
    0.13854454329134275
  ],
  "1_0": [
    0.5902984816206983,
    0.4527238256192773,
    0.05136913063859839,
    0.20034249604621343,
    0.05187943114987769,
    -0.022911531228149068,
    0.02517956584590529,
    0.049267794715627256,
    0.1148534130103612,
    -0.01037223973248149
  ],
  "1_4": [
    0.3791473318702818,
    0.397698300992813,
    0.1999897487097043,
    0.8202449632901416,
    0.36660142885146063,
    0.30067286038602914,
    0.504484543372285,
    -0.18922245217216505,
    0.14587670781078999,
    0.051902939563758715
  ],
  "0_0": [
    0.22314175096433259,
    0.16502646222988218,
    0.2639488714648506,
    0.18191432177031547,
    0.19053440247930448,
    0.13754785539355405,
    0.1756031665870411,
    0.14627808112972152,
    0.13640271342365567,
    0.11993339085071908
  ],
  "1_5": [
    -0.12745393919229805,
    0.09633781616360243,
    0.23240860156652127,
    0.11199370890593066,
    0.7444285915941009,
    0.2524419850333951,
    0.39667949185673007,
    0.1843590572979948,
    -0.026962736744062625,
    0.07239812967016737
  ]
}