{
  "1_1": [
    0.999818499465806,
    0.6619624631496004,
    0.7726046115842697,
    0.3237563113424555,
    0.2336374211976922,
    0.4061812800986073,
    0.19498904729409267,
    0.24512191718346366,
    0.2976134254843555,
    0.4373461916371334
  ],
  "0_8": [
    0.6650109668523906,
    0.5395190334422243,
    0.7145479695639189,
    0.6232836969472287,
    0.6119687705412047,
    0.5675369609385214,
    0.5860098825218769,
    0.5780033915898886,
    0.6640504091298262,
    0.8163560862828476
  ],
  "0_7": [
    0.5690602079246265,
    0.6205296257922946,
    0.5773400731053879,
    0.5809812017906275,
    0.8345290161253576,
    0.6685223302216223,
    0.5139540844958848,
    0.49230222164682713,
    0.7660636157177142,
    0.6203287152187162
  ],
  "1_8": [
    0.187508378548292,
    0.20891793522374144,
    0.3726578894050605,
    0.43428022443357583,
    0.13485277743729637,
    0.11187697887673986,
    0.5236298546049808,
    0.6906267488108305,
    0.675243672637045,
    0.8392315194839015
  ],
  "0_4": [
    0.589064013275381,
    0.5542489882505579,
    0.683813749674179,
    0.621789152893976,
    0.9043767269029229,
    0.6234317691677382,
    0.4902465545563576,
    0.6138349730927376,
    0.660296294553485,
    0.5568592540672196
  ],
  "1_2": [
    0.680363994674093,
    1.3523426254585957,
    0.8313538248147115,
    0.7470270068582963,
    0.6037424167427499,
    0.5873943459321884,
    0.41486643153139463,
    0.540570314726305,
    0.5055210390297539,
    0.3060024252959236
  ],
  "0_2": [
    0.5699844905164853,
    0.5643871358147072,
    0.6843249940816267,
    0.8404164638153325,
    0.576126510320745,
    0.6268291224148085,
    0.5203403320878994,
    0.6320879500417835,
    0.5059870387608841,
    0.6210924453971762
  ],
  "0_3": [
    0.7220547091045572,
    0.5709628145891554,
    0.6284290994942676,
    0.7282976123370338,
    0.9089177733830223,
    0.6034272813758623,
    0.5800145841388422,
    0.6701717225002813,
    0.6627873234686522,
    0.57867609884775
  ],
  "0_1": [
    0.6279964672242694,
    0.6691542161347187,
    0.5661579729644409,
    0.7097157610481377,
    0.8642576675564793,
    0.6311396404769463,
    0.6619789463158008,
    0.6603703773744896,
    0.508459821694246,
    0.5286191249782531
  ],
  "1_6": [
    0.6680957788778472,
    0.40376239058815255,
    0.3515758770042702,
    0.3714761367375726,
    0.36646127337461387,
    0.8496223854188112,
    0.7598570032097279,
    1.1855815745062557,
    0.364467249352154,
    0.7762345988626993
  ],
  "1_7": [
    0.41364365403406583,
    0.5511945472995907,
    0.24003739547056618,
    0.8418479358669513,
    0.7932923791357178,
    0.5116975543949707,
    1.1102218099181158,
    0.9466733918359806,
    0.8458245175818894,
    0.777450562688689
  ],
  "1_3": [
    0.4975415347167481,
    0.5387462347385942,
    0.6022016129859296,
    0.7843282075443102,
    0.7154175854192214,
    0.6178739082222549,
    0.449268966133778,
    0.5287873783390711,
    0.5071888646830298,
    0.5143680476898933
  ],
  "0_5": [
    0.5477753273632957,
    0.9464243440932434,
    0.7489220428297529,
    0.6126572649354716,
    0.6812871666680556,
    0.5813664962541135,
    0.7273667473177174,
    0.6619784437197739,
    0.5438380460891523,
    0.5947452353187822
  ],
  "0_6": [
    0.5696364710125754,
    0.6076253273222176,
    0.6269020230806928,
    0.6762514198257942,
    0.6095130560789762,
    0.5959750549054234,
    0.8175230140813684,
    0.4255601357285479,
    0.5966225495526477,
    0.6220112582493975
  ],
  "1_9": [
    0.2031317273472296,
    0.37887242360662143,
    0.5397440157986901,
    0.2791714258969749,
    0.7831479351376932,
    0.7820922661045739,
    0.7198112525636166,
    0.43155299107564454,
    1.1044868883277597,
    0.8335113002417048
  ],
  "0_9": [
    0.6273358428971221,
    0.5173816160478956,
    0.6889269463434758,
    0.8801270599555655,
    0.679570288820464,
    0.7035649522269217,
    0.5286331931999629,
    0.6608651647678554,
    0.7566750245333473,
    0.6578193795966986
  ],
  "1_0": [
    0.6389276808700028,
    1.0931405377752943,
    0.5515078643472456,
    0.7172498484002642,
    0.41233097647180117,
    0.3624844440006988,
    0.5155791680079221,
    0.4233623758943478,
    0.3165453534452594,
    0.41929135492370195
  ],
  "1_4": [
    0.7678180586696792,
    0.42331227871503724,
    0.7321637219215481,
    1.290011269622262,
    0.814138353163997,
    0.8811398312338934,
    0.9803500244021193,
    0.7716523437064465,
    0.4009859339449934,
    0.791681123500724
  ],
  "0_0": [
    0.5923151463994301,
    0.6836847895324326,
    0.888584647876209,
    0.4278472733908134,
    0.5247959244559809,
    0.5187674085982686,
    0.6495549325933563,
    0.6322588339773924,
    0.44898443198345467,
    0.5644460629392153
  ],
  "1_5": [
    0.5396668309713982,
    0.6041502855551969,
    0.6355887630391395,
    0.717947673669086,
    0.7793799144525152,
    0.917965694393224,
    1.3117250693836664,
    0.5168947376353493,
    0.34133419448102015,
    0.6923753865025354
  ]
}