{
  "1_1": [
    1.137057943573949,
    0.8202851851564746,
    1.0125087197823905,
    0.2517652610028715,
    0.5442616074150971,
    0.44417013098462854,
    0.4893234093701736,
    0.33534876936086555,
    0.44398891623367254,
    0.5370129742821207
  ],
  "0_8": [
    0.7229733003470137,
    0.7237006582247562,
    0.7757725927536409,
    0.7973694084615577,
    0.7862557712143294,
    0.7981249907914327,
    0.7752720385625691,
    0.7543427576766434,
    0.7249830397076775,
    1.1967426255990434
  ],
  "0_7": [
    0.8207800210850414,
    0.7752152435276118,
    0.6905624712187313,
    0.635650925371683,
    1.0005838354553303,
    0.8323148630864591,
    0.7657363219841988,
    0.7138345784849539,
    0.8148010426935942,
    0.6984028929019516
  ],
  "1_8": [
    0.2633828120166076,
    0.20049133631897856,
    0.32705793192513977,
    0.59185187621433,
    0.32093934426632864,
    0.33821205584550534,
    0.6190182479004294,
    0.7422867387077018,
    0.8007229769130786,
    1.1484941581073254
  ],
  "0_4": [
    0.8429181265688626,
    0.7427467417050593,
    0.7277685700953834,
    0.7913115320334265,
    1.1741256816124275,
    0.7154952879314738,
    0.854968987343302,
    0.7009078260439792,
    0.7733777426075972,
    0.6332973191949658
  ],
  "1_2": [
    0.827481550933805,
    0.9675608652744113,
    1.0497888153683075,
    1.6211295140197581,
    0.804794980152739,
    0.6731490367691595,
    0.4899617492603125,
    0.41005786664858285,
    0.5737172588318398,
    0.5913930815922646
  ],
  "0_2": [
    0.7444117681124387,
    0.7839148517550687,
    1.038061513858228,
    0.9807111148215446,
    0.8275726368707195,
    0.80238016400629,
    0.7731691763757665,
    0.8875998972081779,
    0.7105934701451743,
    0.7865266378677525
  ],
  "0_3": [
    0.8418222535512538,
    0.7194620812145958,
    1.0213203255163454,
    0.8798215897599404,
    0.8673954013508002,
    0.7485973415930963,
    0.6730299294727994,
    0.8628743899091748,
    0.9208659976366278,
    0.69044994625911
  ],
  "0_1": [
    0.8606807961556018,
    0.7921511309184757,
    0.6529498212225775,
    0.8649797311971268,
    0.9184559573491872,
    0.8484584940779474,
    1.0442208960518677,
    0.786939893346952,
    0.658970480344723,
    0.6187992807703941
  ],
  "1_6": [
    0.6808908003903698,
    0.538662012647914,
    0.5680208283228682,
    0.617802593904333,
    0.7003749076504691,
    0.9624980718938226,
    0.953295584329095,
    1.5166763726029164,
    0.6482680704164328,
    0.6643345145208897
  ],
  "1_7": [
    0.6244937696535328,
    0.6651680027822521,
    0.37654670643910926,
    0.8095048469899421,
    0.5985138927131459,
    0.24963668168740522,
    1.4957071052924098,
    0.9594873341640968,
    0.8994856449150186,
    0.9591892219465543
  ],
  "1_3": [
    0.6520292019069329,
    0.44309192200852326,
    0.7693707285584777,
    1.113198573474892,
    1.0273570727986236,
    0.7163773741198046,
    0.4827770671157078,
    0.4425718068792019,
    0.5565646018918333,
    0.5152477095295787
  ],
  "0_5": [
    0.7273607718879211,
    0.7947106842276055,
    0.8212792083323242,
    0.731534395416302,
    0.8039684779925848,
    0.7206537487249908,
    1.1688196185520614,
    0.7364996068436864,
    0.756389576906965,
    0.7258756658699499
  ],
  "0_6": [
    0.6867031535551406,
    0.8002271018141749,
    0.8164293205657394,
    0.8832236256415099,
    0.7495004776916866,
    0.7156792291347369,
    1.3058588286935267,
    0.648454095972125,
    0.6926478287925939,
    0.7734812802603713
  ],
  "1_9": [
    0.48883538730523,
    0.5013059810604991,
    0.6541351191379497,
    0.42458596023241585,
    0.7641843371500058,
    0.7333201204887995,
    0.5829642908954082,
    0.47945531168994643,
    1.4091721983350904,
    0.9998029003966508
  ],
  "0_9": [
    0.7160342494445644,
    0.7008140312695377,
    0.7946364805075768,
    1.0242464292600961,
    0.7506542303565025,
    0.7686521544174318,
    0.7743029806641246,
    0.8177420781845256,
    0.7516918242581736,
    0.7689803325472702
  ],
  "1_0": [
    1.4139152653340454,
    1.0920584730662524,
    0.4853122636955477,
    0.8076489711072912,
    0.4605333919061375,
    0.258590993788387,
    0.5218208414412613,
    0.5158376188162936,
    0.43134358612579266,
    0.4332221702498588
  ],
  "1_4": [
    0.9575055475837545,
    0.9822663513221611,
    0.6395845966388836,
    1.5567975628462742,
    0.9169672303047386,
    1.1091125702443048,
    0.9013450049335442,
    0.7796839482521797,
    0.6938999730145615,
    0.5694919122925223
  ],
  "0_0": [
    0.8647570269923038,
    0.828235671218298,
    1.060616604342914,
    0.5407184641591932,
    0.6504465464605281,
    0.7261090914741023,
    0.7610395854294755,
    0.7127929023501787,
    0.6258229093755937,
    0.7964847392523572
  ],
  "1_5": [
    0.5600762156558777,
    0.756928994492842,
    0.746647610742632,
    0.6052850928481996,
    0.9740686658856463,
    1.0744831666381376,
    1.3617881000314405,
    0.680428731715236,
    0.6083562724381905,
    0.7630184140694616
  ]
}