{
  "1_1": [
    1.1270014846533183,
    0.8202851851564746,
    0.9369528795919764,
    0.2517652610028715,
    0.5442616074150971,
    0.5234822549989976,
    0.4893234093701736,
    0.34886951375640096,
    0.6325296465229029,
    0.586973998049239
  ],
  "0_8": [
    0.804610868187809,
    0.8339771941991589,
    0.8098784509701581,
    0.821654503792933,
    0.7862557712143294,
    0.9125072334512379,
    0.7986255182663361,
    0.8169769458470385,
    0.796260773649526,
    1.0078192298642896
  ],
  "0_7": [
    0.8207800210850414,
    0.8450880163059401,
    0.7168575377937035,
    0.743550271850097,
    1.0813785950002002,
    0.8961705613754963,
    0.8018481977560924,
    0.7138345784849539,
    0.8148010426935942,
    0.8291470109989081
  ],
  "1_8": [
    0.41067027126802824,
    0.32859304432156333,
    0.36608795093539037,
    0.6337731954925127,
    0.390467172187657,
    0.41065029970588707,
    0.6671989185690262,
    0.806608375421724,
    0.8381794001028986,
    1.12626158959932
  ],
  "0_4": [
    0.8927854172548557,
    0.8395443160036113,
    0.7888724017177908,
    0.8718561018739249,
    1.113297178689567,
    0.7680802735038238,
    0.854968987343302,
    0.8032087487689842,
    0.7942368522063818,
    0.7026158109532682
  ],
  "1_2": [
    0.776823407346902,
    1.3915530298483052,
    1.033162501133783,
    0.9758280604512675,
    0.8763695606988483,
    0.560347838163624,
    0.4899617492603125,
    0.4970622830448953,
    0.5737172588318398,
    0.744143014662239
  ],
  "0_2": [
    0.7752626155488939,
    0.7839148517550687,
    1.048880943674004,
    1.0270197384963842,
    1.1778532721644663,
    0.8425062007452232,
    0.8030108677084623,
    0.9586707941651812,
    0.7670482334591708,
    0.7865266378677525
  ],
  "0_3": [
    0.8745568832365265,
    0.7438203447341201,
    1.1074260714508393,
    0.8798215897599404,
    0.8992553975795661,
    0.7485973415930963,
    0.743384472519726,
    0.9042261367213152,
    0.9208659976366278,
    0.69044994625911
  ],
  "0_1": [
    0.8606807961556018,
    0.8215528935725522,
    0.7161257426300502,
    0.9421317501713968,
    0.9184559573491872,
    0.8484584940779474,
    1.1065943934123106,
    0.8823868938965936,
    0.7381399993087073,
    0.6187992807703941
  ],
  "1_6": [
    0.6808908003903698,
    0.6430828182658367,
    0.6569194164736816,
    0.753996219668132,
    0.7003749076504691,
    1.0408120169867763,
    0.9960266333311366,
    1.5582547879246123,
    0.5938317299770988,
    0.5958354170123091
  ],
  "1_7": [
    0.7083585190357378,
    0.6423966017139233,
    0.4725998141806854,
    0.7300701263071061,
    0.5381223812100158,
    0.20189501433947854,
    1.3013382975221983,
    0.9716582099007219,
    0.9416495831641533,
    1.01789689178633
  ],
  "1_3": [
    0.7031661907019392,
    0.5344515811757451,
    0.7693707285584777,
    1.2594365573539286,
    1.0273570727986236,
    0.6564614216725506,
    0.6403248285022802,
    0.3520220213528782,
    0.6057351310210087,
    0.5152477095295787
  ],
  "0_5": [
    0.776945535199976,
    0.8368854651182532,
    0.9049380802830832,
    0.8074794039325751,
    0.8616483133933284,
    0.7785482568896634,
    1.080582169833794,
    0.8474680373491605,
    0.8288949592018116,
    0.7626772164818404
  ],
  "0_6": [
    0.7244826447049945,
    0.8002271018141749,
    0.8750808652386262,
    0.9251489582503246,
    0.7495004776916866,
    0.7931377513175667,
    1.1136265419290743,
    0.774989344757741,
    0.7665337133037377,
    0.7887475366120655
  ],
  "1_9": [
    0.5639075955770032,
    0.6439448622971986,
    0.6541351191379497,
    0.42458596023241585,
    0.8107220508417936,
    0.7153946423218784,
    0.5398157806743076,
    0.47945531168994643,
    1.4206128261410078,
    0.9998029003966508
  ],
  "0_9": [
    0.7683693178515171,
    0.7906875626833993,
    0.9096200575131882,
    0.9872174291969162,
    0.7506542303565025,
    0.7946238562947626,
    0.7743029806641246,
    0.8429139395918868,
    0.843240501230065,
    0.7861894177877219
  ],
  "1_0": [
    1.1956021976943947,
    1.157608112243457,
    0.4853122636955477,
    0.8076489711072912,
    0.4605333919061375,
    0.40299450759955524,
    0.4374037535056746,
    0.5422842373941599,
    0.4905583646191718,
    0.3947837520443699
  ],
  "1_4": [
    0.997621530720825,
    0.9822663513221611,
    0.5943340840104884,
    1.496986433812523,
    0.9980623875363203,
    1.1091125702443048,
    0.8099436042478861,
    1.0079075062097442,
    0.6237554116766808,
    0.5694919122925223
  ],
  "0_0": [
    0.9175478965522985,
    0.9095969211135824,
    1.1330326493231415,
    0.6743465826592546,
    0.8297853425697,
    0.8679675292396214,
    0.7834898911948095,
    0.8354996908204159,
    0.7110641131916288,
    0.8769840121275918
  ],
  "1_5": [
    0.6183301910843506,
    0.756928994492842,
    0.8243839360790253,
    0.5467015847642603,
    1.1487160855324259,
    1.0744831666381376,
    1.535388948140583,
    0.7463262733055371,
    0.6387472722035222,
    0.7630184140694616
  ]
}