{
  "1_1": [
    -0.01388239568361399,
    -0.11399225001911785,
    0.06471949916857558,
    -0.04874775839629102,
    -0.036502748318288036,
    -0.1609067827212819,
    -0.13662603487482203,
    -0.10053420487923581,
    -0.08884789592441528,
    -0.13092837650058672
  ],
  "0_8": [
    0.04520499082798468,
    0.059764151419946045,
    0.054752794422616505,
    0.05443169662255173,
    0.06887550399636325,
    0.05989468550231728,
    0.12169113792079152,
    0.055345865188289135,
    0.03472585477836145,
    0.06014886065382295
  ],
  "0_7": [
    0.03251939743436511,
    0.017777679805943514,
    0.02064773010581625,
    0.058808848027066686,
    0.12038405802153021,
    0.052483490236032014,
    0.08363224024205858,
    0.048324316068570225,
    0.10327624681900428,
    0.03263955070880631
  ],
  "1_8": [
    -0.10607930279863155,
    -0.05358206553026939,
    -0.244942656115972,
    0.09304464530543514,
    -0.19420168788853734,
    -0.07386296513031834,
    -0.09158466490783257,
    0.022396073479139657,
    0.13843251001746584,
    0.021260185562830113
  ],
  "0_4": [
    0.01892850461537085,
    0.04137593368242462,
    0.054159342660434914,
    0.11616183736544897,
    0.047565547593564496,
    0.05418896034344403,
    0.024550483486589836,
    0.03923782731598459,
    0.06898337955867714,
    0.03767169434498799
  ],
  "1_2": [
    0.09349309094681747,
    0.17462526667787925,
    0.23639081367863218,
    0.03583647451853444,
    -0.013362036050795507,
    0.0067440240960816335,
    -0.02837496064065529,
    -0.2811117193910946,
    0.01317474955607556,
    0.10279662063362682
  ],
  "0_2": [
    0.03187878580304368,
    0.0279159403683444,
    0.043611985485601704,
    0.11900717504443564,
    0.03738798380593013,
    0.022292363348232293,
    0.06021629151551514,
    0.05136217095437555,
    0.055991522367920286,
    0.06217064464210937
  ],
  "0_3": [
    0.04854947401926006,
    0.1419434668040651,
    0.06744475688468723,
    0.055104170473098874,
    0.08555739549388638,
    0.04113460591295537,
    0.08498566068733493,
    0.04420317301360967,
    0.03288526254097825,
    0.07627643683470284
  ],
  "0_1": [
    0.03636154354892887,
    0.0166210923543552,
    0.046699523396002286,
    0.016672995930707757,
    0.03892067271410725,
    0.006881430305493904,
    0.02812617374166239,
    0.10061115038435892,
    0.01621895461666472,
    0.06545785145342682
  ],
  "1_6": [
    -0.08628266961650108,
    -0.17830170660924505,
    -0.03120730212033098,
    -0.0009543585329326448,
    -0.04788990256126688,
    -0.05292640427532972,
    0.15512137074402482,
    0.3212875758974791,
    0.011836589854851271,
    0.08372917620507969
  ],
  "1_7": [
    -0.11804509323613517,
    -0.12001666667271257,
    -0.04379826295635902,
    -0.10307364634495167,
    -0.03646195160471213,
    0.1756971126609601,
    0.43436530161518305,
    0.023122623428355693,
    0.24565028068822875,
    0.05433142590047277
  ],
  "1_3": [
    -0.09735328308270239,
    0.12070364165350236,
    0.16753533406451665,
    0.18232707437082887,
    0.27582829123619435,
    -0.017779664152796217,
    0.052076474221627735,
    0.022629513660381004,
    0.038370136504093155,
    0.04433080969735384
  ],
  "0_5": [
    0.030412225987127013,
    0.029509149811023216,
    0.021610053896515075,
    0.09323682849515451,
    0.03691184642433793,
    0.09578922797806715,
    0.08795294646587534,
    0.0468006158669893,
    0.08403184752158643,
    0.042353870449815444
  ],
  "0_6": [
    0.2016009145533946,
    0.07340415510757035,
    0.06574612773685187,
    0.0840741108563608,
    0.12472627155416464,
    0.08551958721043412,
    0.12016416014874778,
    0.08446824656734266,
    0.054225756850274406,
    0.08660797713239889
  ],
  "1_9": [
    -0.18826465246411186,
    0.052942221822823515,
    -0.010202263277501109,
    -0.17311203705369343,
    -0.04098116050228598,
    -0.15025124147767227,
    -0.04700329910550746,
    0.03690275027633168,
    0.281056061160977,
    0.023083984357685182
  ],
  "0_9": [
    0.038457560846146585,
    0.04632739563802582,
    0.04423355752599798,
    0.04506489668560406,
    0.04494051713293279,
    0.050700906536963616,
    0.05295199080031594,
    0.06272630491245652,
    0.12171986659464717,
    0.020649959159800987
  ],
  "1_0": [
    0.22784836402566983,
    0.3592398455654047,
    0.1024638687974686,
    0.06274781007508845,
    -0.0510542007212374,
    -0.004063074849475892,
    -0.07912907461497137,
    -0.1205763837969136,
    -0.10685140896454542,
    0.08444781908697911
  ],
  "1_4": [
    -0.012753093197454268,
    0.11197848875834482,
    0.09927974470443061,
    0.28571956179935404,
    0.17662768251585245,
    0.11530880756615253,
    0.14484577922977004,
    0.010742946465734579,
    0.008711158917008112,
    0.11093123623154515
  ],
  "0_0": [
    0.11684023334333542,
    0.06000471444175252,
    0.05520811213218894,
    0.019953237570743042,
    0.03135648382419044,
    0.012846015202868842,
    0.050000968288782095,
    0.028192376805605816,
    0.04608722548810647,
    0.04581541663132428
  ],
  "1_5": [
    -0.22515347840500646,
    -0.15106420498398318,
    0.10271524347676246,
    -0.0017889778120809552,
    0.10173282930179618,
    0.1217424924734984,
    0.06062410211867335,
    0.0385603029088073,
    0.17227478934025992,
    -0.029273074692129628
  ]
}