{
  "1_1": [
    0.5050342720856211,
    0.38880221744863447,
    0.35191292585987666,
    0.2339746130729311,
    0.21847074963859725,
    0.2701140352366556,
    -0.03802882305579881,
    0.17565174760090815,
    0.09347432805931476,
    0.305212171591938
  ],
  "0_8": [
    0.3967717969549191,
    0.29346752706467333,
    0.39154025980750407,
    0.4161623198489536,
    0.3323252024066359,
    0.43564233552525256,
    0.3569155161980615,
    0.3906882737551748,
    0.22610578267251044,
    0.5069196681759005
  ],
  "0_7": [
    0.33346824341441705,
    0.3091521900994339,
    0.2596534536845494,
    0.2709776969661747,
    0.35902621066299373,
    0.38599910082123506,
    0.22527023491212286,
    0.2188791401975409,
    0.519766062881209,
    0.36290593754494893
  ],
  "1_8": [
    0.08116561127787535,
    0.15088221945562916,
    0.3901921928196394,
    0.257171310504462,
    0.247211895784817,
    0.13241073284883087,
    0.2635628991465523,
    0.4814216411148933,
    0.5340717854914637,
    0.3912008278000951
  ],
  "0_4": [
    0.3528299642827418,
    0.2932753234644087,
    0.41947374824034206,
    0.40979532571643507,
    0.2681609849642492,
    0.26431521568700245,
    0.27830168552713397,
    0.33701914021817214,
    0.34931548356160175,
    0.22545379298585044
  ],
  "1_2": [
    0.34330361929700237,
    0.6092041366767543,
    0.3746532898258867,
    0.9421985725202635,
    0.4010096320303599,
    0.2755214076239333,
    0.31330096003779934,
    0.10213056766735272,
    0.25096060069154763,
    0.2579989469499754
  ],
  "0_2": [
    0.3056352434513478,
    0.35863422648768184,
    0.3285670673305359,
    0.46324705860141335,
    0.3477315052808166,
    0.3250677437991396,
    0.2961293357435997,
    0.3447221444738138,
    0.3688475103830253,
    0.37563451130449055
  ],
  "0_3": [
    0.3207396208055369,
    0.366363464239493,
    0.24560297020850544,
    0.5220205097049175,
    0.3256748298238168,
    0.36894521474048464,
    0.4198348198910035,
    0.3778442946319899,
    0.2906788295092287,
    0.3675863491007218
  ],
  "0_1": [
    0.3138059646724992,
    0.2920433602871356,
    0.32882131148513105,
    0.40708454696334073,
    0.4049716005154039,
    0.38021952849403506,
    0.349911749691205,
    0.4952959005787303,
    0.3320854434073598,
    0.3320008755095421
  ],
  "1_6": [
    0.3192480057552164,
    0.25673361856536975,
    -0.04868099348020999,
    0.007653408809702472,
    0.17654046017409558,
    0.30399117699783523,
    0.45235336152679706,
    0.35454806317873566,
    0.27064917917921105,
    0.4140472532229981
  ],
  "1_7": [
    0.2967346315875427,
    0.2634326783712051,
    0.1796884831547712,
    0.2677888608111663,
    0.19264581941902073,
    0.44744334585266726,
    0.664141851576281,
    0.4655351307870383,
    0.3443427512751328,
    0.43876081670975386
  ],
  "1_3": [
    0.2709065874354931,
    0.38012500050959835,
    0.5245325386807094,
    0.639435055201719,
    0.6173056824594513,
    0.35218147530848065,
    0.30122362665816516,
    0.28980528244321246,
    0.2117500004590032,
    0.14330769457346754
  ],
  "0_5": [
    0.3624542802041636,
    0.3605781141170602,
    0.31726046714789813,
    0.37027082356809043,
    0.5766394605450225,
    0.2839641995711542,
    0.4170999206826308,
    0.3751089950605149,
    0.33200096846320454,
    0.4141525161858141
  ],
  "0_6": [
    0.35024784834016237,
    0.268707895597593,
    0.4384193931017262,
    0.33464500030347094,
    0.31451768982452033,
    0.41798609507047046,
    0.5849905178448452,
    0.2798328107682558,
    0.3382315749668093,
    0.33787337640185333
  ],
  "1_9": [
    0.22159288766351962,
    0.06408219991546713,
    0.2701577520536016,
    0.08290938841955778,
    0.22573807958963898,
    0.3742969442908983,
    0.459134083287806,
    0.16864711911426855,
    0.7588003460066383,
    0.5261494088080119
  ],
  "0_9": [
    0.41518801858332466,
    0.3752438659415134,
    0.3836485811966512,
    0.35898794899486275,
    0.2780589918061632,
    0.42672892643658417,
    0.3352982277841568,
    0.3226389920304315,
    0.5634178612788571,
    0.3428935725226844
  ],
  "1_0": [
    0.7953745711824539,
    0.6117523048209071,
    0.23996983458690582,
    0.34413648115526907,
    0.3783876942456922,
    -0.021832885059761317,
    0.22273075110215632,
    0.3027160731434984,
    0.10516400899416055,
    0.08151097162625898
  ],
  "1_4": [
    0.6072530923915741,
    0.5417076443842997,
    0.3092483310120937,
    0.9155859221224437,
    0.5708313206266573,
    0.6033806980552586,
    0.6221035667640216,
    0.2176566121169423,
    0.40057263946079236,
    0.2883236522876578
  ],
  "0_0": [
    0.436362391338198,
    0.36308178328646284,
    0.48345602171168844,
    0.29762251844502285,
    0.2881851540476678,
    0.42613769572151033,
    0.28885861548335584,
    0.3569574322359266,
    0.22733549593561944,
    0.3438890839614635
  ],
  "1_5": [
    0.3413997152505647,
    0.2897088054795903,
    0.435139197811937,
    0.38208607828319696,
    0.603630834823859,
    0.5610171602850595,
    0.9530072228305446,
    0.6331477452906035,
    0.028984413865327747,
    0.36856702902388694
  ]
}