{
  "1_1": [
    0.5237289280485992,
    0.8467379539973992,
    0.5323263680685087,
    0.3968596205708159,
    0.4115315773114255,
    0.33394076135923034,
    0.2169548886382325,
    0.13564592930006597,
    0.21682923258145972,
    0.3194813728871601
  ],
  "0_8": [
    0.4894569339122261,
    0.5141250105113021,
    0.468324738037786,
    0.49460326141822925,
    0.49076021250846247,
    0.5345872072017559,
    0.50055575477146,
    0.49324684167554667,
    0.5057363954935292,
    0.6896424361357146
  ],
  "0_7": [
    0.5301101054816771,
    0.42641141653414294,
    0.3454858219369149,
    0.4597275129851608,
    0.5791984976468659,
    0.5095042796330012,
    0.32066122562766797,
    0.4141926154155685,
    0.6608237663791819,
    0.5157379206860517
  ],
  "1_8": [
    0.1386303161982081,
    0.3137814671368815,
    0.31399581750167976,
    0.30172014037514727,
    0.18635908113315594,
    0.14671471099159084,
    0.45347783290979493,
    0.5611426135737343,
    0.6086048158270555,
    0.8062780455862522
  ],
  "0_4": [
    0.46456935878612643,
    0.46127373316480685,
    0.5641149888108813,
    0.542382066071886,
    0.6978491581049915,
    0.4657752627815693,
    0.4168584868858127,
    0.48500457490754556,
    0.5372718500590552,
    0.4243407563832106
  ],
  "1_2": [
    0.6373387450341268,
    0.6872178429178374,
    0.6489617455425085,
    0.9060611303369717,
    0.5477502457536471,
    0.34384563662556045,
    0.419720278625332,
    0.42979438441987616,
    0.36335220684063196,
    0.21374195854973113
  ],
  "0_2": [
    0.5110481422936193,
    0.4769090501991734,
    0.6030343926450087,
    0.6762805291974241,
    0.46692789397260914,
    0.566443495103685,
    0.4101886363234098,
    0.44091392704922033,
    0.46439544015848666,
    0.49898889641921307
  ],
  "0_3": [
    0.4727564529076694,
    0.4923292804096627,
    0.4815600577515471,
    0.6336801286330411,
    0.5621554487857494,
    0.5020044629076584,
    0.5382590294169597,
    0.7317131744441052,
    0.43705679005938125,
    0.4899584657035279
  ],
  "0_1": [
    0.5097676953805459,
    0.5743807484463215,
    0.4649472267708392,
    0.5022893915182198,
    0.6951025699822827,
    0.4880971601382233,
    0.4540970354508629,
    0.601378847092016,
    0.4600588121961578,
    0.41410680258062293
  ],
  "1_6": [
    0.46056484210493526,
    0.271666054751886,
    -0.02966544043957587,
    0.315573224976426,
    0.4297344958721137,
    0.534410807963186,
    0.5726057866901305,
    1.0297462573841,
    0.23342358783116457,
    0.5091447899845188
  ],
  "1_7": [
    0.2721085486489951,
    0.2288609443453673,
    0.42687698399548407,
    0.6442206659692471,
    0.5653689497172725,
    0.4592811834992069,
    0.986463126753862,
    0.7789605017331817,
    0.7090906647164272,
    0.7255314459895721
  ],
  "1_3": [
    0.3966520955544858,
    0.4738141353882231,
    0.5344971038338437,
    0.6592433584128182,
    0.6326252724686942,
    0.5123009742276066,
    0.45027648285163835,
    0.3948311888656273,
    0.22127935454233716,
    0.3423182573524167
  ],
  "0_5": [
    0.4606335744846018,
    0.45620205158880356,
    0.6123184890831325,
    0.49744784717148854,
    0.7210554768603739,
    0.4163410946072817,
    0.4838354487330266,
    0.5429146379287618,
    0.441839529763487,
    0.5122723906537445
  ],
  "0_6": [
    0.4392394769310673,
    0.482137732227908,
    0.5528601332437512,
    0.5707381679226217,
    0.5501944525207885,
    0.5652860662643919,
    0.711919496339084,
    0.3700810107985114,
    0.510665003333773,
    0.5206877163273065
  ],
  "1_9": [
    0.25098008669141103,
    0.23191755283693039,
    0.35761437994664574,
    0.0915157514626591,
    0.4643532618210138,
    0.5862681641393616,
    0.571074319835121,
    0.3806597938591202,
    1.0018703575647276,
    0.6999431873497742
  ],
  "0_9": [
    0.5540191213549533,
    0.48463911132014403,
    0.5968396268576929,
    0.5442644408303076,
    0.5902178212610951,
    0.5488507039771524,
    0.5054401277116533,
    0.518477667227846,
    0.6907906997861116,
    0.5825595339482228
  ],
  "1_0": [
    0.8026381558660851,
    0.7897506744630571,
    0.3485910614483379,
    0.48407608499283744,
    0.4589060349486065,
    0.24038142317093958,
    0.3066506194576692,
    0.39725927946941353,
    0.2712062210749089,
    0.3541055886952125
  ],
  "1_4": [
    0.6487816703519892,
    0.4674680648425008,
    0.5601465814509422,
    1.0784558138702207,
    0.7079477939540305,
    0.6862946776937529,
    0.6301178098905911,
    0.5781897906367032,
    0.35987252032136946,
    0.6013638510295524
  ],
  "0_0": [
    0.4917694940463097,
    0.5660352797772564,
    0.7409936207861638,
    0.3597863232516922,
    0.50374546529077,
    0.4980288435554137,
    0.5541832488604941,
    0.5410944411812374,
    0.2891369394852514,
    0.5043566869323285
  ],
  "1_5": [
    0.5250618586441439,
    0.40331068557517435,
    0.5288173601669648,
    0.5036237625893648,
    0.6696706317093385,
    0.8115753653209596,
    1.149283025309647,
    0.4177965289603557,
    0.3438928851866612,
    0.6457664575379598
  ]
}