{
  "1_1": [
    1.0799026653780803,
    0.6923480099961381,
    0.8571684148607095,
    0.35143671060675485,
    0.30282031764505474,
    0.49533686404737653,
    0.38052837672394835,
    0.3595041686918654,
    0.2519171282741652,
    0.6369781915083201
  ],
  "0_8": [
    0.7229733003470137,
    0.5973517389143082,
    0.7258210805352961,
    0.7348436888269279,
    0.7308929634348182,
    0.6702552515990631,
    0.693767820704177,
    0.6568360846706278,
    0.7110499559305842,
    0.9229046116456834
  ],
  "0_7": [
    0.7320094576258016,
    0.6810165118500343,
    0.6905624712187313,
    0.635650925371683,
    0.9928036768974062,
    0.7550801899116363,
    0.6596199606960254,
    0.6785293449974648,
    0.8148010426935942,
    0.6587665087418212
  ],
  "1_8": [
    0.22465262629491808,
    0.13566412474504586,
    0.3140314551966785,
    0.5709728815560919,
    0.2536985987915747,
    0.18510947716932422,
    0.569868695895391,
    0.7179216797615964,
    0.7277587690616776,
    1.042646947043247
  ],
  "0_4": [
    0.6783339701958023,
    0.6502509747483208,
    0.7100104282320372,
    0.6366436583519519,
    1.0025377912961888,
    0.6998039814816855,
    0.6235030649197114,
    0.6572191667178392,
    0.6960060457852856,
    0.6004094417203105
  ],
  "1_2": [
    0.7216162750290969,
    1.1833090886964313,
    0.9655468038935265,
    0.8985920875589427,
    0.7115935137370804,
    0.6466954324935407,
    0.34977971943200964,
    0.3996900243529308,
    0.5837297587479767,
    0.3543081494934534
  ],
  "0_2": [
    0.6241551499516098,
    0.6465109645845972,
    0.7266538325607541,
    0.9422634312314563,
    0.690246518659941,
    0.6854013731778461,
    0.592381751866744,
    0.6746612258416324,
    0.6486861475832991,
    0.6638531729645032
  ],
  "0_3": [
    0.7582193519500023,
    0.7071462863901491,
    0.9253744099007787,
    0.8026272194677294,
    0.8880318335594193,
    0.6741815736675857,
    0.6287474240986667,
    0.7566813885265536,
    0.7709709278559893,
    0.6309761484268052
  ],
  "0_1": [
    0.7218417326221876,
    0.7702568636089719,
    0.5661579729644409,
    0.7528048476195555,
    1.119304804109544,
    0.693173212564302,
    0.802439820227805,
    0.7219163553240248,
    0.508459821694246,
    0.5895887634474954
  ],
  "1_6": [
    0.8011389106038733,
    0.5753857073452189,
    0.37497782095808585,
    0.5040552705186272,
    0.4585662488804206,
    0.8891475321232225,
    0.7939694909773571,
    1.3678429239985812,
    0.5588292859090186,
    0.7564314574726518
  ],
  "1_7": [
    0.5641601228887333,
    0.6495310829738976,
    0.4175245241572688,
    0.8995772105811936,
    0.7254402942027617,
    0.3798362042673602,
    0.855823359076286,
    0.9182163424425719,
    0.8865005966393534,
    1.2605013433979488
  ],
  "1_3": [
    0.5828986743243234,
    0.5055250316757799,
    0.6574122928316963,
    0.969984368421092,
    0.8464161813482078,
    0.6682655221697701,
    0.4125915114322891,
    0.5287873783390711,
    0.6102501244224885,
    0.4782057176849658
  ],
  "0_5": [
    0.641977973836232,
    0.7646062930152032,
    0.7702675976915964,
    0.7011623618265359,
    0.6960409214072187,
    0.6839203384742601,
    0.9247360986816844,
    0.699592794480282,
    0.692824881041122,
    0.6312586708452226
  ],
  "0_6": [
    0.5696364710125754,
    0.626775446557127,
    0.765876962431654,
    0.7711661618889758,
    0.6918705341183751,
    0.6378427982986008,
    1.0858646033140809,
    0.4677871998956181,
    0.614791498941735,
    0.6715711745822137
  ],
  "1_9": [
    0.3861588579346461,
    0.4453570803144131,
    0.6684130708750068,
    0.23431675449781136,
    0.8134432019628139,
    0.8047804129369024,
    0.6441096555977462,
    0.4889497002953249,
    1.2427505558915866,
    0.9258197491953712
  ],
  "0_9": [
    0.6273358428971221,
    0.6270547443450691,
    0.7204954795877352,
    0.9289895772511906,
    0.715858265748536,
    0.7686521544174318,
    0.6470769961450893,
    0.7264528967147925,
    0.7516918242581736,
    0.7278131710362776
  ],
  "1_0": [
    0.8394052369295375,
    1.2949683443069793,
    0.4853122636955477,
    0.7172498484002642,
    0.24478190296672175,
    0.30527797776901056,
    0.5270576135038034,
    0.4632804183493895,
    0.5618769250143689,
    0.41718712130007324
  ],
  "1_4": [
    0.8482130772634479,
    0.8193362239916437,
    0.6586507791862881,
    1.2635786750746059,
    0.9003002062797989,
    1.0034833973680772,
    0.764651919552521,
    0.9298698016264281,
    0.452119816405354,
    0.648360056298844
  ],
  "0_0": [
    0.7320070983421963,
    0.6983914568851938,
    0.8344749118526025,
    0.5407184641591932,
    0.547378857167255,
    0.5865109706346872,
    0.6991147001786566,
    0.6742045163300059,
    0.5196506558838966,
    0.6601727746297625
  ],
  "1_5": [
    0.5397101047137189,
    0.7883329220322939,
    0.8525278144349564,
    0.6938473565645334,
    0.8700335708346093,
    1.0273096654289726,
    1.3068532265502792,
    0.7600413018921472,
    0.6660246078082499,
    0.6482248955415937
  ]
}