{
  "0": [
    0.4125,
    0.331528,
    0.13325,
    -0.086912,
    -0.254517,
    -0.350152,
    -0.392487,
    -0.407275,
    -0.41139,
    -0.412309
  ],
  "1": [
    0.331528,
    0.4125,
    0.331528,
    0.13325,
    -0.086912,
    -0.254517,
    -0.350152,
    -0.392487,
    -0.407275,
    -0.41139
  ],
  "2": [
    0.13325,
    0.331528,
    0.4125,
    0.331528,
    0.13325,
    -0.086912,
    -0.254517,
    -0.350152,
    -0.392487,
    -0.407275
  ],
  "3": [
    -0.086912,
    0.13325,
    0.331528,
    0.4125,
    0.331528,
    0.13325,
    -0.086912,
    -0.254517,
    -0.350152,
    -0.392487
  ],
  "4": [
    -0.254517,
    -0.086912,
    0.13325,
    0.331528,
    0.4125,
    0.331528,
    0.13325,
    -0.086912,
    -0.254517,
    -0.350152
  ],
  "5": [
    -0.350152,
    -0.254517,
    -0.086912,
    0.13325,
    0.331528,
    0.4125,
    0.331528,
    0.13325,
    -0.086912,
    -0.254517
  ],
  "6": [
    -0.392487,
    -0.350152,
    -0.254517,
    -0.086912,
    0.13325,
    0.331528,
    0.4125,
    0.331528,
    0.13325,
    -0.086912
  ],
  "7": [
    -0.407275,
    -0.392487,
    -0.350152,
    -0.254517,
    -0.086912,
    0.13325,
    0.331528,
    0.4125,
    0.331528,
    0.13325
  ],
  "8": [
    -0.41139,
    -0.407275,
    -0.392487,
    -0.350152,
    -0.254517,
    -0.086912,
    0.13325,
    0.331528,
    0.4125,
    0.331528
  ],
  "9": [
    -0.412309,
    -0.41139,
    -0.407275,
    -0.392487,
    -0.350152,
    -0.254517,
    -0.086912,
    0.13325,
    0.331528,
    0.4125
  ],
  "0_0": [
    6.875,
    2.0625,
    -5.5,
    -6.1875,
    -6.875,
    -7.5625,
    -8.25,
    -8.9375,
    -9.625,
    -10.3125
  ],
  "0_1": [
    2.0625,
    6.875,
    2.0625,
    -5.5,
    -6.1875,
    -6.875,
    -7.5625,
    -8.25,
    -8.9375,
    -9.625
  ],
  "0_2": [
    -5.5,
    2.0625,
    6.875,
    2.0625,
    -5.5,
    -6.1875,
    -6.875,
    -7.5625,
    -8.25,
    -8.9375
  ],
  "0_3": [
    -6.1875,
    -5.5,
    2.0625,
    6.875,
    2.0625,
    -5.5,
    -6.1875,
    -6.875,
    -7.5625,
    -8.25
  ],
  "0_4": [
    -6.875,
    -6.1875,
    -5.5,
    2.0625,
    6.875,
    2.0625,
    -5.5,
    -6.1875,
    -6.875,
    -7.5625
  ],
  "0_5": [
    -7.5625,
    -6.875,
    -6.1875,
    -5.5,
    2.0625,
    6.875,
    2.0625,
    -5.5,
    -6.1875,
    -6.875
  ],
  "0_6": [
    -8.25,
    -7.5625,
    -6.875,
    -6.1875,
    -5.5,
    2.0625,
    6.875,
    2.0625,
    -5.5,
    -6.1875
  ],
  "0_7": [
    -8.9375,
    -8.25,
    -7.5625,
    -6.875,
    -6.1875,
    -5.5,
    2.0625,
    6.875,
    2.0625,
    -5.5
  ],
  "0_8": [
    -9.625,
    -8.9375,
    -8.25,
    -7.5625,
    -6.875,
    -6.1875,
    -5.5,
    2.0625,
    6.875,
    2.0625
  ],
  "0_9": [
    -10.3125,
    -9.625,
    -8.9375,
    -8.25,
    -7.5625,
    -6.875,
    -6.1875,
    -5.5,
    2.0625,
    6.875
  ],
  "1_0": [
    6.875,
    2.0625,
    -5.5,
    -6.1875,
    -6.875,
    -7.5625,
    -8.25,
    -8.9375,
    -9.625,
    -10.3125
  ],
  "1_1": [
    2.0625,
    6.875,
    2.0625,
    -5.5,
    -6.1875,
    -6.875,
    -7.5625,
    -8.25,
    -8.9375,
    -9.625
  ],
  "1_2": [
    -5.5,
    2.0625,
    6.875,
    2.0625,
    -5.5,
    -6.1875,
    -6.875,
    -7.5625,
    -8.25,
    -8.9375
  ],
  "1_3": [
    -6.1875,
    -5.5,
    2.0625,
    6.875,
    2.0625,
    -5.5,
    -6.1875,
    -6.875,
    -7.5625,
    -8.25
  ],
  "1_4": [
    -6.875,
    -6.1875,
    -5.5,
    2.0625,
    6.875,
    2.0625,
    -5.5,
    -6.1875,
    -6.875,
    -7.5625
  ],
  "1_5": [
    -7.5625,
    -6.875,
    -6.1875,
    -5.5,
    2.0625,
    6.875,
    2.0625,
    -5.5,
    -6.1875,
    -6.875
  ],
  "1_6": [
    -8.25,
    -7.5625,
    -6.875,
    -6.1875,
    -5.5,
    2.0625,
    6.875,
    2.0625,
    -5.5,
    -6.1875
  ],
  "1_7": [
    -8.9375,
    -8.25,
    -7.5625,
    -6.875,
    -6.1875,
    -5.5,
    2.0625,
    6.875,
    2.0625,
    -5.5
  ],
  "1_8": [
    -9.625,
    -8.9375,
    -8.25,
    -7.5625,
    -6.875,
    -6.1875,
    -5.5,
    2.0625,
    6.875,
    2.0625
  ],
  "1_9": [
    -10.3125,
    -9.625,
    -8.9375,
    -8.25,
    -7.5625,
    -6.875,
    -6.1875,
    -5.5,
    2.0625,
    6.875
  ],
  "2_0": [
    6.875,
    2.0625,
    -5.5,
    -6.1875,
    -6.875,
    -7.5625,
    -8.25,
    -8.9375,
    -9.625,
    -10.3125
  ],
  "2_1": [
    2.0625,
    6.875,
    2.0625,
    -5.5,
    -6.1875,
    -6.875,
    -7.5625,
    -8.25,
    -8.9375,
    -9.625
  ],
  "2_2": [
    -5.5,
    2.0625,
    6.875,
    2.0625,
    -5.5,
    -6.1875,
    -6.875,
    -7.5625,
    -8.25,
    -8.9375
  ],
  "2_3": [
    -6.1875,
    -5.5,
    2.0625,
    6.875,
    2.0625,
    -5.5,
    -6.1875,
    -6.875,
    -7.5625,
    -8.25
  ],
  "2_4": [
    -6.875,
    -6.1875,
    -5.5,
    2.0625,
    6.875,
    2.0625,
    -5.5,
    -6.1875,
    -6.875,
    -7.5625
  ],
  "2_5": [
    -7.5625,
    -6.875,
    -6.1875,
    -5.5,
    2.0625,
    6.875,
    2.0625,
    -5.5,
    -6.1875,
    -6.875
  ],
  "2_6": [
    -8.25,
    -7.5625,
    -6.875,
    -6.1875,
    -5.5,
    2.0625,
    6.875,
    2.0625,
    -5.5,
    -6.1875
  ],
  "2_7": [
    -8.9375,
    -8.25,
    -7.5625,
    -6.875,
    -6.1875,
    -5.5,
    2.0625,
    6.875,
    2.0625,
    -5.5
  ],
  "2_8": [
    -9.625,
    -8.9375,
    -8.25,
    -7.5625,
    -6.875,
    -6.1875,
    -5.5,
    2.0625,
    6.875,
    2.0625
  ],
  "2_9": [
    -10.3125,
    -9.625,
    -8.9375,
    -8.25,
    -7.5625,
    -6.875,
    -6.1875,
    -5.5,
    2.0625,
    6.875
  ],
  "3_0": [
    6.875,
    2.0625,
    -5.5,
    -6.1875,
    -6.875,
    -7.5625,
    -8.25,
    -8.9375,
    -9.625,
    -10.3125
  ],
  "3_1": [
    2.0625,
    6.875,
    2.0625,
    -5.5,
    -6.1875,
    -6.875,
    -7.5625,
    -8.25,
    -8.9375,
    -9.625
  ],
  "3_2": [
    -5.5,
    2.0625,
    6.875,
    2.0625,
    -5.5,
    -6.1875,
    -6.875,
    -7.5625,
    -8.25,
    -8.9375
  ],
  "3_3": [
    -6.1875,
    -5.5,
    2.0625,
    6.875,
    2.0625,
    -5.5,
    -6.1875,
    -6.875,
    -7.5625,
    -8.25
  ],
  "3_4": [
    -6.875,
    -6.1875,
    -5.5,
    2.0625,
    6.875,
    2.0625,
    -5.5,
    -6.1875,
    -6.875,
    -7.5625
  ],
  "3_5": [
    -7.5625,
    -6.875,
    -6.1875,
    -5.5,
    2.0625,
    6.875,
    2.0625,
    -5.5,
    -6.1875,
    -6.875
  ],
  "3_6": [
    -8.25,
    -7.5625,
    -6.875,
    -6.1875,
    -5.5,
    2.0625,
    6.875,
    2.0625,
    -5.5,
    -6.1875
  ],
  "3_7": [
    -8.9375,
    -8.25,
    -7.5625,
    -6.875,
    -6.1875,
    -5.5,
    2.0625,
    6.875,
    2.0625,
    -5.5
  ],
  "3_8": [
    -9.625,
    -8.9375,
    -8.25,
    -7.5625,
    -6.875,
    -6.1875,
    -5.5,
    2.0625,
    6.875,
    2.0625
  ],
  "3_9": [
    -10.3125,
    -9.625,
    -8.9375,
    -8.25,
    -7.5625,
    -6.875,
    -6.1875,
    -5.5,
    2.0625,
    6.875
  ],
  "4_0": [
    6.875,
    2.0625,
    -5.5,
    -6.1875,
    -6.875,
    -7.5625,
    -8.25,
    -8.9375,
    -9.625,
    -10.3125
  ],
  "4_1": [
    2.0625,
    6.875,
    2.0625,
    -5.5,
    -6.1875,
    -6.875,
    -7.5625,
    -8.25,
    -8.9375,
    -9.625
  ],
  "4_2": [
    -5.5,
    2.0625,
    6.875,
    2.0625,
    -5.5,
    -6.1875,
    -6.875,
    -7.5625,
    -8.25,
    -8.9375
  ],
  "4_3": [
    -6.1875,
    -5.5,
    2.0625,
    6.875,
    2.0625,
    -5.5,
    -6.1875,
    -6.875,
    -7.5625,
    -8.25
  ],
  "4_4": [
    -6.875,
    -6.1875,
    -5.5,
    2.0625,
    6.875,
    2.0625,
    -5.5,
    -6.1875,
    -6.875,
    -7.5625
  ],
  "4_5": [
    -7.5625,
    -6.875,
    -6.1875,
    -5.5,
    2.0625,
    6.875,
    2.0625,
    -5.5,
    -6.1875,
    -6.875
  ],
  "4_6": [
    -8.25,
    -7.5625,
    -6.875,
    -6.1875,
    -5.5,
    2.0625,
    6.875,
    2.0625,
    -5.5,
    -6.1875
  ],
  "4_7": [
    -8.9375,
    -8.25,
    -7.5625,
    -6.875,
    -6.1875,
    -5.5,
    2.0625,
    6.875,
    2.0625,
    -5.5
  ],