{
  "0": [
    0.41625,
    0.334542,
    0.134461,
    -0.087702,
    -0.25683,
    -0.353335,
    -0.396055,
    -0.410977,
    -0.41513,
    -0.416057
  ],
  "1": [
    0.334542,
    0.41625,
    0.334542,
    0.134461,
    -0.087702,
    -0.25683,
    -0.353335,
    -0.396055,
    -0.410977,
    -0.41513
  ],
  "2": [
    0.134461,
    0.334542,
    0.41625,
    0.334542,
    0.134461,
    -0.087702,
    -0.25683,
    -0.353335,
    -0.396055,
    -0.410977
  ],
  "3": [
    -0.087702,
    0.134461,
    0.334542,
    0.41625,
    0.334542,
    0.134461,
    -0.087702,
    -0.25683,
    -0.353335,
    -0.396055
  ],
  "4": [
    -0.25683,
    -0.087702,
    0.134461,
    0.334542,
    0.41625,
    0.334542,
    0.134461,
    -0.087702,
    -0.25683,
    -0.353335
  ],
  "5": [
    -0.353335,
    -0.25683,
    -0.087702,
    0.134461,
    0.334542,
    0.41625,
    0.334542,
    0.134461,
    -0.087702,
    -0.25683
  ],
  "6": [
    -0.396055,
    -0.353335,
    -0.25683,
    -0.087702,
    0.134461,
    0.334542,
    0.41625,
    0.334542,
    0.134461,
    -0.087702
  ],
  "7": [
    -0.410977,
    -0.396055,
    -0.353335,
    -0.25683,
    -0.087702,
    0.134461,
    0.334542,
    0.41625,
    0.334542,
    0.134461
  ],
  "8": [
    -0.41513,
    -0.410977,
    -0.396055,
    -0.353335,
    -0.25683,
    -0.087702,
    0.134461,
    0.334542,
    0.41625,
    0.334542
  ],
  "9": [
    -0.416057,
    -0.41513,
    -0.410977,
    -0.396055,
    -0.353335,
    -0.25683,
    -0.087702,
    0.134461,
    0.334542,
    0.41625
  ],
  "0_0": [
    6.9375,
    2.08125,
    -5.55,
    -6.24375,
    -6.9375,
    -7.63125,
    -8.325,
    -9.01875,
    -9.7125,
    -10.40625
  ],
  "0_1": [
    2.08125,
    6.9375,
    2.08125,
    -5.55,
    -6.24375,
    -6.9375,
    -7.63125,
    -8.325,
    -9.01875,
    -9.7125
  ],
  "0_2": [
    -5.55,
    2.08125,
    6.9375,
    2.08125,
    -5.55,
    -6.24375,
    -6.9375,
    -7.63125,
    -8.325,
    -9.01875
  ],
  "0_3": [
    -6.24375,
    -5.55,
    2.08125,
    6.9375,
    2.08125,
    -5.55,
    -6.24375,
    -6.9375,
    -7.63125,
    -8.325
  ],
  "0_4": [
    -6.9375,
    -6.24375,
    -5.55,
    2.08125,
    6.9375,
    2.08125,
    -5.55,
    -6.24375,
    -6.9375,
    -7.63125
  ],
  "0_5": [
    -7.63125,
    -6.9375,
    -6.24375,
    -5.55,
    2.08125,
    6.9375,
    2.08125,
    -5.55,
    -6.24375,
    -6.9375
  ],
  "0_6": [
    -8.325,
    -7.63125,
    -6.9375,
    -6.24375,
    -5.55,
    2.08125,
    6.9375,
    2.08125,
    -5.55,
    -6.24375
  ],
  "0_7": [
    -9.01875,
    -8.325,
    -7.63125,
    -6.9375,
    -6.24375,
    -5.55,
    2.08125,
    6.9375,
    2.08125,
    -5.55
  ],
  "0_8": [
    -9.7125,
    -9.01875,
    -8.325,
    -7.63125,
    -6.9375,
    -6.24375,
    -5.55,
    2.08125,
    6.9375,
    2.08125
  ],
  "0_9": [
    -10.40625,
    -9.7125,
    -9.01875,
    -8.325,
    -7.63125,
    -6.9375,
    -6.24375,
    -5.55,
    2.08125,
    6.9375
  ],
  "1_0": [
    6.9375,
    2.08125,
    -5.55,
    -6.24375,
    -6.9375,
    -7.63125,
    -8.325,
    -9.01875,
    -9.7125,
    -10.40625
  ],
  "1_1": [
    2.08125,
    6.9375,
    2.08125,
    -5.55,
    -6.24375,
    -6.9375,
    -7.63125,
    -8.325,
    -9.01875,
    -9.7125
  ],
  "1_2": [
    -5.55,
    2.08125,
    6.9375,
    2.08125,
    -5.55,
    -6.24375,
    -6.9375,
    -7.63125,
    -8.325,
    -9.01875
  ],
  "1_3": [
    -6.24375,
    -5.55,
    2.08125,
    6.9375,
    2.08125,
    -5.55,
    -6.24375,
    -6.9375,
    -7.63125,
    -8.325
  ],
  "1_4": [
    -6.9375,
    -6.24375,
    -5.55,
    2.08125,
    6.9375,
    2.08125,
    -5.55,
    -6.24375,
    -6.9375,
    -7.63125
  ],
  "1_5": [
    -7.63125,
    -6.9375,
    -6.24375,
    -5.55,
    2.08125,
    6.9375,
    2.08125,
    -5.55,
    -6.24375,
    -6.9375
  ],
  "1_6": [
    -8.325,
    -7.63125,
    -6.9375,
    -6.24375,
    -5.55,
    2.08125,
    6.9375,
    2.08125,
    -5.55,
    -6.24375
  ],
  "1_7": [
    -9.01875,
    -8.325,
    -7.63125,
    -6.9375,
    -6.24375,
    -5.55,
    2.08125,
    6.9375,
    2.08125,
    -5.55
  ],
  "1_8": [
    -9.7125,
    -9.01875,
    -8.325,
    -7.63125,
    -6.9375,
    -6.24375,
    -5.55,
    2.08125,
    6.9375,
    2.08125
  ],
  "1_9": [
    -10.40625,
    -9.7125,
    -9.01875,
    -8.325,
    -7.63125,
    -6.9375,
    -6.24375,
    -5.55,
    2.08125,
    6.9375
  ],
  "2_0": [
    6.9375,
    2.08125,
    -5.55,
    -6.24375,
    -6.9375,
    -7.63125,
    -8.325,
    -9.01875,
    -9.7125,
    -10.40625
  ],
  "2_1": [
    2.08125,
    6.9375,
    2.08125,
    -5.55,
    -6.24375,
    -6.9375,
    -7.63125,
    -8.325,
    -9.01875,
    -9.7125
  ],
  "2_2": [
    -5.55,
    2.08125,
    6.9375,
    2.08125,
    -5.55,
    -6.24375,
    -6.9375,
    -7.63125,
    -8.325,
    -9.01875
  ],
  "2_3": [
    -6.24375,
    -5.55,
    2.08125,
    6.9375,
    2.08125,
    -5.55,
    -6.24375,
    -6.9375,
    -7.63125,
    -8.325
  ],
  "2_4": [
    -6.9375,
    -6.24375,
    -5.55,
    2.08125,
    6.9375,
    2.08125,
    -5.55,
    -6.24375,
    -6.9375,
    -7.63125
  ],
  "2_5": [
    -7.63125,
    -6.9375,
    -6.24375,
    -5.55,
    2.08125,
    6.9375,
    2.08125,
    -5.55,
    -6.24375,
    -6.9375
  ],
  "2_6": [
    -8.325,
    -7.63125,
    -6.9375,
    -6.24375,
    -5.55,
    2.08125,
    6.9375,
    2.08125,
    -5.55,
    -6.24375
  ],
  "2_7": [
    -9.01875,
    -8.325,
    -7.63125,
    -6.9375,
    -6.24375,
    -5.55,
    2.08125,
    6.9375,
    2.08125,
    -5.55
  ],
  "2_8": [
    -9.7125,
    -9.01875,
    -8.325,
    -7.63125,
    -6.9375,
    -6.24375,
    -5.55,
    2.08125,
    6.9375,
    2.08125
  ],
  "2_9": [
    -10.40625,
    -9.7125,
    -9.01875,
    -8.325,
    -7.63125,
    -6.9375,
    -6.24375,
    -5.55,
    2.08125,
    6.9375
  ],
  "3_0": [
    6.9375,
    2.08125,
    -5.55,
    -6.24375,
    -6.9375,
    -7.63125,
    -8.325,
    -9.01875,
    -9.7125,
    -10.40625
  ],
  "3_1": [
    2.08125,
    6.9375,
    2.08125,
    -5.55,
    -6.24375,
    -6.9375,
    -7.63125,
    -8.325,
    -9.01875,
    -9.7125
  ],
  "3_2": [
    -5.55,
    2.08125,
    6.9375,
    2.08125,
    -5.55,
    -6.24375,
    -6.9375,
    -7.63125,
    -8.325,
    -9.01875
  ],
  "3_3": [
    -6.24375,
    -5.55,
    2.08125,
    6.9375,
    2.08125,
    -5.55,
    -6.24375,
    -6.9375,
    -7.63125,
    -8.325
  ],
  "3_4": [
    -6.9375,
    -6.24375,
    -5.55,
    2.08125,
    6.9375,
    2.08125,
    -5.55,
    -6.24375,
    -6.9375,
    -7.63125
  ],
  "3_5": [
    -7.63125,
    -6.9375,
    -6.24375,
    -5.55,
    2.08125,
    6.9375,
    2.08125,
    -5.55,
    -6.24375,
    -6.9375
  ],
  "3_6": [
    -8.325,
    -7.63125,
    -6.9375,
    -6.24375,
    -5.55,
    2.08125,
    6.9375,
    2.08125,
    -5.55,
    -6.24375
  ],
  "3_7": [
    -9.01875,
    -8.325,
    -7.63125,
    -6.9375,
    -6.24375,
    -5.55,
    2.08125,
    6.9375,
    2.08125,
    -5.55
  ],
  "3_8": [
    -9.7125,
    -9.01875,
    -8.325,
    -7.63125,
    -6.9375,
    -6.24375,
    -5.55,
    2.08125,
    6.9375,
    2.08125
  ],
  "3_9": [
    -10.40625,
    -9.7125,
    -9.01875,
    -8.325,
    -7.63125,
    -6.9375,
    -6.24375,
    -5.55,
    2.08125,
    6.9375
  ],
  "4_0": [
    6.9375,
    2.08125,
    -5.55,
    -6.24375,
    -6.9375,
    -7.63125,
    -8.325,
    -9.01875,
    -9.7125,
    -10.40625
  ],
  "4_1": [
    2.08125,
    6.9375,
    2.08125,
    -5.55,
    -6.24375,
    -6.9375,
    -7.63125,
    -8.325,
    -9.01875,
    -9.7125
  ],
  "4_2": [
    -5.55,
    2.08125,
    6.9375,
    2.08125,
    -5.55,
    -6.24375,
    -6.9375,
    -7.63125,
    -8.325,
    -9.01875
  ],
  "4_3": [
    -6.24375,
    -5.55,
    2.08125,
    6.9375,
    2.08125,
    -5.55,
    -6.24375,
    -6.9375,
    -7.63125,
    -8.325
  ],