{
  "0": [
    0.35625,
    0.286319,
    0.115079,
    -0.075061,
    -0.21981,
    -0.302404,
    -0.338966,
    -0.351738,
    -0.355292,
    -0.356085
  ],
  "1": [
    0.286319,
    0.35625,
    0.286319,
    0.115079,
    -0.075061,
    -0.21981,
    -0.302404,
    -0.338966,
    -0.351738,
    -0.355292
  ],
  "2": [
    0.115079,
    0.286319,
    0.35625,
    0.286319,
    0.115079,
    -0.075061,
    -0.21981,
    -0.302404,
    -0.338966,
    -0.351738
  ],
  "3": [
    -0.075061,
    0.115079,
    0.286319,
    0.35625,
    0.286319,
    0.115079,
    -0.075061,
    -0.21981,
    -0.302404,
    -0.338966
  ],
  "4": [
    -0.21981,
    -0.075061,
    0.115079,
    0.286319,
    0.35625,
    0.286319,
    0.115079,
    -0.075061,
    -0.21981,
    -0.302404
  ],
  "5": [
    -0.302404,
    -0.21981,
    -0.075061,
    0.115079,
    0.286319,
    0.35625,
    0.286319,
    0.115079,
    -0.075061,
    -0.21981
  ],
  "6": [
    -0.338966,
    -0.302404,
    -0.21981,
    -0.075061,
    0.115079,
    0.286319,
    0.35625,
    0.286319,
    0.115079,
    -0.075061
  ],
  "7": [
    -0.351738,
    -0.338966,
    -0.302404,
    -0.21981,
    -0.075061,
    0.115079,
    0.286319,
    0.35625,
    0.286319,
    0.115079
  ],
  "8": [
    -0.355292,
    -0.351738,
    -0.338966,
    -0.302404,
    -0.21981,
    -0.075061,
    0.115079,
    0.286319,
    0.35625,
    0.286319
  ],
  "9": [
    -0.356085,
    -0.355292,
    -0.351738,
    -0.338966,
    -0.302404,
    -0.21981,
    -0.075061,
    0.115079,
    0.286319,
    0.35625
  ],
  "0_0": [
    5.9375,
    1.78125,
    -4.75,
    -5.34375,
    -5.9375,
    -6.53125,
    -7.125,
    -7.71875,
    -8.3125,
    -8.90625
  ],
  "0_1": [
    1.78125,
    5.9375,
    1.78125,
    -4.75,
    -5.34375,
    -5.9375,
    -6.53125,
    -7.125,
    -7.71875,
    -8.3125
  ],
  "0_2": [
    -4.75,
    1.78125,
    5.9375,
    1.78125,
    -4.75,
    -5.34375,
    -5.9375,
    -6.53125,
    -7.125,
    -7.71875
  ],
  "0_3": [
    -5.34375,
    -4.75,
    1.78125,
    5.9375,
    1.78125,
    -4.75,
    -5.34375,
    -5.9375,
    -6.53125,
    -7.125
  ],
  "0_4": [
    -5.9375,
    -5.34375,
    -4.75,
    1.78125,
    5.9375,
    1.78125,
    -4.75,
    -5.34375,
    -5.9375,
    -6.53125
  ],
  "0_5": [
    -6.53125,
    -5.9375,
    -5.34375,
    -4.75,
    1.78125,
    5.9375,
    1.78125,
    -4.75,
    -5.34375,
    -5.9375
  ],
  "0_6": [
    -7.125,
    -6.53125,
    -5.9375,
    -5.34375,
    -4.75,
    1.78125,
    5.9375,
    1.78125,
    -4.75,
    -5.34375
  ],
  "0_7": [
    -7.71875,
    -7.125,
    -6.53125,
    -5.9375,
    -5.34375,
    -4.75,
    1.78125,
    5.9375,
    1.78125,
    -4.75
  ],
  "0_8": [
    -8.3125,
    -7.71875,
    -7.125,
    -6.53125,
    -5.9375,
    -5.34375,
    -4.75,
    1.78125,
    5.9375,
    1.78125
  ],
  "0_9": [
    -8.90625,
    -8.3125,
    -7.71875,
    -7.125,
    -6.53125,
    -5.9375,
    -5.34375,
    -4.75,
    1.78125,
    5.9375
  ],
  "1_0": [
    5.9375,
    1.78125,
    -4.75,
    -5.34375,
    -5.9375,
    -6.53125,
    -7.125,
    -7.71875,
    -8.3125,
    -8.90625
  ],
  "1_1": [
    1.78125,
    5.9375,
    1.78125,
    -4.75,
    -5.34375,
    -5.9375,
    -6.53125,
    -7.125,
    -7.71875,
    -8.3125
  ],
  "1_2": [
    -4.75,
    1.78125,
    5.9375,
    1.78125,
    -4.75,
    -5.34375,
    -5.9375,
    -6.53125,
    -7.125,
    -7.71875
  ],
  "1_3": [
    -5.34375,
    -4.75,
    1.78125,
    5.9375,
    1.78125,
    -4.75,
    -5.34375,
    -5.9375,
    -6.53125,
    -7.125
  ],
  "1_4": [
    -5.9375,
    -5.34375,
    -4.75,
    1.78125,
    5.9375,
    1.78125,
    -4.75,
    -5.34375,
    -5.9375,
    -6.53125
  ],
  "1_5": [
    -6.53125,
    -5.9375,
    -5.34375,
    -4.75,
    1.78125,
    5.9375,
    1.78125,
    -4.75,
    -5.34375,
    -5.9375
  ],
  "1_6": [
    -7.125,
    -6.53125,
    -5.9375,
    -5.34375,
    -4.75,
    1.78125,
    5.9375,
    1.78125,
    -4.75,
    -5.34375
  ],
  "1_7": [
    -7.71875,
    -7.125,
    -6.53125,
    -5.9375,
    -5.34375,
    -4.75,
    1.78125,
    5.9375,
    1.78125,
    -4.75
  ],
  "1_8": [
    -8.3125,
    -7.71875,
    -7.125,
    -6.53125,
    -5.9375,
    -5.34375,
    -4.75,
    1.78125,
    5.9375,
    1.78125
  ],
  "1_9": [
    -8.90625,
    -8.3125,
    -7.71875,
    -7.125,
    -6.53125,
    -5.9375,
    -5.34375,
    -4.75,
    1.78125,
    5.9375
  ],
  "2_0": [
    5.9375,
    1.78125,
    -4.75,
    -5.34375,
    -5.9375,
    -6.53125,
    -7.125,
    -7.71875,
    -8.3125,
    -8.90625
  ],
  "2_1": [
    1.78125,
    5.9375,
    1.78125,
    -4.75,
    -5.34375,
    -5.9375,
    -6.53125,
    -7.125,
    -7.71875,
    -8.3125
  ],
  "2_2": [
    -4.75,
    1.78125,
    5.9375,
    1.78125,
    -4.75,
    -5.34375,
    -5.9375,
    -6.53125,
    -7.125,
    -7.71875
  ],
  "2_3": [
    -5.34375,
    -4.75,
    1.78125,
    5.9375,
    1.78125,
    -4.75,
    -5.34375,
    -5.9375,
    -6.53125,
    -7.125
  ],
  "2_4": [
    -5.9375,
    -5.34375,
    -4.75,
    1.78125,
    5.9375,
    1.78125,
    -4.75,
    -5.34375,
    -5.9375,
    -6.53125
  ],
  "2_5": [
    -6.53125,
    -5.9375,
    -5.34375,
    -4.75,
    1.78125,
    5.9375,
    1.78125,
    -4.75,
    -5.34375,
    -5.9375
  ],
  "2_6": [
    -7.125,
    -6.53125,
    -5.9375,
    -5.34375,
    -4.75,
    1.78125,
    5.9375,
    1.78125,
    -4.75,
    -5.34375
  ],
  "2_7": [
    -7.71875,
    -7.125,
    -6.53125,
    -5.9375,
    -5.34375,
    -4.75,
    1.78125,
    5.9375,
    1.78125,
    -4.75
  ],
  "2_8": [
    -8.3125,
    -7.71875,
    -7.125,
    -6.53125,
    -5.9375,
    -5.34375,
    -4.75,
    1.78125,
    5.9375,
    1.78125
  ],
  "2_9": [
    -8.90625,
    -8.3125,
    -7.71875,
    -7.125,
    -6.53125,
    -5.9375,
    -5.34375,
    -4.75,
    1.78125,
    5.9375
  ],
  "3_0": [
    5.9375,
    1.78125,
    -4.75,
    -5.34375,
    -5.9375,
    -6.53125,
    -7.125,
    -7.71875,
    -8.3125,
    -8.90625
  ],
  "3_1": [
    1.78125,
    5.9375,
    1.78125,
    -4.75,
    -5.34375,
    -5.9375,
    -6.53125,
    -7.125,
    -7.71875,
    -8.3125
  ],
  "3_2": [
    -4.75,
    1.78125,
    5.9375,
    1.78125,
    -4.75,
    -5.34375,
    -5.9375,
    -6.53125,
    -7.125,
    -7.71875
  ],
  "3_3": [
    -5.34375,
    -4.75,
    1.78125,
    5.9375,
    1.78125,
    -4.75,
    -5.34375,
    -5.9375,
    -6.53125,
    -7.125
  ],
  "3_4": [
    -5.9375,
    -5.34375,
    -4.75,
    1.78125,
    5.9375,
    1.78125,
    -4.75,
    -5.34375,
    -5.9375,
    -6.53125
  ],
  "3_5": [
    -6.53125,
    -5.9375,
    -5.34375,
    -4.75,
    1.78125,
    5.9375,
    1.78125,
    -4.75,
    -5.34375,
    -5.9375
  ],
  "3_6": [
    -7.125,
    -6.53125,
    -5.9375,
    -5.34375,
    -4.75,
    1.78125,
    5.9375,
    1.78125,
    -4.75,
    -5.34375
  ],
  "3_7": [
    -7.71875,
    -7.125,
    -6.53125,
    -5.9375,
    -5.34375,
    -4.75,
    1.78125,
    5.9375,
    1.78125,
    -4.75
  ],
  "3_8": [
    -8.3125,
    -7.71875,
    -7.125,
    -6.53125,
    -5.9375,
    -5.34375,
    -4.75,
    1.78125,
    5.9375,
    1.78125
  ],
  "3_9": [
    -8.90625,
    -8.3125,
    -7.71875,
    -7.125,
    -6.53125,
    -5.9375,
    -5.34375,
    -4.75,
    1.78125,
    5.9375
  ],
  "4_0": [
    5.9375,
    1.78125,
    -4.75,
    -5.34375,
    -5.9375,
    -6.53125,
    -7.125,
    -7.71875,
    -8.3125,
    -8.90625
  ],
  "4_1": [
    1.78125,
    5.9375,
    1.78125,
    -4.75,
    -5.34375,
    -5.9375,
    -6.53125,
    -7.125,
    -7.71875,
    -8.3125
  ],
  "4_2": [
    -4.75,
    1.78125,
    5.9375,
    1.78125,
    -4.75,
    -5.34375,
    -5.9375,
    -6.53125,
    -7.125,
    -7.71875
  ],
  "4_3": [
    -5.34375,
    -4.75,
    1.78125,
    5.9375,
    1.78125,
    -4.75,
    -5.34375,
    -5.9375,
    -6.53125,
    -7.125
  ],