{
  "0": [
    0.3825,
    0.307417,
    0.123559,
    -0.080591,
    -0.236006,
    -0.324686,
    -0.363942,
    -0.377655,
    -0.381471,
    -0.382323
  ],
  "1": [
    0.307417,
    0.3825,
    0.307417,
    0.123559,
    -0.080591,
    -0.236006,
    -0.324686,
    -0.363942,
    -0.377655,
    -0.381471
  ],
  "2": [
    0.123559,
    0.307417,
    0.3825,
    0.307417,
    0.123559,
    -0.080591,
    -0.236006,
    -0.324686,
    -0.363942,
    -0.377655
  ],
  "3": [
    -0.080591,
    0.123559,
    0.307417,
    0.3825,
    0.307417,
    0.123559,
    -0.080591,
    -0.236006,
    -0.324686,
    -0.363942
  ],
  "4": [
    -0.236006,
    -0.080591,
    0.123559,
    0.307417,
    0.3825,
    0.307417,
    0.123559,
    -0.080591,
    -0.236006,
    -0.324686
  ],
  "5": [
    -0.324686,
    -0.236006,
    -0.080591,
    0.123559,
    0.307417,
    0.3825,
    0.307417,
    0.123559,
    -0.080591,
    -0.236006
  ],
  "6": [
    -0.363942,
    -0.324686,
    -0.236006,
    -0.080591,
    0.123559,
    0.307417,
    0.3825,
    0.307417,
    0.123559,
    -0.080591
  ],
  "7": [
    -0.377655,
    -0.363942,
    -0.324686,
    -0.236006,
    -0.080591,
    0.123559,
    0.307417,
    0.3825,
    0.307417,
    0.123559
  ],
  "8": [
    -0.381471,
    -0.377655,
    -0.363942,
    -0.324686,
    -0.236006,
    -0.080591,
    0.123559,
    0.307417,
    0.3825,
    0.307417
  ],
  "9": [
    -0.382323,
    -0.381471,
    -0.377655,
    -0.363942,
    -0.324686,
    -0.236006,
    -0.080591,
    0.123559,
    0.307417,
    0.3825
  ],
  "0_0": [
    6.375,
    1.9125,
    -5.1,
    -5.7375,
    -6.375,
    -7.0125,
    -7.65,
    -8.2875,
    -8.925,
    -9.5625
  ],
  "0_1": [
    1.9125,
    6.375,
    1.9125,
    -5.1,
    -5.7375,
    -6.375,
    -7.0125,
    -7.65,
    -8.2875,
    -8.925
  ],
  "0_2": [
    -5.1,
    1.9125,
    6.375,
    1.9125,
    -5.1,
    -5.7375,
    -6.375,
    -7.0125,
    -7.65,
    -8.2875
  ],
  "0_3": [
    -5.7375,
    -5.1,
    1.9125,
    6.375,
    1.9125,
    -5.1,
    -5.7375,
    -6.375,
    -7.0125,
    -7.65
  ],
  "0_4": [
    -6.375,
    -5.7375,
    -5.1,
    1.9125,
    6.375,
    1.9125,
    -5.1,
    -5.7375,
    -6.375,
    -7.0125
  ],
  "0_5": [
    -7.0125,
    -6.375,
    -5.7375,
    -5.1,
    1.9125,
    6.375,
    1.9125,
    -5.1,
    -5.7375,
    -6.375
  ],
  "0_6": [
    -7.65,
    -7.0125,
    -6.375,
    -5.7375,
    -5.1,
    1.9125,
    6.375,
    1.9125,
    -5.1,
    -5.7375
  ],
  "0_7": [
    -8.2875,
    -7.65,
    -7.0125,
    -6.375,
    -5.7375,
    -5.1,
    1.9125,
    6.375,
    1.9125,
    -5.1
  ],
  "0_8": [
    -8.925,
    -8.2875,
    -7.65,
    -7.0125,
    -6.375,
    -5.7375,
    -5.1,
    1.9125,
    6.375,
    1.9125
  ],
  "0_9": [
    -9.5625,
    -8.925,
    -8.2875,
    -7.65,
    -7.0125,
    -6.375,
    -5.7375,
    -5.1,
    1.9125,
    6.375
  ],
  "1_0": [
    6.375,
    1.9125,
    -5.1,
    -5.7375,
    -6.375,
    -7.0125,
    -7.65,
    -8.2875,
    -8.925,
    -9.5625
  ],
  "1_1": [
    1.9125,
    6.375,
    1.9125,
    -5.1,
    -5.7375,
    -6.375,
    -7.0125,
    -7.65,
    -8.2875,
    -8.925
  ],
  "1_2": [
    -5.1,
    1.9125,
    6.375,
    1.9125,
    -5.1,
    -5.7375,
    -6.375,
    -7.0125,
    -7.65,
    -8.2875
  ],
  "1_3": [
    -5.7375,
    -5.1,
    1.9125,
    6.375,
    1.9125,
    -5.1,
    -5.7375,
    -6.375,
    -7.0125,
    -7.65
  ],
  "1_4": [
    -6.375,
    -5.7375,
    -5.1,
    1.9125,
    6.375,
    1.9125,
    -5.1,
    -5.7375,
    -6.375,
    -7.0125
  ],
  "1_5": [
    -7.0125,
    -6.375,
    -5.7375,
    -5.1,
    1.9125,
    6.375,
    1.9125,
    -5.1,
    -5.7375,
    -6.375
  ],
  "1_6": [
    -7.65,
    -7.0125,
    -6.375,
    -5.7375,
    -5.1,
    1.9125,
    6.375,
    1.9125,
    -5.1,
    -5.7375
  ],
  "1_7": [
    -8.2875,
    -7.65,
    -7.0125,
    -6.375,
    -5.7375,
    -5.1,
    1.9125,
    6.375,
    1.9125,
    -5.1
  ],
  "1_8": [
    -8.925,
    -8.2875,
    -7.65,
    -7.0125,
    -6.375,
    -5.7375,
    -5.1,
    1.9125,
    6.375,
    1.9125
  ],
  "1_9": [
    -9.5625,
    -8.925,
    -8.2875,
    -7.65,
    -7.0125,
    -6.375,
    -5.7375,
    -5.1,
    1.9125,
    6.375
  ],
  "2_0": [
    6.375,
    1.9125,
    -5.1,
    -5.7375,
    -6.375,
    -7.0125,
    -7.65,
    -8.2875,
    -8.925,
    -9.5625
  ],
  "2_1": [
    1.9125,
    6.375,
    1.9125,
    -5.1,
    -5.7375,
    -6.375,
    -7.0125,
    -7.65,
    -8.2875,
    -8.925
  ],
  "2_2": [
    -5.1,
    1.9125,
    6.375,
    1.9125,
    -5.1,
    -5.7375,
    -6.375,
    -7.0125,
    -7.65,
    -8.2875
  ],
  "2_3": [
    -5.7375,
    -5.1,
    1.9125,
    6.375,
    1.9125,
    -5.1,
    -5.7375,
    -6.375,
    -7.0125,
    -7.65
  ],
  "2_4": [
    -6.375,
    -5.7375,
    -5.1,
    1.9125,
    6.375,
    1.9125,
    -5.1,
    -5.7375,
    -6.375,
    -7.0125
  ],
  "2_5": [
    -7.0125,
    -6.375,
    -5.7375,
    -5.1,
    1.9125,
    6.375,
    1.9125,
    -5.1,
    -5.7375,
    -6.375
  ],
  "2_6": [
    -7.65,
    -7.0125,
    -6.375,
    -5.7375,
    -5.1,
    1.9125,
    6.375,
    1.9125,
    -5.1,
    -5.7375
  ],
  "2_7": [
    -8.2875,
    -7.65,
    -7.0125,
    -6.375,
    -5.7375,
    -5.1,
    1.9125,
    6.375,
    1.9125,
    -5.1
  ],
  "2_8": [
    -8.925,
    -8.2875,
    -7.65,
    -7.0125,
    -6.375,
    -5.7375,
    -5.1,
    1.9125,
    6.375,
    1.9125
  ],
  "2_9": [
    -9.5625,
    -8.925,
    -8.2875,
    -7.65,
    -7.0125,
    -6.375,
    -5.7375,
    -5.1,
    1.9125,
    6.375
  ],
  "3_0": [
    6.375,
    1.9125,
    -5.1,
    -5.7375,
    -6.375,
    -7.0125,
    -7.65,
    -8.2875,
    -8.925,
    -9.5625
  ],
  "3_1": [
    1.9125,
    6.375,
    1.9125,
    -5.1,
    -5.7375,
    -6.375,
    -7.0125,
    -7.65,
    -8.2875,
    -8.925
  ],
  "3_2": [
    -5.1,
    1.9125,
    6.375,
    1.9125,
    -5.1,
    -5.7375,
    -6.375,
    -7.0125,
    -7.65,
    -8.2875
  ],
  "3_3": [
    -5.7375,
    -5.1,
    1.9125,
    6.375,
    1.9125,
    -5.1,
    -5.7375,
    -6.375,
    -7.0125,
    -7.65
  ],
  "3_4": [
    -6.375,
    -5.7375,
    -5.1,
    1.9125,
    6.375,
    1.9125,
    -5.1,
    -5.7375,
    -6.375,
    -7.0125
  ],
  "3_5": [
    -7.0125,
    -6.375,
    -5.7375,
    -5.1,
    1.9125,
    6.375,
    1.9125,
    -5.1,
    -5.7375,
    -6.375
  ],
  "3_6": [
    -7.65,
    -7.0125,
    -6.375,
    -5.7375,
    -5.1,
    1.9125,
    6.375,
    1.9125,
    -5.1,
    -5.7375
  ],
  "3_7": [
    -8.2875,
    -7.65,
    -7.0125,
    -6.375,
    -5.7375,
    -5.1,
    1.9125,
    6.375,
    1.9125,
    -5.1
  ],
  "3_8": [
    -8.925,
    -8.2875,
    -7.65,
    -7.0125,
    -6.375,
    -5.7375,
    -5.1,
    1.9125,
    6.375,
    1.9125
  ],
  "3_9": [
    -9.5625,
    -8.925,
    -8.2875,
    -7.65,
    -7.0125,
    -6.375,
    -5.7375,
    -5.1,
    1.9125,
    6.375
  ],
  "4_0": [
    6.375,
    1.9125,
    -5.1,
    -5.7375,
    -6.375,
    -7.0125,
    -7.65,
    -8.2875,
    -8.925,
    -9.5625
  ],
  "4_1": [
    1.9125,
    6.375,
    1.9125,
    -5.1,
    -5.7375,
    -6.375,
    -7.0125,
    -7.65,
    -8.2875,
    -8.925
  ],
  "4_2": [
    -5.1,
    1.9125,
    6.375,
    1.9125,
    -5.1,
    -5.7375,
    -6.375,
    -7.0125,
    -7.65,
    -8.2875
  ],
  "4_3": [
    -5.7375,
    -5.1,
    1.9125,
    6.375,
    1.9125,
    -5.1,
    -5.7375,
    -6.375,
    -7.0125,
    -7.65
  ],
  "4_4": [
    -6.375,
    -5.7375,
    -5.1,
    1.9125,
    6.375,
    1.9125,
    -5.1,
    -5.7375,
    -6.375,
    -7.0125
  ],
  "4_5": [
    -7.0125,
    -6.375,
    -5.7375,
    -5.1,
    1.9125,
    6.375,
    1.9125,
    -5.1,
    -5.7375,
    -6.375
  ],
  "4_6": [
    -7.65,
    -7.0125,
    -6.375,
    -5.7375,
    -5.1,
    1.9125,
    6.375,
    1.9125,
    -5.1,
    -5.7375
  ],
  "4_7": [
    -8.2875,
    -7.65,
    -7.0125,
    -6.375,
    -5.7375,
    -5.1,
    1.9125,
    6.375,
    1.9125,
    -5.1
  ],