{
  "0": [
    0.45375,
    0.36468,
    0.146575,
    -0.095604,
    -0.279968,
    -0.385167,
    -0.431736,
    -0.448003,
    -0.452529,
    -0.45354
  ],
  "1": [
    0.36468,
    0.45375,
    0.36468,
    0.146575,
    -0.095604,
    -0.279968,
    -0.385167,
    -0.431736,
    -0.448003,
    -0.452529
  ],
  "2": [
    0.146575,
    0.36468,
    0.45375,
    0.36468,
    0.146575,
    -0.095604,
    -0.279968,
    -0.385167,
    -0.431736,
    -0.448003
  ],
  "3": [
    -0.095604,
    0.146575,
    0.36468,
    0.45375,
    0.36468,
    0.146575,
    -0.095604,
    -0.279968,
    -0.385167,
    -0.431736
  ],
  "4": [
    -0.279968,
    -0.095604,
    0.146575,
    0.36468,
    0.45375,
    0.36468,
    0.146575,
    -0.095604,
    -0.279968,
    -0.385167
  ],
  "5": [
    -0.385167,
    -0.279968,
    -0.095604,
    0.146575,
    0.36468,
    0.45375,
    0.36468,
    0.146575,
    -0.095604,
    -0.279968
  ],
  "6": [
    -0.431736,
    -0.385167,
    -0.279968,
    -0.095604,
    0.146575,
    0.36468,
    0.45375,
    0.36468,
    0.146575,
    -0.095604
  ],
  "7": [
    -0.448003,
    -0.431736,
    -0.385167,
    -0.279968,
    -0.095604,
    0.146575,
    0.36468,
    0.45375,
    0.36468,
    0.146575
  ],
  "8": [
    -0.452529,
    -0.448003,
    -0.431736,
    -0.385167,
    -0.279968,
    -0.095604,
    0.146575,
    0.36468,
    0.45375,
    0.36468
  ],
  "9": [
    -0.45354,
    -0.452529,
    -0.448003,
    -0.431736,
    -0.385167,
    -0.279968,
    -0.095604,
    0.146575,
    0.36468,
    0.45375
  ],
  "0_0": [
    7.5625,
    2.26875,
    -6.05,
    -6.80625,
    -7.5625,
    -8.31875,
    -9.075,
    -9.83125,
    -10.5875,
    -11.34375
  ],
  "0_1": [
    2.26875,
    7.5625,
    2.26875,
    -6.05,
    -6.80625,
    -7.5625,
    -8.31875,
    -9.075,
    -9.83125,
    -10.5875
  ],
  "0_2": [
    -6.05,
    2.26875,
    7.5625,
    2.26875,
    -6.05,
    -6.80625,
    -7.5625,
    -8.31875,
    -9.075,
    -9.83125
  ],
  "0_3": [
    -6.80625,
    -6.05,
    2.26875,
    7.5625,
    2.26875,
    -6.05,
    -6.80625,
    -7.5625,
    -8.31875,
    -9.075
  ],
  "0_4": [
    -7.5625,
    -6.80625,
    -6.05,
    2.26875,
    7.5625,
    2.26875,
    -6.05,
    -6.80625,
    -7.5625,
    -8.31875
  ],
  "0_5": [
    -8.31875,
    -7.5625,
    -6.80625,
    -6.05,
    2.26875,
    7.5625,
    2.26875,
    -6.05,
    -6.80625,
    -7.5625
  ],
  "0_6": [
    -9.075,
    -8.31875,
    -7.5625,
    -6.80625,
    -6.05,
    2.26875,
    7.5625,
    2.26875,
    -6.05,
    -6.80625
  ],
  "0_7": [
    -9.83125,
    -9.075,
    -8.31875,
    -7.5625,
    -6.80625,
    -6.05,
    2.26875,
    7.5625,
    2.26875,
    -6.05
  ],
  "0_8": [
    -10.5875,
    -9.83125,
    -9.075,
    -8.31875,
    -7.5625,
    -6.80625,
    -6.05,
    2.26875,
    7.5625,
    2.26875
  ],
  "0_9": [
    -11.34375,
    -10.5875,
    -9.83125,
    -9.075,
    -8.31875,
    -7.5625,
    -6.80625,
    -6.05,
    2.26875,
    7.5625
  ],
  "1_0": [
    7.5625,
    2.26875,
    -6.05,
    -6.80625,
    -7.5625,
    -8.31875,
    -9.075,
    -9.83125,
    -10.5875,
    -11.34375
  ],
  "1_1": [
    2.26875,
    7.5625,
    2.26875,
    -6.05,
    -6.80625,
    -7.5625,
    -8.31875,
    -9.075,
    -9.83125,
    -10.5875
  ],
  "1_2": [
    -6.05,
    2.26875,
    7.5625,
    2.26875,
    -6.05,
    -6.80625,
    -7.5625,
    -8.31875,
    -9.075,
    -9.83125
  ],
  "1_3": [
    -6.80625,
    -6.05,
    2.26875,
    7.5625,
    2.26875,
    -6.05,
    -6.80625,
    -7.5625,
    -8.31875,
    -9.075
  ],
  "1_4": [
    -7.5625,
    -6.80625,
    -6.05,
    2.26875,
    7.5625,
    2.26875,
    -6.05,
    -6.80625,
    -7.5625,
    -8.31875
  ],
  "1_5": [
    -8.31875,
    -7.5625,
    -6.80625,
    -6.05,
    2.26875,
    7.5625,
    2.26875,
    -6.05,
    -6.80625,
    -7.5625
  ],
  "1_6": [
    -9.075,
    -8.31875,
    -7.5625,
    -6.80625,
    -6.05,
    2.26875,
    7.5625,
    2.26875,
    -6.05,
    -6.80625
  ],
  "1_7": [
    -9.83125,
    -9.075,
    -8.31875,
    -7.5625,
    -6.80625,
    -6.05,
    2.26875,
    7.5625,
    2.26875,
    -6.05
  ],
  "1_8": [
    -10.5875,
    -9.83125,
    -9.075,
    -8.31875,
    -7.5625,
    -6.80625,
    -6.05,
    2.26875,
    7.5625,
    2.26875
  ],
  "1_9": [
    -11.34375,
    -10.5875,
    -9.83125,
    -9.075,
    -8.31875,
    -7.5625,
    -6.80625,
    -6.05,
    2.26875,
    7.5625
  ],
  "2_0": [
    7.5625,
    2.26875,
    -6.05,
    -6.80625,
    -7.5625,
    -8.31875,
    -9.075,
    -9.83125,
    -10.5875,
    -11.34375
  ],
  "2_1": [
    2.26875,
    7.5625,
    2.26875,
    -6.05,
    -6.80625,
    -7.5625,
    -8.31875,
    -9.075,
    -9.83125,
    -10.5875
  ],
  "2_2": [
    -6.05,
    2.26875,
    7.5625,
    2.26875,
    -6.05,
    -6.80625,
    -7.5625,
    -8.31875,
    -9.075,
    -9.83125
  ],
  "2_3": [
    -6.80625,
    -6.05,
    2.26875,
    7.5625,
    2.26875,
    -6.05,
    -6.80625,
    -7.5625,
    -8.31875,
    -9.075
  ],
  "2_4": [
    -7.5625,
    -6.80625,
    -6.05,
    2.26875,
    7.5625,
    2.26875,
    -6.05,
    -6.80625,
    -7.5625,
    -8.31875
  ],
  "2_5": [
    -8.31875,
    -7.5625,
    -6.80625,
    -6.05,
    2.26875,
    7.5625,
    2.26875,
    -6.05,
    -6.80625,
    -7.5625
  ],
  "2_6": [
    -9.075,
    -8.31875,
    -7.5625,
    -6.80625,
    -6.05,
    2.26875,
    7.5625,
    2.26875,
    -6.05,
    -6.80625
  ],
  "2_7": [
    -9.83125,
    -9.075,
    -8.31875,
    -7.5625,
    -6.80625,
    -6.05,
    2.26875,
    7.5625,
    2.26875,
    -6.05
  ],
  "2_8": [
    -10.5875,
    -9.83125,
    -9.075,
    -8.31875,
    -7.5625,
    -6.80625,
    -6.05,
    2.26875,
    7.5625,
    2.26875
  ],
  "2_9": [
    -11.34375,
    -10.5875,
    -9.83125,
    -9.075,
    -8.31875,
    -7.5625,
    -6.80625,
    -6.05,
    2.26875,
    7.5625
  ],
  "3_0": [
    7.5625,
    2.26875,
    -6.05,
    -6.80625,
    -7.5625,
    -8.31875,
    -9.075,
    -9.83125,
    -10.5875,
    -11.34375
  ],
  "3_1": [
    2.26875,
    7.5625,
    2.26875,
    -6.05,
    -6.80625,
    -7.5625,
    -8.31875,
    -9.075,
    -9.83125,
    -10.5875
  ],
  "3_2": [
    -6.05,
    2.26875,
    7.5625,
    2.26875,
    -6.05,
    -6.80625,
    -7.5625,
    -8.31875,
    -9.075,
    -9.83125
  ],
  "3_3": [
    -6.80625,
    -6.05,
    2.26875,
    7.5625,
    2.26875,
    -6.05,
    -6.80625,
    -7.5625,
    -8.31875,
    -9.075
  ],
  "3_4": [
    -7.5625,
    -6.80625,
    -6.05,
    2.26875,
    7.5625,
    2.26875,
    -6.05,
    -6.80625,
    -7.5625,
    -8.31875
  ],
  "3_5": [
    -8.31875,
    -7.5625,
    -6.80625,
    -6.05,
    2.26875,
    7.5625,
    2.26875,
    -6.05,
    -6.80625,
    -7.5625
  ],
  "3_6": [
    -9.075,
    -8.31875,
    -7.5625,
    -6.80625,
    -6.05,
    2.26875,
    7.5625,
    2.26875,
    -6.05,
    -6.80625
  ],
  "3_7": [
    -9.83125,
    -9.075,
    -8.31875,
    -7.5625,
    -6.80625,
    -6.05,
    2.26875,
    7.5625,
    2.26875,
    -6.05
  ],
  "3_8": [
    -10.5875,
    -9.83125,
    -9.075,
    -8.31875,
    -7.5625,
    -6.80625,
    -6.05,
    2.26875,
    7.5625,
    2.26875
  ],
  "3_9": [
    -11.34375,
    -10.5875,
    -9.83125,
    -9.075,
    -8.31875,
    -7.5625,
    -6.80625,
    -6.05,
    2.26875,
    7.5625
  ],
  "4_0": [
    7.5625,
    2.26875,
    -6.05,
    -6.80625,
    -7.5625,
    -8.31875,
    -9.075,
    -9.83125,
    -10.5875,
    -11.34375
  ],
  "4_1": [
    2.26875,
    7.5625,
    2.26875,
    -6.05,
    -6.80625,
    -7.5625,
    -8.31875,
    -9.075,
    -9.83125,
    -10.5875
  ],
  "4_2": [
    -6.05,
    2.26875,
    7.5625,
    2.26875,
    -6.05,
    -6.80625,
    -7.5625,
    -8.31875,
    -9.075,
    -9.83125
  ],
  "4_3": [
    -6.80625,
    -6.05,
    2.26875,
    7.5625,
    2.26875,
    -6.05,
    -6.80625,
    -7.5625,
    -8.31875,
    -9.075
  ],