{
  "0": [
    0.36,
    0.289333,
    0.116291,
    -0.075851,
    -0.222124,
    -0.305587,
    -0.342534,
    -0.35544,
    -0.359032,
    -0.359833
  ],
  "1": [
    0.289333,
    0.36,
    0.289333,
    0.116291,
    -0.075851,
    -0.222124,
    -0.305587,
    -0.342534,
    -0.35544,
    -0.359032
  ],
  "2": [
    0.116291,
    0.289333,
    0.36,
    0.289333,
    0.116291,
    -0.075851,
    -0.222124,
    -0.305587,
    -0.342534,
    -0.35544
  ],
  "3": [
    -0.075851,
    0.116291,
    0.289333,
    0.36,
    0.289333,
    0.116291,
    -0.075851,
    -0.222124,
    -0.305587,
    -0.342534
  ],
  "4": [
    -0.222124,
    -0.075851,
    0.116291,
    0.289333,
    0.36,
    0.289333,
    0.116291,
    -0.075851,
    -0.222124,
    -0.305587
  ],
  "5": [
    -0.305587,
    -0.222124,
    -0.075851,
    0.116291,
    0.289333,
    0.36,
    0.289333,
    0.116291,
    -0.075851,
    -0.222124
  ],
  "6": [
    -0.342534,
    -0.305587,
    -0.222124,
    -0.075851,
    0.116291,
    0.289333,
    0.36,
    0.289333,
    0.116291,
    -0.075851
  ],
  "7": [
    -0.35544,
    -0.342534,
    -0.305587,
    -0.222124,
    -0.075851,
    0.116291,
    0.289333,
    0.36,
    0.289333,
    0.116291
  ],
  "8": [
    -0.359032,
    -0.35544,
    -0.342534,
    -0.305587,
    -0.222124,
    -0.075851,
    0.116291,
    0.289333,
    0.36,
    0.289333
  ],
  "9": [
    -0.359833,
    -0.359032,
    -0.35544,
    -0.342534,
    -0.305587,
    -0.222124,
    -0.075851,
    0.116291,
    0.289333,
    0.36
  ],
  "0_0": [
    6,
    1.8,
    -4.8,
    -5.4,
    -6,
    -6.6,
    -7.2,
    -7.8,
    -8.4,
    -9
  ],
  "0_1": [
    1.8,
    6,
    1.8,
    -4.8,
    -5.4,
    -6,
    -6.6,
    -7.2,
    -7.8,
    -8.4
  ],
  "0_2": [
    -4.8,
    1.8,
    6,
    1.8,
    -4.8,
    -5.4,
    -6,
    -6.6,
    -7.2,
    -7.8
  ],
  "0_3": [
    -5.4,
    -4.8,
    1.8,
    6,
    1.8,
    -4.8,
    -5.4,
    -6,
    -6.6,
    -7.2
  ],
  "0_4": [
    -6,
    -5.4,
    -4.8,
    1.8,
    6,
    1.8,
    -4.8,
    -5.4,
    -6,
    -6.6
  ],
  "0_5": [
    -6.6,
    -6,
    -5.4,
    -4.8,
    1.8,
    6,
    1.8,
    -4.8,
    -5.4,
    -6
  ],
  "0_6": [
    -7.2,
    -6.6,
    -6,
    -5.4,
    -4.8,
    1.8,
    6,
    1.8,
    -4.8,
    -5.4
  ],
  "0_7": [
    -7.8,
    -7.2,
    -6.6,
    -6,
    -5.4,
    -4.8,
    1.8,
    6,
    1.8,
    -4.8
  ],
  "0_8": [
    -8.4,
    -7.8,
    -7.2,
    -6.6,
    -6,
    -5.4,
    -4.8,
    1.8,
    6,
    1.8
  ],
  "0_9": [
    -9,
    -8.4,
    -7.8,
    -7.2,
    -6.6,
    -6,
    -5.4,
    -4.8,
    1.8,
    6
  ],
  "1_0": [
    6,
    1.8,
    -4.8,
    -5.4,
    -6,
    -6.6,
    -7.2,
    -7.8,
    -8.4,
    -9
  ],
  "1_1": [
    1.8,
    6,
    1.8,
    -4.8,
    -5.4,
    -6,
    -6.6,
    -7.2,
    -7.8,
    -8.4
  ],
  "1_2": [
    -4.8,
    1.8,
    6,
    1.8,
    -4.8,
    -5.4,
    -6,
    -6.6,
    -7.2,
    -7.8
  ],
  "1_3": [
    -5.4,
    -4.8,
    1.8,
    6,
    1.8,
    -4.8,
    -5.4,
    -6,
    -6.6,
    -7.2
  ],
  "1_4": [
    -6,
    -5.4,
    -4.8,
    1.8,
    6,
    1.8,
    -4.8,
    -5.4,
    -6,
    -6.6
  ],
  "1_5": [
    -6.6,
    -6,
    -5.4,
    -4.8,
    1.8,
    6,
    1.8,
    -4.8,
    -5.4,
    -6
  ],
  "1_6": [
    -7.2,
    -6.6,
    -6,
    -5.4,
    -4.8,
    1.8,
    6,
    1.8,
    -4.8,
    -5.4
  ],
  "1_7": [
    -7.8,
    -7.2,
    -6.6,
    -6,
    -5.4,
    -4.8,
    1.8,
    6,
    1.8,
    -4.8
  ],
  "1_8": [
    -8.4,
    -7.8,
    -7.2,
    -6.6,
    -6,
    -5.4,
    -4.8,
    1.8,
    6,
    1.8
  ],
  "1_9": [
    -9,
    -8.4,
    -7.8,
    -7.2,
    -6.6,
    -6,
    -5.4,
    -4.8,
    1.8,
    6
  ],
  "2_0": [
    6,
    1.8,
    -4.8,
    -5.4,
    -6,
    -6.6,
    -7.2,
    -7.8,
    -8.4,
    -9
  ],
  "2_1": [
    1.8,
    6,
    1.8,
    -4.8,
    -5.4,
    -6,
    -6.6,
    -7.2,
    -7.8,
    -8.4
  ],
  "2_2": [
    -4.8,
    1.8,
    6,
    1.8,
    -4.8,
    -5.4,
    -6,
    -6.6,
    -7.2,
    -7.8
  ],
  "2_3": [
    -5.4,
    -4.8,
    1.8,
    6,
    1.8,
    -4.8,
    -5.4,
    -6,
    -6.6,
    -7.2
  ],
  "2_4": [
    -6,
    -5.4,
    -4.8,
    1.8,
    6,
    1.8,
    -4.8,
    -5.4,
    -6,
    -6.6
  ],
  "2_5": [
    -6.6,
    -6,
    -5.4,
    -4.8,
    1.8,
    6,
    1.8,
    -4.8,
    -5.4,
    -6
  ],
  "2_6": [
    -7.2,
    -6.6,
    -6,
    -5.4,
    -4.8,
    1.8,
    6,
    1.8,
    -4.8,
    -5.4
  ],
  "2_7": [
    -7.8,
    -7.2,
    -6.6,
    -6,
    -5.4,
    -4.8,
    1.8,
    6,
    1.8,
    -4.8
  ],
  "2_8": [
    -8.4,
    -7.8,
    -7.2,
    -6.6,
    -6,
    -5.4,
    -4.8,
    1.8,
    6,
    1.8
  ],
  "2_9": [
    -9,
    -8.4,
    -7.8,
    -7.2,
    -6.6,
    -6,
    -5.4,
    -4.8,
    1.8,
    6
  ],
  "3_0": [
    6,
    1.8,
    -4.8,
    -5.4,
    -6,
    -6.6,
    -7.2,
    -7.8,
    -8.4,
    -9
  ],
  "3_1": [
    1.8,
    6,
    1.8,
    -4.8,
    -5.4,
    -6,
    -6.6,
    -7.2,
    -7.8,
    -8.4
  ],
  "3_2": [
    -4.8,
    1.8,
    6,
    1.8,
    -4.8,
    -5.4,
    -6,
    -6.6,
    -7.2,
    -7.8
  ],
  "3_3": [
    -5.4,
    -4.8,
    1.8,
    6,
    1.8,
    -4.8,
    -5.4,
    -6,
    -6.6,
    -7.2
  ],
  "3_4": [
    -6,
    -5.4,
    -4.8,
    1.8,
    6,
    1.8,
    -4.8,
    -5.4,
    -6,
    -6.6
  ],
  "3_5": [
    -6.6,
    -6,
    -5.4,
    -4.8,
    1.8,
    6,
    1.8,
    -4.8,
    -5.4,
    -6
  ],
  "3_6": [
    -7.2,
    -6.6,
    -6,
    -5.4,
    -4.8,
    1.8,
    6,
    1.8,
    -4.8,
    -5.4
  ],
  "3_7": [
    -7.8,
    -7.2,
    -6.6,
    -6,
    -5.4,
    -4.8,
    1.8,
    6,
    1.8,
    -4.8
  ],
  "3_8": [
    -8.4,
    -7.8,
    -7.2,
    -6.6,
    -6,
    -5.4,
    -4.8,
    1.8,
    6,
    1.8
  ],
  "3_9": [
    -9,
    -8.4,
    -7.8,
    -7.2,
    -6.6,
    -6,
    -5.4,
    -4.8,
    1.8,
    6
  ],
  "4_0": [
    6,
    1.8,
    -4.8,
    -5.4,
    -6,
    -6.6,
    -7.2,
    -7.8,
    -8.4,
    -9
  ],
  "4_1": [
    1.8,
    6,
    1.8,
    -4.8,
    -5.4,
    -6,
    -6.6,
    -7.2,
    -7.8,
    -8.4
  ],
  "4_2": [
    -4.8,
    1.8,
    6,
    1.8,
    -4.8,
    -5.4,
    -6,
    -6.6,
    -7.2,
    -7.8
  ],
  "4_3": [
    -5.4,
    -4.8,
    1.8,
    6,
    1.8,
    -4.8,
    -5.4,
    -6,
    -6.6,
    -7.2
  ],
  "4_4": [
    -6,
    -5.4,
    -4.8,
    1.8,
    6,
    1.8,
    -4.8,
    -5.4,
    -6,
    -6.6
  ],
  "4_5": [
    -6.6,
    -6,
    -5.4,
    -4.8,
    1.8,
    6,
    1.8,
    -4.8,
    -5.4,
    -6
  ],
  "4_6": [
    -7.2,
    -6.6,
    -6,
    -5.4,
    -4.8,
    1.8,
    6,
    1.8,
    -4.8,
    -5.4
  ],
  "4_7": [
    -7.8,
    -7.2,
    -6.6,
    -6,
    -5.4,
    -4.8,
    1.8,
    6,
    1.8,
    -4.8
  ],
  "4_8": [
    -8.4,
    -7.8,
    -7.2,
    -6.6,
    -6,
    -5.4,
    -4.8,
    1.8,
    6,
    1.8
  ],
  "4_9": [
    -9,
    -8.4,
    -7.8,
    -7.2,
    -6.6,
    -6,
    -5.4,
    -4.8,
    1.8,
    6
  ],
  "5_0": [
    6,
    1.8,
    -4.8,
    -5.4,
    -6,
    -6.6,
    -7.2,
    -7.8,
    -8.4,
    -9
  ],
  "5_1": [
    1.8,
    6,
    1.8,
    -4.8,
    -5.4,
    -6,
    -6.6,
    -7.2,
    -7.8,
    -8.4
  ],
  "5_2": [
    -4.8,
    1.8,
    6,
    1.8,
    -4.8,
    -5.4,
    -6,
    -6.6,
    -7.2,
    -7.8
  ],
  "5_3": [
    -5.4,
    -4.8,
    1.8,
    6,
    1.8,
    -4.8,
    -5.4,
    -6,
    -6.6,
    -7.2
  ],
  "5_4": [
    -6,
    -5.4,
    -4.8,
    1.8,
    6,
    1.8,
    -4.8,
    -5.4,
    -6,
    -6.6
  ],
  "5_5": [
    -6.6,
    -6,
    -5.4,
    -4.8,
    1.8,
    6,
    1.8,
    -4.8,
    -5.4,
    -6
  ],
  "5_6": [
    -7.2,
    -6.6,
    -6,
    -5.4,
    -4.8,
    1.8,
    6,
    1.8,
    -4.8,
    -5.4
  ],
  "5_7": [
    -7.8,
    -7.2,
    -6.6,
    -6,
    -5.4,
    -4.8,
    1.8,
    6,
    1.8,
    -4.8
  ],
  "5_8": [
    -8.4,
    -7.8,
    -7.2,
    -6.6,
    -6,
    -5.4,
    -4.8,
    1.8,
    6,
    1.8
  ],
  "5_9": [
    -9,
    -8.4,
    -7.8,
    -7.2,
    -6.6,
    -6,
    -5.4,
    -4.8,
    1.8,
    6
  ],