{
  "0": [
    0.4425,
    0.355639,
    0.142941,
    -0.093233,
    -0.273027,
    -0.375618,
    -0.421031,
    -0.436895,
    -0.44131,
    -0.442295
  ],
  "1": [
    0.355639,
    0.4425,
    0.355639,
    0.142941,
    -0.093233,
    -0.273027,
    -0.375618,
    -0.421031,
    -0.436895,
    -0.44131
  ],
  "2": [
    0.142941,
    0.355639,
    0.4425,
    0.355639,
    0.142941,
    -0.093233,
    -0.273027,
    -0.375618,
    -0.421031,
    -0.436895
  ],
  "3": [
    -0.093233,
    0.142941,
    0.355639,
    0.4425,
    0.355639,
    0.142941,
    -0.093233,
    -0.273027,
    -0.375618,
    -0.421031
  ],
  "4": [
    -0.273027,
    -0.093233,
    0.142941,
    0.355639,
    0.4425,
    0.355639,
    0.142941,
    -0.093233,
    -0.273027,
    -0.375618
  ],
  "5": [
    -0.375618,
    -0.273027,
    -0.093233,
    0.142941,
    0.355639,
    0.4425,
    0.355639,
    0.142941,
    -0.093233,
    -0.273027
  ],
  "6": [
    -0.421031,
    -0.375618,
    -0.273027,
    -0.093233,
    0.142941,
    0.355639,
    0.4425,
    0.355639,
    0.142941,
    -0.093233
  ],
  "7": [
    -0.436895,
    -0.421031,
    -0.375618,
    -0.273027,
    -0.093233,
    0.142941,
    0.355639,
    0.4425,
    0.355639,
    0.142941
  ],
  "8": [
    -0.44131,
    -0.436895,
    -0.421031,
    -0.375618,
    -0.273027,
    -0.093233,
    0.142941,
    0.355639,
    0.4425,
    0.355639
  ],
  "9": [
    -0.442295,
    -0.44131,
    -0.436895,
    -0.421031,
    -0.375618,
    -0.273027,
    -0.093233,
    0.142941,
    0.355639,
    0.4425
  ],
  "0_0": [
    7.375,
    2.2125,
    -5.9,
    -6.6375,
    -7.375,
    -8.1125,
    -8.85,
    -9.5875,
    -10.325,
    -11.0625
  ],
  "0_1": [
    2.2125,
    7.375,
    2.2125,
    -5.9,
    -6.6375,
    -7.375,
    -8.1125,
    -8.85,
    -9.5875,
    -10.325
  ],
  "0_2": [
    -5.9,
    2.2125,
    7.375,
    2.2125,
    -5.9,
    -6.6375,
    -7.375,
    -8.1125,
    -8.85,
    -9.5875
  ],
  "0_3": [
    -6.6375,
    -5.9,
    2.2125,
    7.375,
    2.2125,
    -5.9,
    -6.6375,
    -7.375,
    -8.1125,
    -8.85
  ],
  "0_4": [
    -7.375,
    -6.6375,
    -5.9,
    2.2125,
    7.375,
    2.2125,
    -5.9,
    -6.6375,
    -7.375,
    -8.1125
  ],
  "0_5": [
    -8.1125,
    -7.375,
    -6.6375,
    -5.9,
    2.2125,
    7.375,
    2.2125,
    -5.9,
    -6.6375,
    -7.375
  ],
  "0_6": [
    -8.85,
    -8.1125,
    -7.375,
    -6.6375,
    -5.9,
    2.2125,
    7.375,
    2.2125,
    -5.9,
    -6.6375
  ],
  "0_7": [
    -9.5875,
    -8.85,
    -8.1125,
    -7.375,
    -6.6375,
    -5.9,
    2.2125,
    7.375,
    2.2125,
    -5.9
  ],
  "0_8": [
    -10.325,
    -9.5875,
    -8.85,
    -8.1125,
    -7.375,
    -6.6375,
    -5.9,
    2.2125,
    7.375,
    2.2125
  ],
  "0_9": [
    -11.0625,
    -10.325,
    -9.5875,
    -8.85,
    -8.1125,
    -7.375,
    -6.6375,
    -5.9,
    2.2125,
    7.375
  ],
  "1_0": [
    7.375,
    2.2125,
    -5.9,
    -6.6375,
    -7.375,
    -8.1125,
    -8.85,
    -9.5875,
    -10.325,
    -11.0625
  ],
  "1_1": [
    2.2125,
    7.375,
    2.2125,
    -5.9,
    -6.6375,
    -7.375,
    -8.1125,
    -8.85,
    -9.5875,
    -10.325
  ],
  "1_2": [
    -5.9,
    2.2125,
    7.375,
    2.2125,
    -5.9,
    -6.6375,
    -7.375,
    -8.1125,
    -8.85,
    -9.5875
  ],
  "1_3": [
    -6.6375,
    -5.9,
    2.2125,
    7.375,
    2.2125,
    -5.9,
    -6.6375,
    -7.375,
    -8.1125,
    -8.85
  ],
  "1_4": [
    -7.375,
    -6.6375,
    -5.9,
    2.2125,
    7.375,
    2.2125,
    -5.9,
    -6.6375,
    -7.375,
    -8.1125
  ],
  "1_5": [
    -8.1125,
    -7.375,
    -6.6375,
    -5.9,
    2.2125,
    7.375,
    2.2125,
    -5.9,
    -6.6375,
    -7.375
  ],
  "1_6": [
    -8.85,
    -8.1125,
    -7.375,
    -6.6375,
    -5.9,
    2.2125,
    7.375,
    2.2125,
    -5.9,
    -6.6375
  ],
  "1_7": [
    -9.5875,
    -8.85,
    -8.1125,
    -7.375,
    -6.6375,
    -5.9,
    2.2125,
    7.375,
    2.2125,
    -5.9
  ],
  "1_8": [
    -10.325,
    -9.5875,
    -8.85,
    -8.1125,
    -7.375,
    -6.6375,
    -5.9,
    2.2125,
    7.375,
    2.2125
  ],
  "1_9": [
    -11.0625,
    -10.325,
    -9.5875,
    -8.85,
    -8.1125,
    -7.375,
    -6.6375,
    -5.9,
    2.2125,
    7.375
  ],
  "2_0": [
    7.375,
    2.2125,
    -5.9,
    -6.6375,
    -7.375,
    -8.1125,
    -8.85,
    -9.5875,
    -10.325,
    -11.0625
  ],
  "2_1": [
    2.2125,
    7.375,
    2.2125,
    -5.9,
    -6.6375,
    -7.375,
    -8.1125,
    -8.85,
    -9.5875,
    -10.325
  ],
  "2_2": [
    -5.9,
    2.2125,
    7.375,
    2.2125,
    -5.9,
    -6.6375,
    -7.375,
    -8.1125,
    -8.85,
    -9.5875
  ],
  "2_3": [
    -6.6375,
    -5.9,
    2.2125,
    7.375,
    2.2125,
    -5.9,
    -6.6375,
    -7.375,
    -8.1125,
    -8.85
  ],
  "2_4": [
    -7.375,
    -6.6375,
    -5.9,
    2.2125,
    7.375,
    2.2125,
    -5.9,
    -6.6375,
    -7.375,
    -8.1125
  ],
  "2_5": [
    -8.1125,
    -7.375,
    -6.6375,
    -5.9,
    2.2125,
    7.375,
    2.2125,
    -5.9,
    -6.6375,
    -7.375
  ],
  "2_6": [
    -8.85,
    -8.1125,
    -7.375,
    -6.6375,
    -5.9,
    2.2125,
    7.375,
    2.2125,
    -5.9,
    -6.6375
  ],
  "2_7": [
    -9.5875,
    -8.85,
    -8.1125,
    -7.375,
    -6.6375,
    -5.9,
    2.2125,
    7.375,
    2.2125,
    -5.9
  ],
  "2_8": [
    -10.325,
    -9.5875,
    -8.85,
    -8.1125,
    -7.375,
    -6.6375,
    -5.9,
    2.2125,
    7.375,
    2.2125
  ],
  "2_9": [
    -11.0625,
    -10.325,
    -9.5875,
    -8.85,
    -8.1125,
    -7.375,
    -6.6375,
    -5.9,
    2.2125,
    7.375
  ],
  "3_0": [
    7.375,
    2.2125,
    -5.9,
    -6.6375,
    -7.375,
    -8.1125,
    -8.85,
    -9.5875,
    -10.325,
    -11.0625
  ],
  "3_1": [
    2.2125,
    7.375,
    2.2125,
    -5.9,
    -6.6375,
    -7.375,
    -8.1125,
    -8.85,
    -9.5875,
    -10.325
  ],
  "3_2": [
    -5.9,
    2.2125,
    7.375,
    2.2125,
    -5.9,
    -6.6375,
    -7.375,
    -8.1125,
    -8.85,
    -9.5875
  ],
  "3_3": [
    -6.6375,
    -5.9,
    2.2125,
    7.375,
    2.2125,
    -5.9,
    -6.6375,
    -7.375,
    -8.1125,
    -8.85
  ],
  "3_4": [
    -7.375,
    -6.6375,
    -5.9,
    2.2125,
    7.375,
    2.2125,
    -5.9,
    -6.6375,
    -7.375,
    -8.1125
  ],
  "3_5": [
    -8.1125,
    -7.375,
    -6.6375,
    -5.9,
    2.2125,
    7.375,
    2.2125,
    -5.9,
    -6.6375,
    -7.375
  ],
  "3_6": [
    -8.85,
    -8.1125,
    -7.375,
    -6.6375,
    -5.9,
    2.2125,
    7.375,
    2.2125,
    -5.9,
    -6.6375
  ],
  "3_7": [
    -9.5875,
    -8.85,
    -8.1125,
    -7.375,
    -6.6375,
    -5.9,
    2.2125,
    7.375,
    2.2125,
    -5.9
  ],
  "3_8": [
    -10.325,
    -9.5875,
    -8.85,
    -8.1125,
    -7.375,
    -6.6375,
    -5.9,
    2.2125,
    7.375,
    2.2125
  ],
  "3_9": [
    -11.0625,
    -10.325,
    -9.5875,
    -8.85,
    -8.1125,
    -7.375,
    -6.6375,
    -5.9,
    2.2125,
    7.375
  ],
  "4_0": [
    7.375,
    2.2125,
    -5.9,
    -6.6375,
    -7.375,
    -8.1125,
    -8.85,
    -9.5875,
    -10.325,
    -11.0625
  ],
  "4_1": [
    2.2125,
    7.375,
    2.2125,
    -5.9,
    -6.6375,
    -7.375,
    -8.1125,
    -8.85,
    -9.5875,
    -10.325
  ],
  "4_2": [
    -5.9,
    2.2125,
    7.375,
    2.2125,
    -5.9,
    -6.6375,
    -7.375,
    -8.1125,
    -8.85,
    -9.5875
  ],
  "4_3": [
    -6.6375,
    -5.9,
    2.2125,
    7.375,
    2.2125,
    -5.9,
    -6.6375,
    -7.375,
    -8.1125,
    -8.85
  ],
  "4_4": [
    -7.375,
    -6.6375,
    -5.9,
    2.2125,
    7.375,
    2.2125,
    -5.9,
    -6.6375,
    -7.375,
    -8.1125
  ],
  "4_5": [
    -8.1125,
    -7.375,
    -6.6375,
    -5.9,
    2.2125,
    7.375,
    2.2125,
    -5.9,
    -6.6375,
    -7.375
  ],
  "4_6": [
    -8.85,
    -8.1125,
    -7.375,
    -6.6375,
    -5.9,
    2.2125,
    7.375,
    2.2125,
    -5.9,
    -6.6375
  ],
  "4_7": [
    -9.5875,
    -8.85,
    -8.1125,
    -7.375,
    -6.6375,
    -5.9,
    2.2125,
    7.375,
    2.2125,
    -5.9
  ],