{
  "0": [
    0.37875,
    0.304403,
    0.122348,
    -0.079801,
    -0.233693,
    -0.321503,
    -0.360374,
    -0.373953,
    -0.377731,
    -0.378575
  ],
  "1": [
    0.304403,
    0.37875,
    0.304403,
    0.122348,
    -0.079801,
    -0.233693,
    -0.321503,
    -0.360374,
    -0.373953,
    -0.377731
  ],
  "2": [
    0.122348,
    0.304403,
    0.37875,
    0.304403,
    0.122348,
    -0.079801,
    -0.233693,
    -0.321503,
    -0.360374,
    -0.373953
  ],
  "3": [
    -0.079801,
    0.122348,
    0.304403,
    0.37875,
    0.304403,
    0.122348,
    -0.079801,
    -0.233693,
    -0.321503,
    -0.360374
  ],
  "4": [
    -0.233693,
    -0.079801,
    0.122348,
    0.304403,
    0.37875,
    0.304403,
    0.122348,
    -0.079801,
    -0.233693,
    -0.321503
  ],
  "5": [
    -0.321503,
    -0.233693,
    -0.079801,
    0.122348,
    0.304403,
    0.37875,
    0.304403,
    0.122348,
    -0.079801,
    -0.233693
  ],
  "6": [
    -0.360374,
    -0.321503,
    -0.233693,
    -0.079801,
    0.122348,
    0.304403,
    0.37875,
    0.304403,
    0.122348,
    -0.079801
  ],
  "7": [
    -0.373953,
    -0.360374,
    -0.321503,
    -0.233693,
    -0.079801,
    0.122348,
    0.304403,
    0.37875,
    0.304403,
    0.122348
  ],
  "8": [
    -0.377731,
    -0.373953,
    -0.360374,
    -0.321503,
    -0.233693,
    -0.079801,
    0.122348,
    0.304403,
    0.37875,
    0.304403
  ],
  "9": [
    -0.378575,
    -0.377731,
    -0.373953,
    -0.360374,
    -0.321503,
    -0.233693,
    -0.079801,
    0.122348,
    0.304403,
    0.37875
  ],
  "0_0": [
    6.3125,
    1.89375,
    -5.05,
    -5.68125,
    -6.3125,
    -6.94375,
    -7.575,
    -8.20625,
    -8.8375,
    -9.46875
  ],
  "0_1": [
    1.89375,
    6.3125,
    1.89375,
    -5.05,
    -5.68125,
    -6.3125,
    -6.94375,
    -7.575,
    -8.20625,
    -8.8375
  ],
  "0_2": [
    -5.05,
    1.89375,
    6.3125,
    1.89375,
    -5.05,
    -5.68125,
    -6.3125,
    -6.94375,
    -7.575,
    -8.20625
  ],
  "0_3": [
    -5.68125,
    -5.05,
    1.89375,
    6.3125,
    1.89375,
    -5.05,
    -5.68125,
    -6.3125,
    -6.94375,
    -7.575
  ],
  "0_4": [
    -6.3125,
    -5.68125,
    -5.05,
    1.89375,
    6.3125,
    1.89375,
    -5.05,
    -5.68125,
    -6.3125,
    -6.94375
  ],
  "0_5": [
    -6.94375,
    -6.3125,
    -5.68125,
    -5.05,
    1.89375,
    6.3125,
    1.89375,
    -5.05,
    -5.68125,
    -6.3125
  ],
  "0_6": [
    -7.575,
    -6.94375,
    -6.3125,
    -5.68125,
    -5.05,
    1.89375,
    6.3125,
    1.89375,
    -5.05,
    -5.68125
  ],
  "0_7": [
    -8.20625,
    -7.575,
    -6.94375,
    -6.3125,
    -5.68125,
    -5.05,
    1.89375,
    6.3125,
    1.89375,
    -5.05
  ],
  "0_8": [
    -8.8375,
    -8.20625,
    -7.575,
    -6.94375,
    -6.3125,
    -5.68125,
    -5.05,
    1.89375,
    6.3125,
    1.89375
  ],
  "0_9": [
    -9.46875,
    -8.8375,
    -8.20625,
    -7.575,
    -6.94375,
    -6.3125,
    -5.68125,
    -5.05,
    1.89375,
    6.3125
  ],
  "1_0": [
    6.3125,
    1.89375,
    -5.05,
    -5.68125,
    -6.3125,
    -6.94375,
    -7.575,
    -8.20625,
    -8.8375,
    -9.46875
  ],
  "1_1": [
    1.89375,
    6.3125,
    1.89375,
    -5.05,
    -5.68125,
    -6.3125,
    -6.94375,
    -7.575,
    -8.20625,
    -8.8375
  ],
  "1_2": [
    -5.05,
    1.89375,
    6.3125,
    1.89375,
    -5.05,
    -5.68125,
    -6.3125,
    -6.94375,
    -7.575,
    -8.20625
  ],
  "1_3": [
    -5.68125,
    -5.05,
    1.89375,
    6.3125,
    1.89375,
    -5.05,
    -5.68125,
    -6.3125,
    -6.94375,
    -7.575
  ],
  "1_4": [
    -6.3125,
    -5.68125,
    -5.05,
    1.89375,
    6.3125,
    1.89375,
    -5.05,
    -5.68125,
    -6.3125,
    -6.94375
  ],
  "1_5": [
    -6.94375,
    -6.3125,
    -5.68125,
    -5.05,
    1.89375,
    6.3125,
    1.89375,
    -5.05,
    -5.68125,
    -6.3125
  ],
  "1_6": [
    -7.575,
    -6.94375,
    -6.3125,
    -5.68125,
    -5.05,
    1.89375,
    6.3125,
    1.89375,
    -5.05,
    -5.68125
  ],
  "1_7": [
    -8.20625,
    -7.575,
    -6.94375,
    -6.3125,
    -5.68125,
    -5.05,
    1.89375,
    6.3125,
    1.89375,
    -5.05
  ],
  "1_8": [
    -8.8375,
    -8.20625,
    -7.575,
    -6.94375,
    -6.3125,
    -5.68125,
    -5.05,
    1.89375,
    6.3125,
    1.89375
  ],
  "1_9": [
    -9.46875,
    -8.8375,
    -8.20625,
    -7.575,
    -6.94375,
    -6.3125,
    -5.68125,
    -5.05,
    1.89375,
    6.3125
  ],
  "2_0": [
    6.3125,
    1.89375,
    -5.05,
    -5.68125,
    -6.3125,
    -6.94375,
    -7.575,
    -8.20625,
    -8.8375,
    -9.46875
  ],
  "2_1": [
    1.89375,
    6.3125,
    1.89375,
    -5.05,
    -5.68125,
    -6.3125,
    -6.94375,
    -7.575,
    -8.20625,
    -8.8375
  ],
  "2_2": [
    -5.05,
    1.89375,
    6.3125,
    1.89375,
    -5.05,
    -5.68125,
    -6.3125,
    -6.94375,
    -7.575,
    -8.20625
  ],
  "2_3": [
    -5.68125,
    -5.05,
    1.89375,
    6.3125,
    1.89375,
    -5.05,
    -5.68125,
    -6.3125,
    -6.94375,
    -7.575
  ],
  "2_4": [
    -6.3125,
    -5.68125,
    -5.05,
    1.89375,
    6.3125,
    1.89375,
    -5.05,
    -5.68125,
    -6.3125,
    -6.94375
  ],
  "2_5": [
    -6.94375,
    -6.3125,
    -5.68125,
    -5.05,
    1.89375,
    6.3125,
    1.89375,
    -5.05,
    -5.68125,
    -6.3125
  ],
  "2_6": [
    -7.575,
    -6.94375,
    -6.3125,
    -5.68125,
    -5.05,
    1.89375,
    6.3125,
    1.89375,
    -5.05,
    -5.68125
  ],
  "2_7": [
    -8.20625,
    -7.575,
    -6.94375,
    -6.3125,
    -5.68125,
    -5.05,
    1.89375,
    6.3125,
    1.89375,
    -5.05
  ],
  "2_8": [
    -8.8375,
    -8.20625,
    -7.575,
    -6.94375,
    -6.3125,
    -5.68125,
    -5.05,
    1.89375,
    6.3125,
    1.89375
  ],
  "2_9": [
    -9.46875,
    -8.8375,
    -8.20625,
    -7.575,
    -6.94375,
    -6.3125,
    -5.68125,
    -5.05,
    1.89375,
    6.3125
  ],
  "3_0": [
    6.3125,
    1.89375,
    -5.05,
    -5.68125,
    -6.3125,
    -6.94375,
    -7.575,
    -8.20625,
    -8.8375,
    -9.46875
  ],
  "3_1": [
    1.89375,
    6.3125,
    1.89375,
    -5.05,
    -5.68125,
    -6.3125,
    -6.94375,
    -7.575,
    -8.20625,
    -8.8375
  ],
  "3_2": [
    -5.05,
    1.89375,
    6.3125,
    1.89375,
    -5.05,
    -5.68125,
    -6.3125,
    -6.94375,
    -7.575,
    -8.20625
  ],
  "3_3": [
    -5.68125,
    -5.05,
    1.89375,
    6.3125,
    1.89375,
    -5.05,
    -5.68125,
    -6.3125,
    -6.94375,
    -7.575
  ],
  "3_4": [
    -6.3125,
    -5.68125,
    -5.05,
    1.89375,
    6.3125,
    1.89375,
    -5.05,
    -5.68125,
    -6.3125,
    -6.94375
  ],
  "3_5": [
    -6.94375,
    -6.3125,
    -5.68125,
    -5.05,
    1.89375,
    6.3125,
    1.89375,
    -5.05,
    -5.68125,
    -6.3125
  ],
  "3_6": [
    -7.575,
    -6.94375,
    -6.3125,
    -5.68125,
    -5.05,
    1.89375,
    6.3125,
    1.89375,
    -5.05,
    -5.68125
  ],
  "3_7": [
    -8.20625,
    -7.575,
    -6.94375,
    -6.3125,
    -5.68125,
    -5.05,
    1.89375,
    6.3125,
    1.89375,
    -5.05
  ],
  "3_8": [
    -8.8375,
    -8.20625,
    -7.575,
    -6.94375,
    -6.3125,
    -5.68125,
    -5.05,
    1.89375,
    6.3125,
    1.89375
  ],
  "3_9": [
    -9.46875,
    -8.8375,
    -8.20625,
    -7.575,
    -6.94375,
    -6.3125,
    -5.68125,
    -5.05,
    1.89375,
    6.3125
  ],
  "4_0": [
    6.3125,
    1.89375,
    -5.05,
    -5.68125,
    -6.3125,
    -6.94375,
    -7.575,
    -8.20625,
    -8.8375,
    -9.46875
  ],
  "4_1": [
    1.89375,
    6.3125,
    1.89375,
    -5.05,
    -5.68125,
    -6.3125,
    -6.94375,
    -7.575,
    -8.20625,
    -8.8375
  ],
  "4_2": [
    -5.05,
    1.89375,
    6.3125,
    1.89375,
    -5.05,
    -5.68125,
    -6.3125,
    -6.94375,
    -7.575,
    -8.20625
  ],
  "4_3": [
    -5.68125,
    -5.05,
    1.89375,
    6.3125,
    1.89375,
    -5.05,
    -5.68125,
    -6.3125,
    -6.94375,
    -7.575
  ],