{
  "0": [
    0.495,
    0.397833,
    0.1599,
    -0.104295,
    -0.30542,
    -0.420182,
    -0.470984,
    -0.48873,
    -0.493668,
    -0.494771
  ],
  "1": [
    0.397833,
    0.495,
    0.397833,
    0.1599,
    -0.104295,
    -0.30542,
    -0.420182,
    -0.470984,
    -0.48873,
    -0.493668
  ],
  "2": [
    0.1599,
    0.397833,
    0.495,
    0.397833,
    0.1599,
    -0.104295,
    -0.30542,
    -0.420182,
    -0.470984,
    -0.48873
  ],
  "3": [
    -0.104295,
    0.1599,
    0.397833,
    0.495,
    0.397833,
    0.1599,
    -0.104295,
    -0.30542,
    -0.420182,
    -0.470984
  ],
  "4": [
    -0.30542,
    -0.104295,
    0.1599,
    0.397833,
    0.495,
    0.397833,
    0.1599,
    -0.104295,
    -0.30542,
    -0.420182
  ],
  "5": [
    -0.420182,
    -0.30542,
    -0.104295,
    0.1599,
    0.397833,
    0.495,
    0.397833,
    0.1599,
    -0.104295,
    -0.30542
  ],
  "6": [
    -0.470984,
    -0.420182,
    -0.30542,
    -0.104295,
    0.1599,
    0.397833,
    0.495,
    0.397833,
    0.1599,
    -0.104295
  ],
  "7": [
    -0.48873,
    -0.470984,
    -0.420182,
    -0.30542,
    -0.104295,
    0.1599,
    0.397833,
    0.495,
    0.397833,
    0.1599
  ],
  "8": [
    -0.493668,
    -0.48873,
    -0.470984,
    -0.420182,
    -0.30542,
    -0.104295,
    0.1599,
    0.397833,
    0.495,
    0.397833
  ],
  "9": [
    -0.494771,
    -0.493668,
    -0.48873,
    -0.470984,
    -0.420182,
    -0.30542,
    -0.104295,
    0.1599,
    0.397833,
    0.495
  ],
  "0_0": [
    8.25,
    2.475,
    -6.6,
    -7.425,
    -8.25,
    -9.075,
    -9.9,
    -10.725,
    -11.55,
    -12.375
  ],
  "0_1": [
    2.475,
    8.25,
    2.475,
    -6.6,
    -7.425,
    -8.25,
    -9.075,
    -9.9,
    -10.725,
    -11.55
  ],
  "0_2": [
    -6.6,
    2.475,
    8.25,
    2.475,
    -6.6,
    -7.425,
    -8.25,
    -9.075,
    -9.9,
    -10.725
  ],
  "0_3": [
    -7.425,
    -6.6,
    2.475,
    8.25,
    2.475,
    -6.6,
    -7.425,
    -8.25,
    -9.075,
    -9.9
  ],
  "0_4": [
    -8.25,
    -7.425,
    -6.6,
    2.475,
    8.25,
    2.475,
    -6.6,
    -7.425,
    -8.25,
    -9.075
  ],
  "0_5": [
    -9.075,
    -8.25,
    -7.425,
    -6.6,
    2.475,
    8.25,
    2.475,
    -6.6,
    -7.425,
    -8.25
  ],
  "0_6": [
    -9.9,
    -9.075,
    -8.25,
    -7.425,
    -6.6,
    2.475,
    8.25,
    2.475,
    -6.6,
    -7.425
  ],
  "0_7": [
    -10.725,
    -9.9,
    -9.075,
    -8.25,
    -7.425,
    -6.6,
    2.475,
    8.25,
    2.475,
    -6.6
  ],
  "0_8": [
    -11.55,
    -10.725,
    -9.9,
    -9.075,
    -8.25,
    -7.425,
    -6.6,
    2.475,
    8.25,
    2.475
  ],
  "0_9": [
    -12.375,
    -11.55,
    -10.725,
    -9.9,
    -9.075,
    -8.25,
    -7.425,
    -6.6,
    2.475,
    8.25
  ],
  "1_0": [
    8.25,
    2.475,
    -6.6,
    -7.425,
    -8.25,
    -9.075,
    -9.9,
    -10.725,
    -11.55,
    -12.375
  ],
  "1_1": [
    2.475,
    8.25,
    2.475,
    -6.6,
    -7.425,
    -8.25,
    -9.075,
    -9.9,
    -10.725,
    -11.55
  ],
  "1_2": [
    -6.6,
    2.475,
    8.25,
    2.475,
    -6.6,
    -7.425,
    -8.25,
    -9.075,
    -9.9,
    -10.725
  ],
  "1_3": [
    -7.425,
    -6.6,
    2.475,
    8.25,
    2.475,
    -6.6,
    -7.425,
    -8.25,
    -9.075,
    -9.9
  ],
  "1_4": [
    -8.25,
    -7.425,
    -6.6,
    2.475,
    8.25,
    2.475,
    -6.6,
    -7.425,
    -8.25,
    -9.075
  ],
  "1_5": [
    -9.075,
    -8.25,
    -7.425,
    -6.6,
    2.475,
    8.25,
    2.475,
    -6.6,
    -7.425,
    -8.25
  ],
  "1_6": [
    -9.9,
    -9.075,
    -8.25,
    -7.425,
    -6.6,
    2.475,
    8.25,
    2.475,
    -6.6,
    -7.425
  ],
  "1_7": [
    -10.725,
    -9.9,
    -9.075,
    -8.25,
    -7.425,
    -6.6,
    2.475,
    8.25,
    2.475,
    -6.6
  ],
  "1_8": [
    -11.55,
    -10.725,
    -9.9,
    -9.075,
    -8.25,
    -7.425,
    -6.6,
    2.475,
    8.25,
    2.475
  ],
  "1_9": [
    -12.375,
    -11.55,
    -10.725,
    -9.9,
    -9.075,
    -8.25,
    -7.425,
    -6.6,
    2.475,
    8.25
  ],
  "2_0": [
    8.25,
    2.475,
    -6.6,
    -7.425,
    -8.25,
    -9.075,
    -9.9,
    -10.725,
    -11.55,
    -12.375
  ],
  "2_1": [
    2.475,
    8.25,
    2.475,
    -6.6,
    -7.425,
    -8.25,
    -9.075,
    -9.9,
    -10.725,
    -11.55
  ],
  "2_2": [
    -6.6,
    2.475,
    8.25,
    2.475,
    -6.6,
    -7.425,
    -8.25,
    -9.075,
    -9.9,
    -10.725
  ],
  "2_3": [
    -7.425,
    -6.6,
    2.475,
    8.25,
    2.475,
    -6.6,
    -7.425,
    -8.25,
    -9.075,
    -9.9
  ],
  "2_4": [
    -8.25,
    -7.425,
    -6.6,
    2.475,
    8.25,
    2.475,
    -6.6,
    -7.425,
    -8.25,
    -9.075
  ],
  "2_5": [
    -9.075,
    -8.25,
    -7.425,
    -6.6,
    2.475,
    8.25,
    2.475,
    -6.6,
    -7.425,
    -8.25
  ],
  "2_6": [
    -9.9,
    -9.075,
    -8.25,
    -7.425,
    -6.6,
    2.475,
    8.25,
    2.475,
    -6.6,
    -7.425
  ],
  "2_7": [
    -10.725,
    -9.9,
    -9.075,
    -8.25,
    -7.425,
    -6.6,
    2.475,
    8.25,
    2.475,
    -6.6
  ],
  "2_8": [
    -11.55,
    -10.725,
    -9.9,
    -9.075,
    -8.25,
    -7.425,
    -6.6,
    2.475,
    8.25,
    2.475
  ],
  "2_9": [
    -12.375,
    -11.55,
    -10.725,
    -9.9,
    -9.075,
    -8.25,
    -7.425,
    -6.6,
    2.475,
    8.25
  ],
  "3_0": [
    8.25,
    2.475,
    -6.6,
    -7.425,
    -8.25,
    -9.075,
    -9.9,
    -10.725,
    -11.55,
    -12.375
  ],
  "3_1": [
    2.475,
    8.25,
    2.475,
    -6.6,
    -7.425,
    -8.25,
    -9.075,
    -9.9,
    -10.725,
    -11.55
  ],
  "3_2": [
    -6.6,
    2.475,
    8.25,
    2.475,
    -6.6,
    -7.425,
    -8.25,
    -9.075,
    -9.9,
    -10.725
  ],
  "3_3": [
    -7.425,
    -6.6,
    2.475,
    8.25,
    2.475,
    -6.6,
    -7.425,
    -8.25,
    -9.075,
    -9.9
  ],
  "3_4": [
    -8.25,
    -7.425,
    -6.6,
    2.475,
    8.25,
    2.475,
    -6.6,
    -7.425,
    -8.25,
    -9.075
  ],
  "3_5": [
    -9.075,
    -8.25,
    -7.425,
    -6.6,
    2.475,
    8.25,
    2.475,
    -6.6,
    -7.425,
    -8.25
  ],
  "3_6": [
    -9.9,
    -9.075,
    -8.25,
    -7.425,
    -6.6,
    2.475,
    8.25,
    2.475,
    -6.6,
    -7.425
  ],
  "3_7": [
    -10.725,
    -9.9,
    -9.075,
    -8.25,
    -7.425,
    -6.6,
    2.475,
    8.25,
    2.475,
    -6.6
  ],
  "3_8": [
    -11.55,
    -10.725,
    -9.9,
    -9.075,
    -8.25,
    -7.425,
    -6.6,
    2.475,
    8.25,
    2.475
  ],
  "3_9": [
    -12.375,
    -11.55,
    -10.725,
    -9.9,
    -9.075,
    -8.25,
    -7.425,
    -6.6,
    2.475,
    8.25
  ],
  "4_0": [
    8.25,
    2.475,
    -6.6,
    -7.425,
    -8.25,
    -9.075,
    -9.9,
    -10.725,
    -11.55,
    -12.375
  ],
  "4_1": [
    2.475,
    8.25,
    2.475,
    -6.6,
    -7.425,
    -8.25,
    -9.075,
    -9.9,
    -10.725,
    -11.55
  ],
  "4_2": [
    -6.6,
    2.475,
    8.25,
    2.475,
    -6.6,
    -7.425,
    -8.25,
    -9.075,
    -9.9,
    -10.725
  ],
  "4_3": [
    -7.425,
    -6.6,
    2.475,
    8.25,
    2.475,
    -6.6,
    -7.425,
    -8.25,
    -9.075,
    -9.9
  ],
  "4_4": [
    -8.25,
    -7.425,
    -6.6,
    2.475,
    8.25,
    2.475,
    -6.6,
    -7.425,
    -8.25,
    -9.075
  ],
  "4_5": [
    -9.075,
    -8.25,
    -7.425,
    -6.6,
    2.475,
    8.25,
    2.475,
    -6.6,
    -7.425,
    -8.25
  ],
  "4_6": [
    -9.9,
    -9.075,
    -8.25,
    -7.425,
    -6.6,
    2.475,
    8.25,
    2.475,
    -6.6,
    -7.425
  ],
  "4_7": [
    -10.725,
    -9.9,
    -9.075,
    -8.25,
    -7.425,
    -6.6,
    2.475,
    8.25,
    2.475,
    -6.6
  ],
  "4_8": [
    -11.55,
    -10.725,
    -9.9,
    -9.075,
    -8.25,
    -7.425,
    -6.6,
    2.475,
    8.25,
    2.475
  ],
  "4_9": [
    -12.375,
    -11.55,
    -10.725,
    -9.9,
    -9.075,
    -8.25,
    -7.425,
    -6.6,
    2.475,
    8.25
  ],
  "5_0": [
    8.25,
    2.475,
    -6.6,
    -7.425,
    -8.25,
    -9.075,
    -9.9,
    -10.725,
    -11.55,
    -12.375
  ],