{
  "0": [
    0.31875,
    0.25618,
    0.102966,
    -0.06716,
    -0.196672,
    -0.270572,
    -0.303285,
    -0.314713,
    -0.317893,
    -0.318602
  ],
  "1": [
    0.25618,
    0.31875,
    0.25618,
    0.102966,
    -0.06716,
    -0.196672,
    -0.270572,
    -0.303285,
    -0.314713,
    -0.317893
  ],
  "2": [
    0.102966,
    0.25618,
    0.31875,
    0.25618,
    0.102966,
    -0.06716,
    -0.196672,
    -0.270572,
    -0.303285,
    -0.314713
  ],
  "3": [
    -0.06716,
    0.102966,
    0.25618,
    0.31875,
    0.25618,
    0.102966,
    -0.06716,
    -0.196672,
    -0.270572,
    -0.303285
  ],
  "4": [
    -0.196672,
    -0.06716,
    0.102966,
    0.25618,
    0.31875,
    0.25618,
    0.102966,
    -0.06716,
    -0.196672,
    -0.270572
  ],
  "5": [
    -0.270572,
    -0.196672,
    -0.06716,
    0.102966,
    0.25618,
    0.31875,
    0.25618,
    0.102966,
    -0.06716,
    -0.196672
  ],
  "6": [
    -0.303285,
    -0.270572,
    -0.196672,
    -0.06716,
    0.102966,
    0.25618,
    0.31875,
    0.25618,
    0.102966,
    -0.06716
  ],
  "7": [
    -0.314713,
    -0.303285,
    -0.270572,
    -0.196672,
    -0.06716,
    0.102966,
    0.25618,
    0.31875,
    0.25618,
    0.102966
  ],
  "8": [
    -0.317893,
    -0.314713,
    -0.303285,
    -0.270572,
    -0.196672,
    -0.06716,
    0.102966,
    0.25618,
    0.31875,
    0.25618
  ],
  "9": [
    -0.318602,
    -0.317893,
    -0.314713,
    -0.303285,
    -0.270572,
    -0.196672,
    -0.06716,
    0.102966,
    0.25618,
    0.31875
  ],
  "0_0": [
    5.3125,
    1.59375,
    -4.25,
    -4.78125,
    -5.3125,
    -5.84375,
    -6.375,
    -6.90625,
    -7.4375,
    -7.96875
  ],
  "0_1": [
    1.59375,
    5.3125,
    1.59375,
    -4.25,
    -4.78125,
    -5.3125,
    -5.84375,
    -6.375,
    -6.90625,
    -7.4375
  ],
  "0_2": [
    -4.25,
    1.59375,
    5.3125,
    1.59375,
    -4.25,
    -4.78125,
    -5.3125,
    -5.84375,
    -6.375,
    -6.90625
  ],
  "0_3": [
    -4.78125,
    -4.25,
    1.59375,
    5.3125,
    1.59375,
    -4.25,
    -4.78125,
    -5.3125,
    -5.84375,
    -6.375
  ],
  "0_4": [
    -5.3125,
    -4.78125,
    -4.25,
    1.59375,
    5.3125,
    1.59375,
    -4.25,
    -4.78125,
    -5.3125,
    -5.84375
  ],
  "0_5": [
    -5.84375,
    -5.3125,
    -4.78125,
    -4.25,
    1.59375,
    5.3125,
    1.59375,
    -4.25,
    -4.78125,
    -5.3125
  ],
  "0_6": [
    -6.375,
    -5.84375,
    -5.3125,
    -4.78125,
    -4.25,
    1.59375,
    5.3125,
    1.59375,
    -4.25,
    -4.78125
  ],
  "0_7": [
    -6.90625,
    -6.375,
    -5.84375,
    -5.3125,
    -4.78125,
    -4.25,
    1.59375,
    5.3125,
    1.59375,
    -4.25
  ],
  "0_8": [
    -7.4375,
    -6.90625,
    -6.375,
    -5.84375,
    -5.3125,
    -4.78125,
    -4.25,
    1.59375,
    5.3125,
    1.59375
  ],
  "0_9": [
    -7.96875,
    -7.4375,
    -6.90625,
    -6.375,
    -5.84375,
    -5.3125,
    -4.78125,
    -4.25,
    1.59375,
    5.3125
  ],
  "1_0": [
    5.3125,
    1.59375,
    -4.25,
    -4.78125,
    -5.3125,
    -5.84375,
    -6.375,
    -6.90625,
    -7.4375,
    -7.96875
  ],
  "1_1": [
    1.59375,
    5.3125,
    1.59375,
    -4.25,
    -4.78125,
    -5.3125,
    -5.84375,
    -6.375,
    -6.90625,
    -7.4375
  ],
  "1_2": [
    -4.25,
    1.59375,
    5.3125,
    1.59375,
    -4.25,
    -4.78125,
    -5.3125,
    -5.84375,
    -6.375,
    -6.90625
  ],
  "1_3": [
    -4.78125,
    -4.25,
    1.59375,
    5.3125,
    1.59375,
    -4.25,
    -4.78125,
    -5.3125,
    -5.84375,
    -6.375
  ],
  "1_4": [
    -5.3125,
    -4.78125,
    -4.25,
    1.59375,
    5.3125,
    1.59375,
    -4.25,
    -4.78125,
    -5.3125,
    -5.84375
  ],
  "1_5": [
    -5.84375,
    -5.3125,
    -4.78125,
    -4.25,
    1.59375,
    5.3125,
    1.59375,
    -4.25,
    -4.78125,
    -5.3125
  ],
  "1_6": [
    -6.375,
    -5.84375,
    -5.3125,
    -4.78125,
    -4.25,
    1.59375,
    5.3125,
    1.59375,
    -4.25,
    -4.78125
  ],
  "1_7": [
    -6.90625,
    -6.375,
    -5.84375,
    -5.3125,
    -4.78125,
    -4.25,
    1.59375,
    5.3125,
    1.59375,
    -4.25
  ],
  "1_8": [
    -7.4375,
    -6.90625,
    -6.375,
    -5.84375,
    -5.3125,
    -4.78125,
    -4.25,
    1.59375,
    5.3125,
    1.59375
  ],
  "1_9": [
    -7.96875,
    -7.4375,
    -6.90625,
    -6.375,
    -5.84375,
    -5.3125,
    -4.78125,
    -4.25,
    1.59375,
    5.3125
  ],
  "2_0": [
    5.3125,
    1.59375,
    -4.25,
    -4.78125,
    -5.3125,
    -5.84375,
    -6.375,
    -6.90625,
    -7.4375,
    -7.96875
  ],
  "2_1": [
    1.59375,
    5.3125,
    1.59375,
    -4.25,
    -4.78125,
    -5.3125,
    -5.84375,
    -6.375,
    -6.90625,
    -7.4375
  ],
  "2_2": [
    -4.25,
    1.59375,
    5.3125,
    1.59375,
    -4.25,
    -4.78125,
    -5.3125,
    -5.84375,
    -6.375,
    -6.90625
  ],
  "2_3": [
    -4.78125,
    -4.25,
    1.59375,
    5.3125,
    1.59375,
    -4.25,
    -4.78125,
    -5.3125,
    -5.84375,
    -6.375
  ],
  "2_4": [
    -5.3125,
    -4.78125,
    -4.25,
    1.59375,
    5.3125,
    1.59375,
    -4.25,
    -4.78125,
    -5.3125,
    -5.84375
  ],
  "2_5": [
    -5.84375,
    -5.3125,
    -4.78125,
    -4.25,
    1.59375,
    5.3125,
    1.59375,
    -4.25,
    -4.78125,
    -5.3125
  ],
  "2_6": [
    -6.375,
    -5.84375,
    -5.3125,
    -4.78125,
    -4.25,
    1.59375,
    5.3125,
    1.59375,
    -4.25,
    -4.78125
  ],
  "2_7": [
    -6.90625,
    -6.375,
    -5.84375,
    -5.3125,
    -4.78125,
    -4.25,
    1.59375,
    5.3125,
    1.59375,
    -4.25
  ],
  "2_8": [
    -7.4375,
    -6.90625,
    -6.375,
    -5.84375,
    -5.3125,
    -4.78125,
    -4.25,
    1.59375,
    5.3125,
    1.59375
  ],
  "2_9": [
    -7.96875,
    -7.4375,
    -6.90625,
    -6.375,
    -5.84375,
    -5.3125,
    -4.78125,
    -4.25,
    1.59375,
    5.3125
  ],
  "3_0": [
    5.3125,
    1.59375,
    -4.25,
    -4.78125,
    -5.3125,
    -5.84375,
    -6.375,
    -6.90625,
    -7.4375,
    -7.96875
  ],
  "3_1": [
    1.59375,
    5.3125,
    1.59375,
    -4.25,
    -4.78125,
    -5.3125,
    -5.84375,
    -6.375,
    -6.90625,
    -7.4375
  ],
  "3_2": [
    -4.25,
    1.59375,
    5.3125,
    1.59375,
    -4.25,
    -4.78125,
    -5.3125,
    -5.84375,
    -6.375,
    -6.90625
  ],
  "3_3": [
    -4.78125,
    -4.25,
    1.59375,
    5.3125,
    1.59375,
    -4.25,
    -4.78125,
    -5.3125,
    -5.84375,
    -6.375
  ],
  "3_4": [
    -5.3125,
    -4.78125,
    -4.25,
    1.59375,
    5.3125,
    1.59375,
    -4.25,
    -4.78125,
    -5.3125,
    -5.84375
  ],
  "3_5": [
    -5.84375,
    -5.3125,
    -4.78125,
    -4.25,
    1.59375,
    5.3125,
    1.59375,
    -4.25,
    -4.78125,
    -5.3125
  ],
  "3_6": [
    -6.375,
    -5.84375,
    -5.3125,
    -4.78125,
    -4.25,
    1.59375,
    5.3125,
    1.59375,
    -4.25,
    -4.78125
  ],
  "3_7": [
    -6.90625,
    -6.375,
    -5.84375,
    -5.3125,
    -4.78125,
    -4.25,
    1.59375,
    5.3125,
    1.59375,
    -4.25
  ],
  "3_8": [
    -7.4375,
    -6.90625,
    -6.375,
    -5.84375,
    -5.3125,
    -4.78125,
    -4.25,
    1.59375,
    5.3125,
    1.59375
  ],
  "3_9": [
    -7.96875,
    -7.4375,
    -6.90625,
    -6.375,
    -5.84375,
    -5.3125,
    -4.78125,
    -4.25,
    1.59375,
    5.3125
  ],
  "4_0": [
    5.3125,
    1.59375,
    -4.25,
    -4.78125,
    -5.3125,
    -5.84375,
    -6.375,
    -6.90625,
    -7.4375,
    -7.96875
  ],
  "4_1": [
    1.59375,
    5.3125,
    1.59375,
    -4.25,
    -4.78125,
    -5.3125,
    -5.84375,
    -6.375,
    -6.90625,
    -7.4375
  ],
  "4_2": [
    -4.25,
    1.59375,
    5.3125,
    1.59375,
    -4.25,
    -4.78125,
    -5.3125,
    -5.84375,
    -6.375,
    -6.90625
  ],
  "4_3": [
    -4.78125,
    -4.25,
    1.59375,
    5.3125,
    1.59375,
    -4.25,
    -4.78125,
    -5.3125,
    -5.84375,
    -6.375
  ],
  "4_4": [
    -5.3125,
    -4.78125,
    -4.25,
    1.59375,
    5.3125,
    1.59375,
    -4.25,
    -4.78125,
    -5.3125,
    -5.84375
  ],