{
  "0": [
    0.4575,
    0.367694,
    0.147786,
    -0.096394,
    -0.282282,
    -0.38835,
    -0.435304,
    -0.451705,
    -0.456269,
    -0.457288
  ],
  "1": [
    0.367694,
    0.4575,
    0.367694,
    0.147786,
    -0.096394,
    -0.282282,
    -0.38835,
    -0.435304,
    -0.451705,
    -0.456269
  ],
  "2": [
    0.147786,
    0.367694,
    0.4575,
    0.367694,
    0.147786,
    -0.096394,
    -0.282282,
    -0.38835,
    -0.435304,
    -0.451705
  ],
  "3": [
    -0.096394,
    0.147786,
    0.367694,
    0.4575,
    0.367694,
    0.147786,
    -0.096394,
    -0.282282,
    -0.38835,
    -0.435304
  ],
  "4": [
    -0.282282,
    -0.096394,
    0.147786,
    0.367694,
    0.4575,
    0.367694,
    0.147786,
    -0.096394,
    -0.282282,
    -0.38835
  ],
  "5": [
    -0.38835,
    -0.282282,
    -0.096394,
    0.147786,
    0.367694,
    0.4575,
    0.367694,
    0.147786,
    -0.096394,
    -0.282282
  ],
  "6": [
    -0.435304,
    -0.38835,
    -0.282282,
    -0.096394,
    0.147786,
    0.367694,
    0.4575,
    0.367694,
    0.147786,
    -0.096394
  ],
  "7": [
    -0.451705,
    -0.435304,
    -0.38835,
    -0.282282,
    -0.096394,
    0.147786,
    0.367694,
    0.4575,
    0.367694,
    0.147786
  ],
  "8": [
    -0.456269,
    -0.451705,
    -0.435304,
    -0.38835,
    -0.282282,
    -0.096394,
    0.147786,
    0.367694,
    0.4575,
    0.367694
  ],
  "9": [
    -0.457288,
    -0.456269,
    -0.451705,
    -0.435304,
    -0.38835,
    -0.282282,
    -0.096394,
    0.147786,
    0.367694,
    0.4575
  ],
  "0_0": [
    7.625,
    2.2875,
    -6.1,
    -6.8625,
    -7.625,
    -8.3875,
    -9.15,
    -9.9125,
    -10.675,
    -11.4375
  ],
  "0_1": [
    2.2875,
    7.625,
    2.2875,
    -6.1,
    -6.8625,
    -7.625,
    -8.3875,
    -9.15,
    -9.9125,
    -10.675
  ],
  "0_2": [
    -6.1,
    2.2875,
    7.625,
    2.2875,
    -6.1,
    -6.8625,
    -7.625,
    -8.3875,
    -9.15,
    -9.9125
  ],
  "0_3": [
    -6.8625,
    -6.1,
    2.2875,
    7.625,
    2.2875,
    -6.1,
    -6.8625,
    -7.625,
    -8.3875,
    -9.15
  ],
  "0_4": [
    -7.625,
    -6.8625,
    -6.1,
    2.2875,
    7.625,
    2.2875,
    -6.1,
    -6.8625,
    -7.625,
    -8.3875
  ],
  "0_5": [
    -8.3875,
    -7.625,
    -6.8625,
    -6.1,
    2.2875,
    7.625,
    2.2875,
    -6.1,
    -6.8625,
    -7.625
  ],
  "0_6": [
    -9.15,
    -8.3875,
    -7.625,
    -6.8625,
    -6.1,
    2.2875,
    7.625,
    2.2875,
    -6.1,
    -6.8625
  ],
  "0_7": [
    -9.9125,
    -9.15,
    -8.3875,
    -7.625,
    -6.8625,
    -6.1,
    2.2875,
    7.625,
    2.2875,
    -6.1
  ],
  "0_8": [
    -10.675,
    -9.9125,
    -9.15,
    -8.3875,
    -7.625,
    -6.8625,
    -6.1,
    2.2875,
    7.625,
    2.2875
  ],
  "0_9": [
    -11.4375,
    -10.675,
    -9.9125,
    -9.15,
    -8.3875,
    -7.625,
    -6.8625,
    -6.1,
    2.2875,
    7.625
  ],
  "1_0": [
    7.625,
    2.2875,
    -6.1,
    -6.8625,
    -7.625,
    -8.3875,
    -9.15,
    -9.9125,
    -10.675,
    -11.4375
  ],
  "1_1": [
    2.2875,
    7.625,
    2.2875,
    -6.1,
    -6.8625,
    -7.625,
    -8.3875,
    -9.15,
    -9.9125,
    -10.675
  ],
  "1_2": [
    -6.1,
    2.2875,
    7.625,
    2.2875,
    -6.1,
    -6.8625,
    -7.625,
    -8.3875,
    -9.15,
    -9.9125
  ],
  "1_3": [
    -6.8625,
    -6.1,
    2.2875,
    7.625,
    2.2875,
    -6.1,
    -6.8625,
    -7.625,
    -8.3875,
    -9.15
  ],
  "1_4": [
    -7.625,
    -6.8625,
    -6.1,
    2.2875,
    7.625,
    2.2875,
    -6.1,
    -6.8625,
    -7.625,
    -8.3875
  ],
  "1_5": [
    -8.3875,
    -7.625,
    -6.8625,
    -6.1,
    2.2875,
    7.625,
    2.2875,
    -6.1,
    -6.8625,
    -7.625
  ],
  "1_6": [
    -9.15,
    -8.3875,
    -7.625,
    -6.8625,
    -6.1,
    2.2875,
    7.625,
    2.2875,
    -6.1,
    -6.8625
  ],
  "1_7": [
    -9.9125,
    -9.15,
    -8.3875,
    -7.625,
    -6.8625,
    -6.1,
    2.2875,
    7.625,
    2.2875,
    -6.1
  ],
  "1_8": [
    -10.675,
    -9.9125,
    -9.15,
    -8.3875,
    -7.625,
    -6.8625,
    -6.1,
    2.2875,
    7.625,
    2.2875
  ],
  "1_9": [
    -11.4375,
    -10.675,
    -9.9125,
    -9.15,
    -8.3875,
    -7.625,
    -6.8625,
    -6.1,
    2.2875,
    7.625
  ],
  "2_0": [
    7.625,
    2.2875,
    -6.1,
    -6.8625,
    -7.625,
    -8.3875,
    -9.15,
    -9.9125,
    -10.675,
    -11.4375
  ],
  "2_1": [
    2.2875,
    7.625,
    2.2875,
    -6.1,
    -6.8625,
    -7.625,
    -8.3875,
    -9.15,
    -9.9125,
    -10.675
  ],
  "2_2": [
    -6.1,
    2.2875,
    7.625,
    2.2875,
    -6.1,
    -6.8625,
    -7.625,
    -8.3875,
    -9.15,
    -9.9125
  ],
  "2_3": [
    -6.8625,
    -6.1,
    2.2875,
    7.625,
    2.2875,
    -6.1,
    -6.8625,
    -7.625,
    -8.3875,
    -9.15
  ],
  "2_4": [
    -7.625,
    -6.8625,
    -6.1,
    2.2875,
    7.625,
    2.2875,
    -6.1,
    -6.8625,
    -7.625,
    -8.3875
  ],
  "2_5": [
    -8.3875,
    -7.625,
    -6.8625,
    -6.1,
    2.2875,
    7.625,
    2.2875,
    -6.1,
    -6.8625,
    -7.625
  ],
  "2_6": [
    -9.15,
    -8.3875,
    -7.625,
    -6.8625,
    -6.1,
    2.2875,
    7.625,
    2.2875,
    -6.1,
    -6.8625
  ],
  "2_7": [
    -9.9125,
    -9.15,
    -8.3875,
    -7.625,
    -6.8625,
    -6.1,
    2.2875,
    7.625,
    2.2875,
    -6.1
  ],
  "2_8": [
    -10.675,
    -9.9125,
    -9.15,
    -8.3875,
    -7.625,
    -6.8625,
    -6.1,
    2.2875,
    7.625,
    2.2875
  ],
  "2_9": [
    -11.4375,
    -10.675,
    -9.9125,
    -9.15,
    -8.3875,
    -7.625,
    -6.8625,
    -6.1,
    2.2875,
    7.625
  ],
  "3_0": [
    7.625,
    2.2875,
    -6.1,
    -6.8625,
    -7.625,
    -8.3875,
    -9.15,
    -9.9125,
    -10.675,
    -11.4375
  ],
  "3_1": [
    2.2875,
    7.625,
    2.2875,
    -6.1,
    -6.8625,
    -7.625,
    -8.3875,
    -9.15,
    -9.9125,
    -10.675
  ],
  "3_2": [
    -6.1,
    2.2875,
    7.625,
    2.2875,
    -6.1,
    -6.8625,
    -7.625,
    -8.3875,
    -9.15,
    -9.9125
  ],
  "3_3": [
    -6.8625,
    -6.1,
    2.2875,
    7.625,
    2.2875,
    -6.1,
    -6.8625,
    -7.625,
    -8.3875,
    -9.15
  ],
  "3_4": [
    -7.625,
    -6.8625,
    -6.1,
    2.2875,
    7.625,
    2.2875,
    -6.1,
    -6.8625,
    -7.625,
    -8.3875
  ],
  "3_5": [
    -8.3875,
    -7.625,
    -6.8625,
    -6.1,
    2.2875,
    7.625,
    2.2875,
    -6.1,
    -6.8625,
    -7.625
  ],
  "3_6": [
    -9.15,
    -8.3875,
    -7.625,
    -6.8625,
    -6.1,
    2.2875,
    7.625,
    2.2875,
    -6.1,
    -6.8625
  ],
  "3_7": [
    -9.9125,
    -9.15,
    -8.3875,
    -7.625,
    -6.8625,
    -6.1,
    2.2875,
    7.625,
    2.2875,
    -6.1
  ],
  "3_8": [
    -10.675,
    -9.9125,
    -9.15,
    -8.3875,
    -7.625,
    -6.8625,
    -6.1,
    2.2875,
    7.625,
    2.2875
  ],
  "3_9": [
    -11.4375,
    -10.675,
    -9.9125,
    -9.15,
    -8.3875,
    -7.625,
    -6.8625,
    -6.1,
    2.2875,
    7.625
  ],
  "4_0": [
    7.625,
    2.2875,
    -6.1,
    -6.8625,
    -7.625,
    -8.3875,
    -9.15,
    -9.9125,
    -10.675,
    -11.4375
  ],
  "4_1": [
    2.2875,
    7.625,
    2.2875,
    -6.1,
    -6.8625,
    -7.625,
    -8.3875,
    -9.15,
    -9.9125,
    -10.675
  ],
  "4_2": [
    -6.1,
    2.2875,
    7.625,
    2.2875,
    -6.1,
    -6.8625,
    -7.625,
    -8.3875,
    -9.15,
    -9.9125
  ],
  "4_3": [
    -6.8625,
    -6.1,
    2.2875,
    7.625,
    2.2875,
    -6.1,
    -6.8625,
    -7.625,
    -8.3875,
    -9.15
  ],
  "4_4": [
    -7.625,
    -6.8625,
    -6.1,
    2.2875,
    7.625,
    2.2875,
    -6.1,
    -6.8625,
    -7.625,
    -8.3875
  ],
  "4_5": [
    -8.3875,
    -7.625,
    -6.8625,
    -6.1,
    2.2875,
    7.625,
    2.2875,
    -6.1,
    -6.8625,
    -7.625
  ],
  "4_6": [
    -9.15,
    -8.3875,
    -7.625,
    -6.8625,
    -6.1,
    2.2875,
    7.625,
    2.2875,
    -6.1,
    -6.8625
  ],
  "4_7": [
    -9.9125,
    -9.15,
    -8.3875,
    -7.625,
    -6.8625,
    -6.1,
    2.2875,
    7.625,
    2.2875,
    -6.1
  ],