{
  "0": [
    0.315,
    0.253167,
    0.101754,
    -0.066369,
    -0.194358,
    -0.267389,
    -0.299717,
    -0.31101,
    -0.314153,
    -0.314854
  ],
  "1": [
    0.253167,
    0.315,
    0.253167,
    0.101754,
    -0.066369,
    -0.194358,
    -0.267389,
    -0.299717,
    -0.31101,
    -0.314153
  ],
  "2": [
    0.101754,
    0.253167,
    0.315,
    0.253167,
    0.101754,
    -0.066369,
    -0.194358,
    -0.267389,
    -0.299717,
    -0.31101
  ],
  "3": [
    -0.066369,
    0.101754,
    0.253167,
    0.315,
    0.253167,
    0.101754,
    -0.066369,
    -0.194358,
    -0.267389,
    -0.299717
  ],
  "4": [
    -0.194358,
    -0.066369,
    0.101754,
    0.253167,
    0.315,
    0.253167,
    0.101754,
    -0.066369,
    -0.194358,
    -0.267389
  ],
  "5": [
    -0.267389,
    -0.194358,
    -0.066369,
    0.101754,
    0.253167,
    0.315,
    0.253167,
    0.101754,
    -0.066369,
    -0.194358
  ],
  "6": [
    -0.299717,
    -0.267389,
    -0.194358,
    -0.066369,
    0.101754,
    0.253167,
    0.315,
    0.253167,
    0.101754,
    -0.066369
  ],
  "7": [
    -0.31101,
    -0.299717,
    -0.267389,
    -0.194358,
    -0.066369,
    0.101754,
    0.253167,
    0.315,
    0.253167,
    0.101754
  ],
  "8": [
    -0.314153,
    -0.31101,
    -0.299717,
    -0.267389,
    -0.194358,
    -0.066369,
    0.101754,
    0.253167,
    0.315,
    0.253167
  ],
  "9": [
    -0.314854,
    -0.314153,
    -0.31101,
    -0.299717,
    -0.267389,
    -0.194358,
    -0.066369,
    0.101754,
    0.253167,
    0.315
  ],
  "0_0": [
    5.25,
    1.575,
    -4.2,
    -4.725,
    -5.25,
    -5.775,
    -6.3,
    -6.825,
    -7.35,
    -7.875
  ],
  "0_1": [
    1.575,
    5.25,
    1.575,
    -4.2,
    -4.725,
    -5.25,
    -5.775,
    -6.3,
    -6.825,
    -7.35
  ],
  "0_2": [
    -4.2,
    1.575,
    5.25,
    1.575,
    -4.2,
    -4.725,
    -5.25,
    -5.775,
    -6.3,
    -6.825
  ],
  "0_3": [
    -4.725,
    -4.2,
    1.575,
    5.25,
    1.575,
    -4.2,
    -4.725,
    -5.25,
    -5.775,
    -6.3
  ],
  "0_4": [
    -5.25,
    -4.725,
    -4.2,
    1.575,
    5.25,
    1.575,
    -4.2,
    -4.725,
    -5.25,
    -5.775
  ],
  "0_5": [
    -5.775,
    -5.25,
    -4.725,
    -4.2,
    1.575,
    5.25,
    1.575,
    -4.2,
    -4.725,
    -5.25
  ],
  "0_6": [
    -6.3,
    -5.775,
    -5.25,
    -4.725,
    -4.2,
    1.575,
    5.25,
    1.575,
    -4.2,
    -4.725
  ],
  "0_7": [
    -6.825,
    -6.3,
    -5.775,
    -5.25,
    -4.725,
    -4.2,
    1.575,
    5.25,
    1.575,
    -4.2
  ],
  "0_8": [
    -7.35,
    -6.825,
    -6.3,
    -5.775,
    -5.25,
    -4.725,
    -4.2,
    1.575,
    5.25,
    1.575
  ],
  "0_9": [
    -7.875,
    -7.35,
    -6.825,
    -6.3,
    -5.775,
    -5.25,
    -4.725,
    -4.2,
    1.575,
    5.25
  ],
  "1_0": [
    5.25,
    1.575,
    -4.2,
    -4.725,
    -5.25,
    -5.775,
    -6.3,
    -6.825,
    -7.35,
    -7.875
  ],
  "1_1": [
    1.575,
    5.25,
    1.575,
    -4.2,
    -4.725,
    -5.25,
    -5.775,
    -6.3,
    -6.825,
    -7.35
  ],
  "1_2": [
    -4.2,
    1.575,
    5.25,
    1.575,
    -4.2,
    -4.725,
    -5.25,
    -5.775,
    -6.3,
    -6.825
  ],
  "1_3": [
    -4.725,
    -4.2,
    1.575,
    5.25,
    1.575,
    -4.2,
    -4.725,
    -5.25,
    -5.775,
    -6.3
  ],
  "1_4": [
    -5.25,
    -4.725,
    -4.2,
    1.575,
    5.25,
    1.575,
    -4.2,
    -4.725,
    -5.25,
    -5.775
  ],
  "1_5": [
    -5.775,
    -5.25,
    -4.725,
    -4.2,
    1.575,
    5.25,
    1.575,
    -4.2,
    -4.725,
    -5.25
  ],
  "1_6": [
    -6.3,
    -5.775,
    -5.25,
    -4.725,
    -4.2,
    1.575,
    5.25,
    1.575,
    -4.2,
    -4.725
  ],
  "1_7": [
    -6.825,
    -6.3,
    -5.775,
    -5.25,
    -4.725,
    -4.2,
    1.575,
    5.25,
    1.575,
    -4.2
  ],
  "1_8": [
    -7.35,
    -6.825,
    -6.3,
    -5.775,
    -5.25,
    -4.725,
    -4.2,
    1.575,
    5.25,
    1.575
  ],
  "1_9": [
    -7.875,
    -7.35,
    -6.825,
    -6.3,
    -5.775,
    -5.25,
    -4.725,
    -4.2,
    1.575,
    5.25
  ],
  "2_0": [
    5.25,
    1.575,
    -4.2,
    -4.725,
    -5.25,
    -5.775,
    -6.3,
    -6.825,
    -7.35,
    -7.875
  ],
  "2_1": [
    1.575,
    5.25,
    1.575,
    -4.2,
    -4.725,
    -5.25,
    -5.775,
    -6.3,
    -6.825,
    -7.35
  ],
  "2_2": [
    -4.2,
    1.575,
    5.25,
    1.575,
    -4.2,
    -4.725,
    -5.25,
    -5.775,
    -6.3,
    -6.825
  ],
  "2_3": [
    -4.725,
    -4.2,
    1.575,
    5.25,
    1.575,
    -4.2,
    -4.725,
    -5.25,
    -5.775,
    -6.3
  ],
  "2_4": [
    -5.25,
    -4.725,
    -4.2,
    1.575,
    5.25,
    1.575,
    -4.2,
    -4.725,
    -5.25,
    -5.775
  ],
  "2_5": [
    -5.775,
    -5.25,
    -4.725,
    -4.2,
    1.575,
    5.25,
    1.575,
    -4.2,
    -4.725,
    -5.25
  ],
  "2_6": [
    -6.3,
    -5.775,
    -5.25,
    -4.725,
    -4.2,
    1.575,
    5.25,
    1.575,
    -4.2,
    -4.725
  ],
  "2_7": [
    -6.825,
    -6.3,
    -5.775,
    -5.25,
    -4.725,
    -4.2,
    1.575,
    5.25,
    1.575,
    -4.2
  ],
  "2_8": [
    -7.35,
    -6.825,
    -6.3,
    -5.775,
    -5.25,
    -4.725,
    -4.2,
    1.575,
    5.25,
    1.575
  ],
  "2_9": [
    -7.875,
    -7.35,
    -6.825,
    -6.3,
    -5.775,
    -5.25,
    -4.725,
    -4.2,
    1.575,
    5.25
  ],
  "3_0": [
    5.25,
    1.575,
    -4.2,
    -4.725,
    -5.25,
    -5.775,
    -6.3,
    -6.825,
    -7.35,
    -7.875
  ],
  "3_1": [
    1.575,
    5.25,
    1.575,
    -4.2,
    -4.725,
    -5.25,
    -5.775,
    -6.3,
    -6.825,
    -7.35
  ],
  "3_2": [
    -4.2,
    1.575,
    5.25,
    1.575,
    -4.2,
    -4.725,
    -5.25,
    -5.775,
    -6.3,
    -6.825
  ],
  "3_3": [
    -4.725,
    -4.2,
    1.575,
    5.25,
    1.575,
    -4.2,
    -4.725,
    -5.25,
    -5.775,
    -6.3
  ],
  "3_4": [
    -5.25,
    -4.725,
    -4.2,
    1.575,
    5.25,
    1.575,
    -4.2,
    -4.725,
    -5.25,
    -5.775
  ],
  "3_5": [
    -5.775,
    -5.25,
    -4.725,
    -4.2,
    1.575,
    5.25,
    1.575,
    -4.2,
    -4.725,
    -5.25
  ],
  "3_6": [
    -6.3,
    -5.775,
    -5.25,
    -4.725,
    -4.2,
    1.575,
    5.25,
    1.575,
    -4.2,
    -4.725
  ],
  "3_7": [
    -6.825,
    -6.3,
    -5.775,
    -5.25,
    -4.725,
    -4.2,
    1.575,
    5.25,
    1.575,
    -4.2
  ],
  "3_8": [
    -7.35,
    -6.825,
    -6.3,
    -5.775,
    -5.25,
    -4.725,
    -4.2,
    1.575,
    5.25,
    1.575
  ],
  "3_9": [
    -7.875,
    -7.35,
    -6.825,
    -6.3,
    -5.775,
    -5.25,
    -4.725,
    -4.2,
    1.575,
    5.25
  ],
  "4_0": [
    5.25,
    1.575,
    -4.2,
    -4.725,
    -5.25,
    -5.775,
    -6.3,
    -6.825,
    -7.35,
    -7.875
  ],
  "4_1": [
    1.575,
    5.25,
    1.575,
    -4.2,
    -4.725,
    -5.25,
    -5.775,
    -6.3,
    -6.825,
    -7.35
  ],
  "4_2": [
    -4.2,
    1.575,
    5.25,
    1.575,
    -4.2,
    -4.725,
    -5.25,
    -5.775,
    -6.3,
    -6.825
  ],
  "4_3": [
    -4.725,
    -4.2,
    1.575,
    5.25,
    1.575,
    -4.2,
    -4.725,
    -5.25,
    -5.775,
    -6.3
  ],
  "4_4": [
    -5.25,
    -4.725,
    -4.2,
    1.575,
    5.25,
    1.575,
    -4.2,
    -4.725,
    -5.25,
    -5.775
  ],
  "4_5": [
    -5.775,
    -5.25,
    -4.725,
    -4.2,
    1.575,
    5.25,
    1.575,
    -4.2,
    -4.725,
    -5.25
  ],
  "4_6": [
    -6.3,
    -5.775,
    -5.25,
    -4.725,
    -4.2,
    1.575,
    5.25,
    1.575,
    -4.2,
    -4.725
  ],
  "4_7": [
    -6.825,
    -6.3,
    -5.775,
    -5.25,
    -4.725,
    -4.2,
    1.575,
    5.25,
    1.575,
    -4.2
  ],
  "4_8": [
    -7.35,
    -6.825,
    -6.3,
    -5.775,
    -5.25,
    -4.725,
    -4.2,
    1.575,
    5.25,
    1.575
  ],
  "4_9": [
    -7.875,
    -7.35,
    -6.825,
    -6.3,
    -5.775,
    -5.25,
    -4.725,
    -4.2,
    1.575,
    5.25
  ],
  "5_0": [
    5.25,
    1.575,
    -4.2,
    -4.725,
    -5.25,
    -5.775,
    -6.3,
    -6.825,
    -7.35,
    -7.875
  ],