{
  "0": [
    0.47625,
    0.382764,
    0.153843,
    -0.100344,
    -0.293851,
    -0.404266,
    -0.453144,
    -0.470218,
    -0.474969,
    -0.476029
  ],
  "1": [
    0.382764,
    0.47625,
    0.382764,
    0.153843,
    -0.100344,
    -0.293851,
    -0.404266,
    -0.453144,
    -0.470218,
    -0.474969
  ],
  "2": [
    0.153843,
    0.382764,
    0.47625,
    0.382764,
    0.153843,
    -0.100344,
    -0.293851,
    -0.404266,
    -0.453144,
    -0.470218
  ],
  "3": [
    -0.100344,
    0.153843,
    0.382764,
    0.47625,
    0.382764,
    0.153843,
    -0.100344,
    -0.293851,
    -0.404266,
    -0.453144
  ],
  "4": [
    -0.293851,
    -0.100344,
    0.153843,
    0.382764,
    0.47625,
    0.382764,
    0.153843,
    -0.100344,
    -0.293851,
    -0.404266
  ],
  "5": [
    -0.404266,
    -0.293851,
    -0.100344,
    0.153843,
    0.382764,
    0.47625,
    0.382764,
    0.153843,
    -0.100344,
    -0.293851
  ],
  "6": [
    -0.453144,
    -0.404266,
    -0.293851,
    -0.100344,
    0.153843,
    0.382764,
    0.47625,
    0.382764,
    0.153843,
    -0.100344
  ],
  "7": [
    -0.470218,
    -0.453144,
    -0.404266,
    -0.293851,
    -0.100344,
    0.153843,
    0.382764,
    0.47625,
    0.382764,
    0.153843
  ],
  "8": [
    -0.474969,
    -0.470218,
    -0.453144,
    -0.404266,
    -0.293851,
    -0.100344,
    0.153843,
    0.382764,
    0.47625,
    0.382764
  ],
  "9": [
    -0.476029,
    -0.474969,
    -0.470218,
    -0.453144,
    -0.404266,
    -0.293851,
    -0.100344,
    0.153843,
    0.382764,
    0.47625
  ],
  "0_0": [
    7.9375,
    2.38125,
    -6.35,
    -7.14375,
    -7.9375,
    -8.73125,
    -9.525,
    -10.31875,
    -11.1125,
    -11.90625
  ],
  "0_1": [
    2.38125,
    7.9375,
    2.38125,
    -6.35,
    -7.14375,
    -7.9375,
    -8.73125,
    -9.525,
    -10.31875,
    -11.1125
  ],
  "0_2": [
    -6.35,
    2.38125,
    7.9375,
    2.38125,
    -6.35,
    -7.14375,
    -7.9375,
    -8.73125,
    -9.525,
    -10.31875
  ],
  "0_3": [
    -7.14375,
    -6.35,
    2.38125,
    7.9375,
    2.38125,
    -6.35,
    -7.14375,
    -7.9375,
    -8.73125,
    -9.525
  ],
  "0_4": [
    -7.9375,
    -7.14375,
    -6.35,
    2.38125,
    7.9375,
    2.38125,
    -6.35,
    -7.14375,
    -7.9375,
    -8.73125
  ],
  "0_5": [
    -8.73125,
    -7.9375,
    -7.14375,
    -6.35,
    2.38125,
    7.9375,
    2.38125,
    -6.35,
    -7.14375,
    -7.9375
  ],
  "0_6": [
    -9.525,
    -8.73125,
    -7.9375,
    -7.14375,
    -6.35,
    2.38125,
    7.9375,
    2.38125,
    -6.35,
    -7.14375
  ],
  "0_7": [
    -10.31875,
    -9.525,
    -8.73125,
    -7.9375,
    -7.14375,
    -6.35,
    2.38125,
    7.9375,
    2.38125,
    -6.35
  ],
  "0_8": [
    -11.1125,
    -10.31875,
    -9.525,
    -8.73125,
    -7.9375,
    -7.14375,
    -6.35,
    2.38125,
    7.9375,
    2.38125
  ],
  "0_9": [
    -11.90625,
    -11.1125,
    -10.31875,
    -9.525,
    -8.73125,
    -7.9375,
    -7.14375,
    -6.35,
    2.38125,
    7.9375
  ],
  "1_0": [
    7.9375,
    2.38125,
    -6.35,
    -7.14375,
    -7.9375,
    -8.73125,
    -9.525,
    -10.31875,
    -11.1125,
    -11.90625
  ],
  "1_1": [
    2.38125,
    7.9375,
    2.38125,
    -6.35,
    -7.14375,
    -7.9375,
    -8.73125,
    -9.525,
    -10.31875,
    -11.1125
  ],
  "1_2": [
    -6.35,
    2.38125,
    7.9375,
    2.38125,
    -6.35,
    -7.14375,
    -7.9375,
    -8.73125,
    -9.525,
    -10.31875
  ],
  "1_3": [
    -7.14375,
    -6.35,
    2.38125,
    7.9375,
    2.38125,
    -6.35,
    -7.14375,
    -7.9375,
    -8.73125,
    -9.525
  ],
  "1_4": [
    -7.9375,
    -7.14375,
    -6.35,
    2.38125,
    7.9375,
    2.38125,
    -6.35,
    -7.14375,
    -7.9375,
    -8.73125
  ],
  "1_5": [
    -8.73125,
    -7.9375,
    -7.14375,
    -6.35,
    2.38125,
    7.9375,
    2.38125,
    -6.35,
    -7.14375,
    -7.9375
  ],
  "1_6": [
    -9.525,
    -8.73125,
    -7.9375,
    -7.14375,
    -6.35,
    2.38125,
    7.9375,
    2.38125,
    -6.35,
    -7.14375
  ],
  "1_7": [
    -10.31875,
    -9.525,
    -8.73125,
    -7.9375,
    -7.14375,
    -6.35,
    2.38125,
    7.9375,
    2.38125,
    -6.35
  ],
  "1_8": [
    -11.1125,
    -10.31875,
    -9.525,
    -8.73125,
    -7.9375,
    -7.14375,
    -6.35,
    2.38125,
    7.9375,
    2.38125
  ],
  "1_9": [
    -11.90625,
    -11.1125,
    -10.31875,
    -9.525,
    -8.73125,
    -7.9375,
    -7.14375,
    -6.35,
    2.38125,
    7.9375
  ],
  "2_0": [
    7.9375,
    2.38125,
    -6.35,
    -7.14375,
    -7.9375,
    -8.73125,
    -9.525,
    -10.31875,
    -11.1125,
    -11.90625
  ],
  "2_1": [
    2.38125,
    7.9375,
    2.38125,
    -6.35,
    -7.14375,
    -7.9375,
    -8.73125,
    -9.525,
    -10.31875,
    -11.1125
  ],
  "2_2": [
    -6.35,
    2.38125,
    7.9375,
    2.38125,
    -6.35,
    -7.14375,
    -7.9375,
    -8.73125,
    -9.525,
    -10.31875
  ],
  "2_3": [
    -7.14375,
    -6.35,
    2.38125,
    7.9375,
    2.38125,
    -6.35,
    -7.14375,
    -7.9375,
    -8.73125,
    -9.525
  ],
  "2_4": [
    -7.9375,
    -7.14375,
    -6.35,
    2.38125,
    7.9375,
    2.38125,
    -6.35,
    -7.14375,
    -7.9375,
    -8.73125
  ],
  "2_5": [
    -8.73125,
    -7.9375,
    -7.14375,
    -6.35,
    2.38125,
    7.9375,
    2.38125,
    -6.35,
    -7.14375,
    -7.9375
  ],
  "2_6": [
    -9.525,
    -8.73125,
    -7.9375,
    -7.14375,
    -6.35,
    2.38125,
    7.9375,
    2.38125,
    -6.35,
    -7.14375
  ],
  "2_7": [
    -10.31875,
    -9.525,
    -8.73125,
    -7.9375,
    -7.14375,
    -6.35,
    2.38125,
    7.9375,
    2.38125,
    -6.35
  ],
  "2_8": [
    -11.1125,
    -10.31875,
    -9.525,
    -8.73125,
    -7.9375,
    -7.14375,
    -6.35,
    2.38125,
    7.9375,
    2.38125
  ],
  "2_9": [
    -11.90625,
    -11.1125,
    -10.31875,
    -9.525,
    -8.73125,
    -7.9375,
    -7.14375,
    -6.35,
    2.38125,
    7.9375
  ],
  "3_0": [
    7.9375,
    2.38125,
    -6.35,
    -7.14375,
    -7.9375,
    -8.73125,
    -9.525,
    -10.31875,
    -11.1125,
    -11.90625
  ],
  "3_1": [
    2.38125,
    7.9375,
    2.38125,
    -6.35,
    -7.14375,
    -7.9375,
    -8.73125,
    -9.525,
    -10.31875,
    -11.1125
  ],
  "3_2": [
    -6.35,
    2.38125,
    7.9375,
    2.38125,
    -6.35,
    -7.14375,
    -7.9375,
    -8.73125,
    -9.525,
    -10.31875
  ],
  "3_3": [
    -7.14375,
    -6.35,
    2.38125,
    7.9375,
    2.38125,
    -6.35,
    -7.14375,
    -7.9375,
    -8.73125,
    -9.525
  ],
  "3_4": [
    -7.9375,
    -7.14375,
    -6.35,
    2.38125,
    7.9375,
    2.38125,
    -6.35,
    -7.14375,
    -7.9375,
    -8.73125
  ],
  "3_5": [
    -8.73125,
    -7.9375,
    -7.14375,
    -6.35,
    2.38125,
    7.9375,
    2.38125,
    -6.35,
    -7.14375,
    -7.9375
  ],
  "3_6": [
    -9.525,
    -8.73125,
    -7.9375,
    -7.14375,
    -6.35,
    2.38125,
    7.9375,
    2.38125,
    -6.35,
    -7.14375
  ],
  "3_7": [
    -10.31875,
    -9.525,
    -8.73125,
    -7.9375,
    -7.14375,
    -6.35,
    2.38125,
    7.9375,
    2.38125,
    -6.35
  ],
  "3_8": [
    -11.1125,
    -10.31875,
    -9.525,
    -8.73125,
    -7.9375,
    -7.14375,
    -6.35,
    2.38125,
    7.9375,
    2.38125
  ],
  "3_9": [
    -11.90625,
    -11.1125,
    -10.31875,
    -9.525,
    -8.73125,
    -7.9375,
    -7.14375,
    -6.35,
    2.38125,
    7.9375
  ],
  "4_0": [
    7.9375,
    2.38125,
    -6.35,
    -7.14375,
    -7.9375,
    -8.73125,
    -9.525,
    -10.31875,
    -11.1125,
    -11.90625
  ],
  "4_1": [
    2.38125,
    7.9375,
    2.38125,
    -6.35,
    -7.14375,
    -7.9375,
    -8.73125,
    -9.525,
    -10.31875,
    -11.1125
  ],
  "4_2": [
    -6.35,
    2.38125,
    7.9375,
    2.38125,
    -6.35,
    -7.14375,
    -7.9375,
    -8.73125,
    -9.525,
    -10.31875
  ],
  "4_3": [
    -7.14375,
    -6.35,
    2.38125,
    7.9375,
    2.38125,
    -6.35,
    -7.14375,
    -7.9375,
    -8.73125,
    -9.525
  ],