{
  "0": [
    0.34875,
    0.280292,
    0.112657,
    -0.07348,
    -0.215182,
    -0.296038,
    -0.33183,
    -0.344333,
    -0.347812,
    -0.348588
  ],
  "1": [
    0.280292,
    0.34875,
    0.280292,
    0.112657,
    -0.07348,
    -0.215182,
    -0.296038,
    -0.33183,
    -0.344333,
    -0.347812
  ],
  "2": [
    0.112657,
    0.280292,
    0.34875,
    0.280292,
    0.112657,
    -0.07348,
    -0.215182,
    -0.296038,
    -0.33183,
    -0.344333
  ],
  "3": [
    -0.07348,
    0.112657,
    0.280292,
    0.34875,
    0.280292,
    0.112657,
    -0.07348,
    -0.215182,
    -0.296038,
    -0.33183
  ],
  "4": [
    -0.215182,
    -0.07348,
    0.112657,
    0.280292,
    0.34875,
    0.280292,
    0.112657,
    -0.07348,
    -0.215182,
    -0.296038
  ],
  "5": [
    -0.296038,
    -0.215182,
    -0.07348,
    0.112657,
    0.280292,
    0.34875,
    0.280292,
    0.112657,
    -0.07348,
    -0.215182
  ],
  "6": [
    -0.33183,
    -0.296038,
    -0.215182,
    -0.07348,
    0.112657,
    0.280292,
    0.34875,
    0.280292,
    0.112657,
    -0.07348
  ],
  "7": [
    -0.344333,
    -0.33183,
    -0.296038,
    -0.215182,
    -0.07348,
    0.112657,
    0.280292,
    0.34875,
    0.280292,
    0.112657
  ],
  "8": [
    -0.347812,
    -0.344333,
    -0.33183,
    -0.296038,
    -0.215182,
    -0.07348,
    0.112657,
    0.280292,
    0.34875,
    0.280292
  ],
  "9": [
    -0.348588,
    -0.347812,
    -0.344333,
    -0.33183,
    -0.296038,
    -0.215182,
    -0.07348,
    0.112657,
    0.280292,
    0.34875
  ],
  "0_0": [
    5.8125,
    1.74375,
    -4.65,
    -5.23125,
    -5.8125,
    -6.39375,
    -6.975,
    -7.55625,
    -8.1375,
    -8.71875
  ],
  "0_1": [
    1.74375,
    5.8125,
    1.74375,
    -4.65,
    -5.23125,
    -5.8125,
    -6.39375,
    -6.975,
    -7.55625,
    -8.1375
  ],
  "0_2": [
    -4.65,
    1.74375,
    5.8125,
    1.74375,
    -4.65,
    -5.23125,
    -5.8125,
    -6.39375,
    -6.975,
    -7.55625
  ],
  "0_3": [
    -5.23125,
    -4.65,
    1.74375,
    5.8125,
    1.74375,
    -4.65,
    -5.23125,
    -5.8125,
    -6.39375,
    -6.975
  ],
  "0_4": [
    -5.8125,
    -5.23125,
    -4.65,
    1.74375,
    5.8125,
    1.74375,
    -4.65,
    -5.23125,
    -5.8125,
    -6.39375
  ],
  "0_5": [
    -6.39375,
    -5.8125,
    -5.23125,
    -4.65,
    1.74375,
    5.8125,
    1.74375,
    -4.65,
    -5.23125,
    -5.8125
  ],
  "0_6": [
    -6.975,
    -6.39375,
    -5.8125,
    -5.23125,
    -4.65,
    1.74375,
    5.8125,
    1.74375,
    -4.65,
    -5.23125
  ],
  "0_7": [
    -7.55625,
    -6.975,
    -6.39375,
    -5.8125,
    -5.23125,
    -4.65,
    1.74375,
    5.8125,
    1.74375,
    -4.65
  ],
  "0_8": [
    -8.1375,
    -7.55625,
    -6.975,
    -6.39375,
    -5.8125,
    -5.23125,
    -4.65,
    1.74375,
    5.8125,
    1.74375
  ],
  "0_9": [
    -8.71875,
    -8.1375,
    -7.55625,
    -6.975,
    -6.39375,
    -5.8125,
    -5.23125,
    -4.65,
    1.74375,
    5.8125
  ],
  "1_0": [
    5.8125,
    1.74375,
    -4.65,
    -5.23125,
    -5.8125,
    -6.39375,
    -6.975,
    -7.55625,
    -8.1375,
    -8.71875
  ],
  "1_1": [
    1.74375,
    5.8125,
    1.74375,
    -4.65,
    -5.23125,
    -5.8125,
    -6.39375,
    -6.975,
    -7.55625,
    -8.1375
  ],
  "1_2": [
    -4.65,
    1.74375,
    5.8125,
    1.74375,
    -4.65,
    -5.23125,
    -5.8125,
    -6.39375,
    -6.975,
    -7.55625
  ],
  "1_3": [
    -5.23125,
    -4.65,
    1.74375,
    5.8125,
    1.74375,
    -4.65,
    -5.23125,
    -5.8125,
    -6.39375,
    -6.975
  ],
  "1_4": [
    -5.8125,
    -5.23125,
    -4.65,
    1.74375,
    5.8125,
    1.74375,
    -4.65,
    -5.23125,
    -5.8125,
    -6.39375
  ],
  "1_5": [
    -6.39375,
    -5.8125,
    -5.23125,
    -4.65,
    1.74375,
    5.8125,
    1.74375,
    -4.65,
    -5.23125,
    -5.8125
  ],
  "1_6": [
    -6.975,
    -6.39375,
    -5.8125,
    -5.23125,
    -4.65,
    1.74375,
    5.8125,
    1.74375,
    -4.65,
    -5.23125
  ],
  "1_7": [
    -7.55625,
    -6.975,
    -6.39375,
    -5.8125,
    -5.23125,
    -4.65,
    1.74375,
    5.8125,
    1.74375,
    -4.65
  ],
  "1_8": [
    -8.1375,
    -7.55625,
    -6.975,
    -6.39375,
    -5.8125,
    -5.23125,
    -4.65,
    1.74375,
    5.8125,
    1.74375
  ],
  "1_9": [
    -8.71875,
    -8.1375,
    -7.55625,
    -6.975,
    -6.39375,
    -5.8125,
    -5.23125,
    -4.65,
    1.74375,
    5.8125
  ],
  "2_0": [
    5.8125,
    1.74375,
    -4.65,
    -5.23125,
    -5.8125,
    -6.39375,
    -6.975,
    -7.55625,
    -8.1375,
    -8.71875
  ],
  "2_1": [
    1.74375,
    5.8125,
    1.74375,
    -4.65,
    -5.23125,
    -5.8125,
    -6.39375,
    -6.975,
    -7.55625,
    -8.1375
  ],
  "2_2": [
    -4.65,
    1.74375,
    5.8125,
    1.74375,
    -4.65,
    -5.23125,
    -5.8125,
    -6.39375,
    -6.975,
    -7.55625
  ],
  "2_3": [
    -5.23125,
    -4.65,
    1.74375,
    5.8125,
    1.74375,
    -4.65,
    -5.23125,
    -5.8125,
    -6.39375,
    -6.975
  ],
  "2_4": [
    -5.8125,
    -5.23125,
    -4.65,
    1.74375,
    5.8125,
    1.74375,
    -4.65,
    -5.23125,
    -5.8125,
    -6.39375
  ],
  "2_5": [
    -6.39375,
    -5.8125,
    -5.23125,
    -4.65,
    1.74375,
    5.8125,
    1.74375,
    -4.65,
    -5.23125,
    -5.8125
  ],
  "2_6": [
    -6.975,
    -6.39375,
    -5.8125,
    -5.23125,
    -4.65,
    1.74375,
    5.8125,
    1.74375,
    -4.65,
    -5.23125
  ],
  "2_7": [
    -7.55625,
    -6.975,
    -6.39375,
    -5.8125,
    -5.23125,
    -4.65,
    1.74375,
    5.8125,
    1.74375,
    -4.65
  ],
  "2_8": [
    -8.1375,
    -7.55625,
    -6.975,
    -6.39375,
    -5.8125,
    -5.23125,
    -4.65,
    1.74375,
    5.8125,
    1.74375
  ],
  "2_9": [
    -8.71875,
    -8.1375,
    -7.55625,
    -6.975,
    -6.39375,
    -5.8125,
    -5.23125,
    -4.65,
    1.74375,
    5.8125
  ],
  "3_0": [
    5.8125,
    1.74375,
    -4.65,
    -5.23125,
    -5.8125,
    -6.39375,
    -6.975,
    -7.55625,
    -8.1375,
    -8.71875
  ],
  "3_1": [
    1.74375,
    5.8125,
    1.74375,
    -4.65,
    -5.23125,
    -5.8125,
    -6.39375,
    -6.975,
    -7.55625,
    -8.1375
  ],
  "3_2": [
    -4.65,
    1.74375,
    5.8125,
    1.74375,
    -4.65,
    -5.23125,
    -5.8125,
    -6.39375,
    -6.975,
    -7.55625
  ],
  "3_3": [
    -5.23125,
    -4.65,
    1.74375,
    5.8125,
    1.74375,
    -4.65,
    -5.23125,
    -5.8125,
    -6.39375,
    -6.975
  ],
  "3_4": [
    -5.8125,
    -5.23125,
    -4.65,
    1.74375,
    5.8125,
    1.74375,
    -4.65,
    -5.23125,
    -5.8125,
    -6.39375
  ],
  "3_5": [
    -6.39375,
    -5.8125,
    -5.23125,
    -4.65,
    1.74375,
    5.8125,
    1.74375,
    -4.65,
    -5.23125,
    -5.8125
  ],
  "3_6": [
    -6.975,
    -6.39375,
    -5.8125,
    -5.23125,
    -4.65,
    1.74375,
    5.8125,
    1.74375,
    -4.65,
    -5.23125
  ],
  "3_7": [
    -7.55625,
    -6.975,
    -6.39375,
    -5.8125,
    -5.23125,
    -4.65,
    1.74375,
    5.8125,
    1.74375,
    -4.65
  ],
  "3_8": [
    -8.1375,
    -7.55625,
    -6.975,
    -6.39375,
    -5.8125,
    -5.23125,
    -4.65,
    1.74375,
    5.8125,
    1.74375
  ],
  "3_9": [
    -8.71875,
    -8.1375,
    -7.55625,
    -6.975,
    -6.39375,
    -5.8125,
    -5.23125,
    -4.65,
    1.74375,
    5.8125
  ],
  "4_0": [
    5.8125,
    1.74375,
    -4.65,
    -5.23125,
    -5.8125,
    -6.39375,
    -6.975,
    -7.55625,
    -8.1375,
    -8.71875
  ],
  "4_1": [
    1.74375,
    5.8125,
    1.74375,
    -4.65,
    -5.23125,
    -5.8125,
    -6.39375,
    -6.975,
    -7.55625,
    -8.1375
  ],
  "4_2": [
    -4.65,
    1.74375,
    5.8125,
    1.74375,
    -4.65,
    -5.23125,
    -5.8125,
    -6.39375,
    -6.975,
    -7.55625
  ],
  "4_3": [
    -5.23125,
    -4.65,
    1.74375,
    5.8125,
    1.74375,
    -4.65,
    -5.23125,
    -5.8125,
    -6.39375,
    -6.975
  ],
  "4_4": [
    -5.8125,
    -5.23125,
    -4.65,
    1.74375,
    5.8125,
    1.74375,
    -4.65,
    -5.23125,
    -5.8125,
    -6.39375
  ],