{
  "0": [
    0.5025,
    0.403861,
    0.162323,
    -0.105875,
    -0.310048,
    -0.426549,
    -0.47812,
    -0.496135,
    -0.501148,
    -0.502267
  ],
  "1": [
    0.403861,
    0.5025,
    0.403861,
    0.162323,
    -0.105875,
    -0.310048,
    -0.426549,
    -0.47812,
    -0.496135,
    -0.501148
  ],
  "2": [
    0.162323,
    0.403861,
    0.5025,
    0.403861,
    0.162323,
    -0.105875,
    -0.310048,
    -0.426549,
    -0.47812,
    -0.496135
  ],
  "3": [
    -0.105875,
    0.162323,
    0.403861,
    0.5025,
    0.403861,
    0.162323,
    -0.105875,
    -0.310048,
    -0.426549,
    -0.47812
  ],
  "4": [
    -0.310048,
    -0.105875,
    0.162323,
    0.403861,
    0.5025,
    0.403861,
    0.162323,
    -0.105875,
    -0.310048,
    -0.426549
  ],
  "5": [
    -0.426549,
    -0.310048,
    -0.105875,
    0.162323,
    0.403861,
    0.5025,
    0.403861,
    0.162323,
    -0.105875,
    -0.310048
  ],
  "6": [
    -0.47812,
    -0.426549,
    -0.310048,
    -0.105875,
    0.162323,
    0.403861,
    0.5025,
    0.403861,
    0.162323,
    -0.105875
  ],
  "7": [
    -0.496135,
    -0.47812,
    -0.426549,
    -0.310048,
    -0.105875,
    0.162323,
    0.403861,
    0.5025,
    0.403861,
    0.162323
  ],
  "8": [
    -0.501148,
    -0.496135,
    -0.47812,
    -0.426549,
    -0.310048,
    -0.105875,
    0.162323,
    0.403861,
    0.5025,
    0.403861
  ],
  "9": [
    -0.502267,
    -0.501148,
    -0.496135,
    -0.47812,
    -0.426549,
    -0.310048,
    -0.105875,
    0.162323,
    0.403861,
    0.5025
  ],
  "0_0": [
    8.375,
    2.5125,
    -6.7,
    -7.5375,
    -8.375,
    -9.2125,
    -10.05,
    -10.8875,
    -11.725,
    -12.5625
  ],
  "0_1": [
    2.5125,
    8.375,
    2.5125,
    -6.7,
    -7.5375,
    -8.375,
    -9.2125,
    -10.05,
    -10.8875,
    -11.725
  ],
  "0_2": [
    -6.7,
    2.5125,
    8.375,
    2.5125,
    -6.7,
    -7.5375,
    -8.375,
    -9.2125,
    -10.05,
    -10.8875
  ],
  "0_3": [
    -7.5375,
    -6.7,
    2.5125,
    8.375,
    2.5125,
    -6.7,
    -7.5375,
    -8.375,
    -9.2125,
    -10.05
  ],
  "0_4": [
    -8.375,
    -7.5375,
    -6.7,
    2.5125,
    8.375,
    2.5125,
    -6.7,
    -7.5375,
    -8.375,
    -9.2125
  ],
  "0_5": [
    -9.2125,
    -8.375,
    -7.5375,
    -6.7,
    2.5125,
    8.375,
    2.5125,
    -6.7,
    -7.5375,
    -8.375
  ],
  "0_6": [
    -10.05,
    -9.2125,
    -8.375,
    -7.5375,
    -6.7,
    2.5125,
    8.375,
    2.5125,
    -6.7,
    -7.5375
  ],
  "0_7": [
    -10.8875,
    -10.05,
    -9.2125,
    -8.375,
    -7.5375,
    -6.7,
    2.5125,
    8.375,
    2.5125,
    -6.7
  ],
  "0_8": [
    -11.725,
    -10.8875,
    -10.05,
    -9.2125,
    -8.375,
    -7.5375,
    -6.7,
    2.5125,
    8.375,
    2.5125
  ],
  "0_9": [
    -12.5625,
    -11.725,
    -10.8875,
    -10.05,
    -9.2125,
    -8.375,
    -7.5375,
    -6.7,
    2.5125,
    8.375
  ],
  "1_0": [
    8.375,
    2.5125,
    -6.7,
    -7.5375,
    -8.375,
    -9.2125,
    -10.05,
    -10.8875,
    -11.725,
    -12.5625
  ],
  "1_1": [
    2.5125,
    8.375,
    2.5125,
    -6.7,
    -7.5375,
    -8.375,
    -9.2125,
    -10.05,
    -10.8875,
    -11.725
  ],
  "1_2": [
    -6.7,
    2.5125,
    8.375,
    2.5125,
    -6.7,
    -7.5375,
    -8.375,
    -9.2125,
    -10.05,
    -10.8875
  ],
  "1_3": [
    -7.5375,
    -6.7,
    2.5125,
    8.375,
    2.5125,
    -6.7,
    -7.5375,
    -8.375,
    -9.2125,
    -10.05
  ],
  "1_4": [
    -8.375,
    -7.5375,
    -6.7,
    2.5125,
    8.375,
    2.5125,
    -6.7,
    -7.5375,
    -8.375,
    -9.2125
  ],
  "1_5": [
    -9.2125,
    -8.375,
    -7.5375,
    -6.7,
    2.5125,
    8.375,
    2.5125,
    -6.7,
    -7.5375,
    -8.375
  ],
  "1_6": [
    -10.05,
    -9.2125,
    -8.375,
    -7.5375,
    -6.7,
    2.5125,
    8.375,
    2.5125,
    -6.7,
    -7.5375
  ],
  "1_7": [
    -10.8875,
    -10.05,
    -9.2125,
    -8.375,
    -7.5375,
    -6.7,
    2.5125,
    8.375,
    2.5125,
    -6.7
  ],
  "1_8": [
    -11.725,
    -10.8875,
    -10.05,
    -9.2125,
    -8.375,
    -7.5375,
    -6.7,
    2.5125,
    8.375,
    2.5125
  ],
  "1_9": [
    -12.5625,
    -11.725,
    -10.8875,
    -10.05,
    -9.2125,
    -8.375,
    -7.5375,
    -6.7,
    2.5125,
    8.375
  ],
  "2_0": [
    8.375,
    2.5125,
    -6.7,
    -7.5375,
    -8.375,
    -9.2125,
    -10.05,
    -10.8875,
    -11.725,
    -12.5625
  ],
  "2_1": [
    2.5125,
    8.375,
    2.5125,
    -6.7,
    -7.5375,
    -8.375,
    -9.2125,
    -10.05,
    -10.8875,
    -11.725
  ],
  "2_2": [
    -6.7,
    2.5125,
    8.375,
    2.5125,
    -6.7,
    -7.5375,
    -8.375,
    -9.2125,
    -10.05,
    -10.8875
  ],
  "2_3": [
    -7.5375,
    -6.7,
    2.5125,
    8.375,
    2.5125,
    -6.7,
    -7.5375,
    -8.375,
    -9.2125,
    -10.05
  ],
  "2_4": [
    -8.375,
    -7.5375,
    -6.7,
    2.5125,
    8.375,
    2.5125,
    -6.7,
    -7.5375,
    -8.375,
    -9.2125
  ],
  "2_5": [
    -9.2125,
    -8.375,
    -7.5375,
    -6.7,
    2.5125,
    8.375,
    2.5125,
    -6.7,
    -7.5375,
    -8.375
  ],
  "2_6": [
    -10.05,
    -9.2125,
    -8.375,
    -7.5375,
    -6.7,
    2.5125,
    8.375,
    2.5125,
    -6.7,
    -7.5375
  ],
  "2_7": [
    -10.8875,
    -10.05,
    -9.2125,
    -8.375,
    -7.5375,
    -6.7,
    2.5125,
    8.375,
    2.5125,
    -6.7
  ],
  "2_8": [
    -11.725,
    -10.8875,
    -10.05,
    -9.2125,
    -8.375,
    -7.5375,
    -6.7,
    2.5125,
    8.375,
    2.5125
  ],
  "2_9": [
    -12.5625,
    -11.725,
    -10.8875,
    -10.05,
    -9.2125,
    -8.375,
    -7.5375,
    -6.7,
    2.5125,
    8.375
  ],
  "3_0": [
    8.375,
    2.5125,
    -6.7,
    -7.5375,
    -8.375,
    -9.2125,
    -10.05,
    -10.8875,
    -11.725,
    -12.5625
  ],
  "3_1": [
    2.5125,
    8.375,
    2.5125,
    -6.7,
    -7.5375,
    -8.375,
    -9.2125,
    -10.05,
    -10.8875,
    -11.725
  ],
  "3_2": [
    -6.7,
    2.5125,
    8.375,
    2.5125,
    -6.7,
    -7.5375,
    -8.375,
    -9.2125,
    -10.05,
    -10.8875
  ],
  "3_3": [
    -7.5375,
    -6.7,
    2.5125,
    8.375,
    2.5125,
    -6.7,
    -7.5375,
    -8.375,
    -9.2125,
    -10.05
  ],
  "3_4": [
    -8.375,
    -7.5375,
    -6.7,
    2.5125,
    8.375,
    2.5125,
    -6.7,
    -7.5375,
    -8.375,
    -9.2125
  ],
  "3_5": [
    -9.2125,
    -8.375,
    -7.5375,
    -6.7,
    2.5125,
    8.375,
    2.5125,
    -6.7,
    -7.5375,
    -8.375
  ],
  "3_6": [
    -10.05,
    -9.2125,
    -8.375,
    -7.5375,
    -6.7,
    2.5125,
    8.375,
    2.5125,
    -6.7,
    -7.5375
  ],
  "3_7": [
    -10.8875,
    -10.05,
    -9.2125,
    -8.375,
    -7.5375,
    -6.7,
    2.5125,
    8.375,
    2.5125,
    -6.7
  ],
  "3_8": [
    -11.725,
    -10.8875,
    -10.05,
    -9.2125,
    -8.375,
    -7.5375,
    -6.7,
    2.5125,
    8.375,
    2.5125
  ],
  "3_9": [
    -12.5625,
    -11.725,
    -10.8875,
    -10.05,
    -9.2125,
    -8.375,
    -7.5375,
    -6.7,
    2.5125,
    8.375
  ],
  "4_0": [
    8.375,
    2.5125,
    -6.7,
    -7.5375,
    -8.375,
    -9.2125,
    -10.05,
    -10.8875,
    -11.725,
    -12.5625
  ],
  "4_1": [
    2.5125,
    8.375,
    2.5125,
    -6.7,
    -7.5375,
    -8.375,
    -9.2125,
    -10.05,
    -10.8875,
    -11.725
  ],
  "4_2": [
    -6.7,
    2.5125,
    8.375,
    2.5125,
    -6.7,
    -7.5375,
    -8.375,
    -9.2125,
    -10.05,
    -10.8875
  ],
  "4_3": [
    -7.5375,
    -6.7,
    2.5125,
    8.375,
    2.5125,
    -6.7,
    -7.5375,
    -8.375,
    -9.2125,
    -10.05
  ],
  "4_4": [
    -8.375,
    -7.5375,
    -6.7,
    2.5125,
    8.375,
    2.5125,
    -6.7,
    -7.5375,
    -8.375,
    -9.2125
  ],
  "4_5": [
    -9.2125,
    -8.375,
    -7.5375,
    -6.7,
    2.5125,
    8.375,
    2.5125,
    -6.7,
    -7.5375,
    -8.375
  ],
  "4_6": [
    -10.05,
    -9.2125,
    -8.375,
    -7.5375,
    -6.7,
    2.5125,
    8.375,
    2.5125,
    -6.7,
    -7.5375
  ],