{
  "0": [
    0.30375,
    0.244125,
    0.09812,
    -0.063999,
    -0.187417,
    -0.257839,
    -0.289013,
    -0.299903,
    -0.302933,
    -0.303609
  ],
  "1": [
    0.244125,
    0.30375,
    0.244125,
    0.09812,
    -0.063999,
    -0.187417,
    -0.257839,
    -0.289013,
    -0.299903,
    -0.302933
  ],
  "2": [
    0.09812,
    0.244125,
    0.30375,
    0.244125,
    0.09812,
    -0.063999,
    -0.187417,
    -0.257839,
    -0.289013,
    -0.299903
  ],
  "3": [
    -0.063999,
    0.09812,
    0.244125,
    0.30375,
    0.244125,
    0.09812,
    -0.063999,
    -0.187417,
    -0.257839,
    -0.289013
  ],
  "4": [
    -0.187417,
    -0.063999,
    0.09812,
    0.244125,
    0.30375,
    0.244125,
    0.09812,
    -0.063999,
    -0.187417,
    -0.257839
  ],
  "5": [
    -0.257839,
    -0.187417,
    -0.063999,
    0.09812,
    0.244125,
    0.30375,
    0.244125,
    0.09812,
    -0.063999,
    -0.187417
  ],
  "6": [
    -0.289013,
    -0.257839,
    -0.187417,
    -0.063999,
    0.09812,
    0.244125,
    0.30375,
    0.244125,
    0.09812,
    -0.063999
  ],
  "7": [
    -0.299903,
    -0.289013,
    -0.257839,
    -0.187417,
    -0.063999,
    0.09812,
    0.244125,
    0.30375,
    0.244125,
    0.09812
  ],
  "8": [
    -0.302933,
    -0.299903,
    -0.289013,
    -0.257839,
    -0.187417,
    -0.063999,
    0.09812,
    0.244125,
    0.30375,
    0.244125
  ],
  "9": [
    -0.303609,
    -0.302933,
    -0.299903,
    -0.289013,
    -0.257839,
    -0.187417,
    -0.063999,
    0.09812,
    0.244125,
    0.30375
  ],
  "0_0": [
    5.0625,
    1.51875,
    -4.05,
    -4.55625,
    -5.0625,
    -5.56875,
    -6.075,
    -6.58125,
    -7.0875,
    -7.59375
  ],
  "0_1": [
    1.51875,
    5.0625,
    1.51875,
    -4.05,
    -4.55625,
    -5.0625,
    -5.56875,
    -6.075,
    -6.58125,
    -7.0875
  ],
  "0_2": [
    -4.05,
    1.51875,
    5.0625,
    1.51875,
    -4.05,
    -4.55625,
    -5.0625,
    -5.56875,
    -6.075,
    -6.58125
  ],
  "0_3": [
    -4.55625,
    -4.05,
    1.51875,
    5.0625,
    1.51875,
    -4.05,
    -4.55625,
    -5.0625,
    -5.56875,
    -6.075
  ],
  "0_4": [
    -5.0625,
    -4.55625,
    -4.05,
    1.51875,
    5.0625,
    1.51875,
    -4.05,
    -4.55625,
    -5.0625,
    -5.56875
  ],
  "0_5": [
    -5.56875,
    -5.0625,
    -4.55625,
    -4.05,
    1.51875,
    5.0625,
    1.51875,
    -4.05,
    -4.55625,
    -5.0625
  ],
  "0_6": [
    -6.075,
    -5.56875,
    -5.0625,
    -4.55625,
    -4.05,
    1.51875,
    5.0625,
    1.51875,
    -4.05,
    -4.55625
  ],
  "0_7": [
    -6.58125,
    -6.075,
    -5.56875,
    -5.0625,
    -4.55625,
    -4.05,
    1.51875,
    5.0625,
    1.51875,
    -4.05
  ],
  "0_8": [
    -7.0875,
    -6.58125,
    -6.075,
    -5.56875,
    -5.0625,
    -4.55625,
    -4.05,
    1.51875,
    5.0625,
    1.51875
  ],
  "0_9": [
    -7.59375,
    -7.0875,
    -6.58125,
    -6.075,
    -5.56875,
    -5.0625,
    -4.55625,
    -4.05,
    1.51875,
    5.0625
  ],
  "1_0": [
    5.0625,
    1.51875,
    -4.05,
    -4.55625,
    -5.0625,
    -5.56875,
    -6.075,
    -6.58125,
    -7.0875,
    -7.59375
  ],
  "1_1": [
    1.51875,
    5.0625,
    1.51875,
    -4.05,
    -4.55625,
    -5.0625,
    -5.56875,
    -6.075,
    -6.58125,
    -7.0875
  ],
  "1_2": [
    -4.05,
    1.51875,
    5.0625,
    1.51875,
    -4.05,
    -4.55625,
    -5.0625,
    -5.56875,
    -6.075,
    -6.58125
  ],
  "1_3": [
    -4.55625,
    -4.05,
    1.51875,
    5.0625,
    1.51875,
    -4.05,
    -4.55625,
    -5.0625,
    -5.56875,
    -6.075
  ],
  "1_4": [
    -5.0625,
    -4.55625,
    -4.05,
    1.51875,
    5.0625,
    1.51875,
    -4.05,
    -4.55625,
    -5.0625,
    -5.56875
  ],
  "1_5": [
    -5.56875,
    -5.0625,
    -4.55625,
    -4.05,
    1.51875,
    5.0625,
    1.51875,
    -4.05,
    -4.55625,
    -5.0625
  ],
  "1_6": [
    -6.075,
    -5.56875,
    -5.0625,
    -4.55625,
    -4.05,
    1.51875,
    5.0625,
    1.51875,
    -4.05,
    -4.55625
  ],
  "1_7": [
    -6.58125,
    -6.075,
    -5.56875,
    -5.0625,
    -4.55625,
    -4.05,
    1.51875,
    5.0625,
    1.51875,
    -4.05
  ],
  "1_8": [
    -7.0875,
    -6.58125,
    -6.075,
    -5.56875,
    -5.0625,
    -4.55625,
    -4.05,
    1.51875,
    5.0625,
    1.51875
  ],
  "1_9": [
    -7.59375,
    -7.0875,
    -6.58125,
    -6.075,
    -5.56875,
    -5.0625,
    -4.55625,
    -4.05,
    1.51875,
    5.0625
  ],
  "2_0": [
    5.0625,
    1.51875,
    -4.05,
    -4.55625,
    -5.0625,
    -5.56875,
    -6.075,
    -6.58125,
    -7.0875,
    -7.59375
  ],
  "2_1": [
    1.51875,
    5.0625,
    1.51875,
    -4.05,
    -4.55625,
    -5.0625,
    -5.56875,
    -6.075,
    -6.58125,
    -7.0875
  ],
  "2_2": [
    -4.05,
    1.51875,
    5.0625,
    1.51875,
    -4.05,
    -4.55625,
    -5.0625,
    -5.56875,
    -6.075,
    -6.58125
  ],
  "2_3": [
    -4.55625,
    -4.05,
    1.51875,
    5.0625,
    1.51875,
    -4.05,
    -4.55625,
    -5.0625,
    -5.56875,
    -6.075
  ],
  "2_4": [
    -5.0625,
    -4.55625,
    -4.05,
    1.51875,
    5.0625,
    1.51875,
    -4.05,
    -4.55625,
    -5.0625,
    -5.56875
  ],
  "2_5": [
    -5.56875,
    -5.0625,
    -4.55625,
    -4.05,
    1.51875,
    5.0625,
    1.51875,
    -4.05,
    -4.55625,
    -5.0625
  ],
  "2_6": [
    -6.075,
    -5.56875,
    -5.0625,
    -4.55625,
    -4.05,
    1.51875,
    5.0625,
    1.51875,
    -4.05,
    -4.55625
  ],
  "2_7": [
    -6.58125,
    -6.075,
    -5.56875,
    -5.0625,
    -4.55625,
    -4.05,
    1.51875,
    5.0625,
    1.51875,
    -4.05
  ],
  "2_8": [
    -7.0875,
    -6.58125,
    -6.075,
    -5.56875,
    -5.0625,
    -4.55625,
    -4.05,
    1.51875,
    5.0625,
    1.51875
  ],
  "2_9": [
    -7.59375,
    -7.0875,
    -6.58125,
    -6.075,
    -5.56875,
    -5.0625,
    -4.55625,
    -4.05,
    1.51875,
    5.0625
  ],
  "3_0": [
    5.0625,
    1.51875,
    -4.05,
    -4.55625,
    -5.0625,
    -5.56875,
    -6.075,
    -6.58125,
    -7.0875,
    -7.59375
  ],
  "3_1": [
    1.51875,
    5.0625,
    1.51875,
    -4.05,
    -4.55625,
    -5.0625,
    -5.56875,
    -6.075,
    -6.58125,
    -7.0875
  ],
  "3_2": [
    -4.05,
    1.51875,
    5.0625,
    1.51875,
    -4.05,
    -4.55625,
    -5.0625,
    -5.56875,
    -6.075,
    -6.58125
  ],
  "3_3": [
    -4.55625,
    -4.05,
    1.51875,
    5.0625,
    1.51875,
    -4.05,
    -4.55625,
    -5.0625,
    -5.56875,
    -6.075
  ],
  "3_4": [
    -5.0625,
    -4.55625,
    -4.05,
    1.51875,
    5.0625,
    1.51875,
    -4.05,
    -4.55625,
    -5.0625,
    -5.56875
  ],
  "3_5": [
    -5.56875,
    -5.0625,
    -4.55625,
    -4.05,
    1.51875,
    5.0625,
    1.51875,
    -4.05,
    -4.55625,
    -5.0625
  ],
  "3_6": [
    -6.075,
    -5.56875,
    -5.0625,
    -4.55625,
    -4.05,
    1.51875,
    5.0625,
    1.51875,
    -4.05,
    -4.55625
  ],
  "3_7": [
    -6.58125,
    -6.075,
    -5.56875,
    -5.0625,
    -4.55625,
    -4.05,
    1.51875,
    5.0625,
    1.51875,
    -4.05
  ],
  "3_8": [
    -7.0875,
    -6.58125,
    -6.075,
    -5.56875,
    -5.0625,
    -4.55625,
    -4.05,
    1.51875,
    5.0625,
    1.51875
  ],
  "3_9": [
    -7.59375,
    -7.0875,
    -6.58125,
    -6.075,
    -5.56875,
    -5.0625,
    -4.55625,
    -4.05,
    1.51875,
    5.0625
  ],
  "4_0": [
    5.0625,
    1.51875,
    -4.05,
    -4.55625,
    -5.0625,
    -5.56875,
    -6.075,
    -6.58125,
    -7.0875,
    -7.59375
  ],
  "4_1": [
    1.51875,
    5.0625,
    1.51875,
    -4.05,
    -4.55625,
    -5.0625,
    -5.56875,
    -6.075,
    -6.58125,
    -7.0875
  ],
  "4_2": [
    -4.05,
    1.51875,
    5.0625,
    1.51875,
    -4.05,
    -4.55625,
    -5.0625,
    -5.56875,
    -6.075,
    -6.58125
  ],
  "4_3": [
    -4.55625,
    -4.05,
    1.51875,
    5.0625,
    1.51875,
    -4.05,
    -4.55625,
    -5.0625,
    -5.56875,
    -6.075
  ],