{
  "0": [
    0.43125,
    0.346597,
    0.139307,
    -0.090863,
    -0.266086,
    -0.366068,
    -0.410327,
    -0.425788,
    -0.43009,
    -0.43105
  ],
  "1": [
    0.346597,
    0.43125,
    0.346597,
    0.139307,
    -0.090863,
    -0.266086,
    -0.366068,
    -0.410327,
    -0.425788,
    -0.43009
  ],
  "2": [
    0.139307,
    0.346597,
    0.43125,
    0.346597,
    0.139307,
    -0.090863,
    -0.266086,
    -0.366068,
    -0.410327,
    -0.425788
  ],
  "3": [
    -0.090863,
    0.139307,
    0.346597,
    0.43125,
    0.346597,
    0.139307,
    -0.090863,
    -0.266086,
    -0.366068,
    -0.410327
  ],
  "4": [
    -0.266086,
    -0.090863,
    0.139307,
    0.346597,
    0.43125,
    0.346597,
    0.139307,
    -0.090863,
    -0.266086,
    -0.366068
  ],
  "5": [
    -0.366068,
    -0.266086,
    -0.090863,
    0.139307,
    0.346597,
    0.43125,
    0.346597,
    0.139307,
    -0.090863,
    -0.266086
  ],
  "6": [
    -0.410327,
    -0.366068,
    -0.266086,
    -0.090863,
    0.139307,
    0.346597,
    0.43125,
    0.346597,
    0.139307,
    -0.090863
  ],
  "7": [
    -0.425788,
    -0.410327,
    -0.366068,
    -0.266086,
    -0.090863,
    0.139307,
    0.346597,
    0.43125,
    0.346597,
    0.139307
  ],
  "8": [
    -0.43009,
    -0.425788,
    -0.410327,
    -0.366068,
    -0.266086,
    -0.090863,
    0.139307,
    0.346597,
    0.43125,
    0.346597
  ],
  "9": [
    -0.43105,
    -0.43009,
    -0.425788,
    -0.410327,
    -0.366068,
    -0.266086,
    -0.090863,
    0.139307,
    0.346597,
    0.43125
  ],
  "0_0": [
    7.1875,
    2.15625,
    -5.75,
    -6.46875,
    -7.1875,
    -7.90625,
    -8.625,
    -9.34375,
    -10.0625,
    -10.78125
  ],
  "0_1": [
    2.15625,
    7.1875,
    2.15625,
    -5.75,
    -6.46875,
    -7.1875,
    -7.90625,
    -8.625,
    -9.34375,
    -10.0625
  ],
  "0_2": [
    -5.75,
    2.15625,
    7.1875,
    2.15625,
    -5.75,
    -6.46875,
    -7.1875,
    -7.90625,
    -8.625,
    -9.34375
  ],
  "0_3": [
    -6.46875,
    -5.75,
    2.15625,
    7.1875,
    2.15625,
    -5.75,
    -6.46875,
    -7.1875,
    -7.90625,
    -8.625
  ],
  "0_4": [
    -7.1875,
    -6.46875,
    -5.75,
    2.15625,
    7.1875,
    2.15625,
    -5.75,
    -6.46875,
    -7.1875,
    -7.90625
  ],
  "0_5": [
    -7.90625,
    -7.1875,
    -6.46875,
    -5.75,
    2.15625,
    7.1875,
    2.15625,
    -5.75,
    -6.46875,
    -7.1875
  ],
  "0_6": [
    -8.625,
    -7.90625,
    -7.1875,
    -6.46875,
    -5.75,
    2.15625,
    7.1875,
    2.15625,
    -5.75,
    -6.46875
  ],
  "0_7": [
    -9.34375,
    -8.625,
    -7.90625,
    -7.1875,
    -6.46875,
    -5.75,
    2.15625,
    7.1875,
    2.15625,
    -5.75
  ],
  "0_8": [
    -10.0625,
    -9.34375,
    -8.625,
    -7.90625,
    -7.1875,
    -6.46875,
    -5.75,
    2.15625,
    7.1875,
    2.15625
  ],
  "0_9": [
    -10.78125,
    -10.0625,
    -9.34375,
    -8.625,
    -7.90625,
    -7.1875,
    -6.46875,
    -5.75,
    2.15625,
    7.1875
  ],
  "1_0": [
    7.1875,
    2.15625,
    -5.75,
    -6.46875,
    -7.1875,
    -7.90625,
    -8.625,
    -9.34375,
    -10.0625,
    -10.78125
  ],
  "1_1": [
    2.15625,
    7.1875,
    2.15625,
    -5.75,
    -6.46875,
    -7.1875,
    -7.90625,
    -8.625,
    -9.34375,
    -10.0625
  ],
  "1_2": [
    -5.75,
    2.15625,
    7.1875,
    2.15625,
    -5.75,
    -6.46875,
    -7.1875,
    -7.90625,
    -8.625,
    -9.34375
  ],
  "1_3": [
    -6.46875,
    -5.75,
    2.15625,
    7.1875,
    2.15625,
    -5.75,
    -6.46875,
    -7.1875,
    -7.90625,
    -8.625
  ],
  "1_4": [
    -7.1875,
    -6.46875,
    -5.75,
    2.15625,
    7.1875,
    2.15625,
    -5.75,
    -6.46875,
    -7.1875,
    -7.90625
  ],
  "1_5": [
    -7.90625,
    -7.1875,
    -6.46875,
    -5.75,
    2.15625,
    7.1875,
    2.15625,
    -5.75,
    -6.46875,
    -7.1875
  ],
  "1_6": [
    -8.625,
    -7.90625,
    -7.1875,
    -6.46875,
    -5.75,
    2.15625,
    7.1875,
    2.15625,
    -5.75,
    -6.46875
  ],
  "1_7": [
    -9.34375,
    -8.625,
    -7.90625,
    -7.1875,
    -6.46875,
    -5.75,
    2.15625,
    7.1875,
    2.15625,
    -5.75
  ],
  "1_8": [
    -10.0625,
    -9.34375,
    -8.625,
    -7.90625,
    -7.1875,
    -6.46875,
    -5.75,
    2.15625,
    7.1875,
    2.15625
  ],
  "1_9": [
    -10.78125,
    -10.0625,
    -9.34375,
    -8.625,
    -7.90625,
    -7.1875,
    -6.46875,
    -5.75,
    2.15625,
    7.1875
  ],
  "2_0": [
    7.1875,
    2.15625,
    -5.75,
    -6.46875,
    -7.1875,
    -7.90625,
    -8.625,
    -9.34375,
    -10.0625,
    -10.78125
  ],
  "2_1": [
    2.15625,
    7.1875,
    2.15625,
    -5.75,
    -6.46875,
    -7.1875,
    -7.90625,
    -8.625,
    -9.34375,
    -10.0625
  ],
  "2_2": [
    -5.75,
    2.15625,
    7.1875,
    2.15625,
    -5.75,
    -6.46875,
    -7.1875,
    -7.90625,
    -8.625,
    -9.34375
  ],
  "2_3": [
    -6.46875,
    -5.75,
    2.15625,
    7.1875,
    2.15625,
    -5.75,
    -6.46875,
    -7.1875,
    -7.90625,
    -8.625
  ],
  "2_4": [
    -7.1875,
    -6.46875,
    -5.75,
    2.15625,
    7.1875,
    2.15625,
    -5.75,
    -6.46875,
    -7.1875,
    -7.90625
  ],
  "2_5": [
    -7.90625,
    -7.1875,
    -6.46875,
    -5.75,
    2.15625,
    7.1875,
    2.15625,
    -5.75,
    -6.46875,
    -7.1875
  ],
  "2_6": [
    -8.625,
    -7.90625,
    -7.1875,
    -6.46875,
    -5.75,
    2.15625,
    7.1875,
    2.15625,
    -5.75,
    -6.46875
  ],
  "2_7": [
    -9.34375,
    -8.625,
    -7.90625,
    -7.1875,
    -6.46875,
    -5.75,
    2.15625,
    7.1875,
    2.15625,
    -5.75
  ],
  "2_8": [
    -10.0625,
    -9.34375,
    -8.625,
    -7.90625,
    -7.1875,
    -6.46875,
    -5.75,
    2.15625,
    7.1875,
    2.15625
  ],
  "2_9": [
    -10.78125,
    -10.0625,
    -9.34375,
    -8.625,
    -7.90625,
    -7.1875,
    -6.46875,
    -5.75,
    2.15625,
    7.1875
  ],
  "3_0": [
    7.1875,
    2.15625,
    -5.75,
    -6.46875,
    -7.1875,
    -7.90625,
    -8.625,
    -9.34375,
    -10.0625,
    -10.78125
  ],
  "3_1": [
    2.15625,
    7.1875,
    2.15625,
    -5.75,
    -6.46875,
    -7.1875,
    -7.90625,
    -8.625,
    -9.34375,
    -10.0625
  ],
  "3_2": [
    -5.75,
    2.15625,
    7.1875,
    2.15625,
    -5.75,
    -6.46875,
    -7.1875,
    -7.90625,
    -8.625,
    -9.34375
  ],
  "3_3": [
    -6.46875,
    -5.75,
    2.15625,
    7.1875,
    2.15625,
    -5.75,
    -6.46875,
    -7.1875,
    -7.90625,
    -8.625
  ],
  "3_4": [
    -7.1875,
    -6.46875,
    -5.75,
    2.15625,
    7.1875,
    2.15625,
    -5.75,
    -6.46875,
    -7.1875,
    -7.90625
  ],
  "3_5": [
    -7.90625,
    -7.1875,
    -6.46875,
    -5.75,
    2.15625,
    7.1875,
    2.15625,
    -5.75,
    -6.46875,
    -7.1875
  ],
  "3_6": [
    -8.625,
    -7.90625,
    -7.1875,
    -6.46875,
    -5.75,
    2.15625,
    7.1875,
    2.15625,
    -5.75,
    -6.46875
  ],
  "3_7": [
    -9.34375,
    -8.625,
    -7.90625,
    -7.1875,
    -6.46875,
    -5.75,
    2.15625,
    7.1875,
    2.15625,
    -5.75
  ],
  "3_8": [
    -10.0625,
    -9.34375,
    -8.625,
    -7.90625,
    -7.1875,
    -6.46875,
    -5.75,
    2.15625,
    7.1875,
    2.15625
  ],
  "3_9": [
    -10.78125,
    -10.0625,
    -9.34375,
    -8.625,
    -7.90625,
    -7.1875,
    -6.46875,
    -5.75,
    2.15625,
    7.1875
  ],
  "4_0": [
    7.1875,
    2.15625,
    -5.75,
    -6.46875,
    -7.1875,
    -7.90625,
    -8.625,
    -9.34375,
    -10.0625,
    -10.78125
  ],
  "4_1": [
    2.15625,
    7.1875,
    2.15625,
    -5.75,
    -6.46875,
    -7.1875,
    -7.90625,
    -8.625,
    -9.34375,
    -10.0625
  ],
  "4_2": [
    -5.75,
    2.15625,
    7.1875,
    2.15625,
    -5.75,
    -6.46875,
    -7.1875,
    -7.90625,
    -8.625,
    -9.34375
  ],
  "4_3": [
    -6.46875,
    -5.75,
    2.15625,
    7.1875,
    2.15625,
    -5.75,
    -6.46875,
    -7.1875,
    -7.90625,
    -8.625
  ],