{
  "0": [
    0.44625,
    0.358653,
    0.144152,
    -0.094023,
    -0.275341,
    -0.378801,
    -0.424599,
    -0.440598,
    -0.44505,
    -0.446043
  ],
  "1": [
    0.358653,
    0.44625,
    0.358653,
    0.144152,
    -0.094023,
    -0.275341,
    -0.378801,
    -0.424599,
    -0.440598,
    -0.44505
  ],
  "2": [
    0.144152,
    0.358653,
    0.44625,
    0.358653,
    0.144152,
    -0.094023,
    -0.275341,
    -0.378801,
    -0.424599,
    -0.440598
  ],
  "3": [
    -0.094023,
    0.144152,
    0.358653,
    0.44625,
    0.358653,
    0.144152,
    -0.094023,
    -0.275341,
    -0.378801,
    -0.424599
  ],
  "4": [
    -0.275341,
    -0.094023,
    0.144152,
    0.358653,
    0.44625,
    0.358653,
    0.144152,
    -0.094023,
    -0.275341,
    -0.378801
  ],
  "5": [
    -0.378801,
    -0.275341,
    -0.094023,
    0.144152,
    0.358653,
    0.44625,
    0.358653,
    0.144152,
    -0.094023,
    -0.275341
  ],
  "6": [
    -0.424599,
    -0.378801,
    -0.275341,
    -0.094023,
    0.144152,
    0.358653,
    0.44625,
    0.358653,
    0.144152,
    -0.094023
  ],
  "7": [
    -0.440598,
    -0.424599,
    -0.378801,
    -0.275341,
    -0.094023,
    0.144152,
    0.358653,
    0.44625,
    0.358653,
    0.144152
  ],
  "8": [
    -0.44505,
    -0.440598,
    -0.424599,
    -0.378801,
    -0.275341,
    -0.094023,
    0.144152,
    0.358653,
    0.44625,
    0.358653
  ],
  "9": [
    -0.446043,
    -0.44505,
    -0.440598,
    -0.424599,
    -0.378801,
    -0.275341,
    -0.094023,
    0.144152,
    0.358653,
    0.44625
  ],
  "0_0": [
    7.4375,
    2.23125,
    -5.95,
    -6.69375,
    -7.4375,
    -8.18125,
    -8.925,
    -9.66875,
    -10.4125,
    -11.15625
  ],
  "0_1": [
    2.23125,
    7.4375,
    2.23125,
    -5.95,
    -6.69375,
    -7.4375,
    -8.18125,
    -8.925,
    -9.66875,
    -10.4125
  ],
  "0_2": [
    -5.95,
    2.23125,
    7.4375,
    2.23125,
    -5.95,
    -6.69375,
    -7.4375,
    -8.18125,
    -8.925,
    -9.66875
  ],
  "0_3": [
    -6.69375,
    -5.95,
    2.23125,
    7.4375,
    2.23125,
    -5.95,
    -6.69375,
    -7.4375,
    -8.18125,
    -8.925
  ],
  "0_4": [
    -7.4375,
    -6.69375,
    -5.95,
    2.23125,
    7.4375,
    2.23125,
    -5.95,
    -6.69375,
    -7.4375,
    -8.18125
  ],
  "0_5": [
    -8.18125,
    -7.4375,
    -6.69375,
    -5.95,
    2.23125,
    7.4375,
    2.23125,
    -5.95,
    -6.69375,
    -7.4375
  ],
  "0_6": [
    -8.925,
    -8.18125,
    -7.4375,
    -6.69375,
    -5.95,
    2.23125,
    7.4375,
    2.23125,
    -5.95,
    -6.69375
  ],
  "0_7": [
    -9.66875,
    -8.925,
    -8.18125,
    -7.4375,
    -6.69375,
    -5.95,
    2.23125,
    7.4375,
    2.23125,
    -5.95
  ],
  "0_8": [
    -10.4125,
    -9.66875,
    -8.925,
    -8.18125,
    -7.4375,
    -6.69375,
    -5.95,
    2.23125,
    7.4375,
    2.23125
  ],
  "0_9": [
    -11.15625,
    -10.4125,
    -9.66875,
    -8.925,
    -8.18125,
    -7.4375,
    -6.69375,
    -5.95,
    2.23125,
    7.4375
  ],
  "1_0": [
    7.4375,
    2.23125,
    -5.95,
    -6.69375,
    -7.4375,
    -8.18125,
    -8.925,
    -9.66875,
    -10.4125,
    -11.15625
  ],
  "1_1": [
    2.23125,
    7.4375,
    2.23125,
    -5.95,
    -6.69375,
    -7.4375,
    -8.18125,
    -8.925,
    -9.66875,
    -10.4125
  ],
  "1_2": [
    -5.95,
    2.23125,
    7.4375,
    2.23125,
    -5.95,
    -6.69375,
    -7.4375,
    -8.18125,
    -8.925,
    -9.66875
  ],
  "1_3": [
    -6.69375,
    -5.95,
    2.23125,
    7.4375,
    2.23125,
    -5.95,
    -6.69375,
    -7.4375,
    -8.18125,
    -8.925
  ],
  "1_4": [
    -7.4375,
    -6.69375,
    -5.95,
    2.23125,
    7.4375,
    2.23125,
    -5.95,
    -6.69375,
    -7.4375,
    -8.18125
  ],
  "1_5": [
    -8.18125,
    -7.4375,
    -6.69375,
    -5.95,
    2.23125,
    7.4375,
    2.23125,
    -5.95,
    -6.69375,
    -7.4375
  ],
  "1_6": [
    -8.925,
    -8.18125,
    -7.4375,
    -6.69375,
    -5.95,
    2.23125,
    7.4375,
    2.23125,
    -5.95,
    -6.69375
  ],
  "1_7": [
    -9.66875,
    -8.925,
    -8.18125,
    -7.4375,
    -6.69375,
    -5.95,
    2.23125,
    7.4375,
    2.23125,
    -5.95
  ],
  "1_8": [
    -10.4125,
    -9.66875,
    -8.925,
    -8.18125,
    -7.4375,
    -6.69375,
    -5.95,
    2.23125,
    7.4375,
    2.23125
  ],
  "1_9": [
    -11.15625,
    -10.4125,
    -9.66875,
    -8.925,
    -8.18125,
    -7.4375,
    -6.69375,
    -5.95,
    2.23125,
    7.4375
  ],
  "2_0": [
    7.4375,
    2.23125,
    -5.95,
    -6.69375,
    -7.4375,
    -8.18125,
    -8.925,
    -9.66875,
    -10.4125,
    -11.15625
  ],
  "2_1": [
    2.23125,
    7.4375,
    2.23125,
    -5.95,
    -6.69375,
    -7.4375,
    -8.18125,
    -8.925,
    -9.66875,
    -10.4125
  ],
  "2_2": [
    -5.95,
    2.23125,
    7.4375,
    2.23125,
    -5.95,
    -6.69375,
    -7.4375,
    -8.18125,
    -8.925,
    -9.66875
  ],
  "2_3": [
    -6.69375,
    -5.95,
    2.23125,
    7.4375,
    2.23125,
    -5.95,
    -6.69375,
    -7.4375,
    -8.18125,
    -8.925
  ],
  "2_4": [
    -7.4375,
    -6.69375,
    -5.95,
    2.23125,
    7.4375,
    2.23125,
    -5.95,
    -6.69375,
    -7.4375,
    -8.18125
  ],
  "2_5": [
    -8.18125,
    -7.4375,
    -6.69375,
    -5.95,
    2.23125,
    7.4375,
    2.23125,
    -5.95,
    -6.69375,
    -7.4375
  ],
  "2_6": [
    -8.925,
    -8.18125,
    -7.4375,
    -6.69375,
    -5.95,
    2.23125,
    7.4375,
    2.23125,
    -5.95,
    -6.69375
  ],
  "2_7": [
    -9.66875,
    -8.925,
    -8.18125,
    -7.4375,
    -6.69375,
    -5.95,
    2.23125,
    7.4375,
    2.23125,
    -5.95
  ],
  "2_8": [
    -10.4125,
    -9.66875,
    -8.925,
    -8.18125,
    -7.4375,
    -6.69375,
    -5.95,
    2.23125,
    7.4375,
    2.23125
  ],
  "2_9": [
    -11.15625,
    -10.4125,
    -9.66875,
    -8.925,
    -8.18125,
    -7.4375,
    -6.69375,
    -5.95,
    2.23125,
    7.4375
  ],
  "3_0": [
    7.4375,
    2.23125,
    -5.95,
    -6.69375,
    -7.4375,
    -8.18125,
    -8.925,
    -9.66875,
    -10.4125,
    -11.15625
  ],
  "3_1": [
    2.23125,
    7.4375,
    2.23125,
    -5.95,
    -6.69375,
    -7.4375,
    -8.18125,
    -8.925,
    -9.66875,
    -10.4125
  ],
  "3_2": [
    -5.95,
    2.23125,
    7.4375,
    2.23125,
    -5.95,
    -6.69375,
    -7.4375,
    -8.18125,
    -8.925,
    -9.66875
  ],
  "3_3": [
    -6.69375,
    -5.95,
    2.23125,
    7.4375,
    2.23125,
    -5.95,
    -6.69375,
    -7.4375,
    -8.18125,
    -8.925
  ],
  "3_4": [
    -7.4375,
    -6.69375,
    -5.95,
    2.23125,
    7.4375,
    2.23125,
    -5.95,
    -6.69375,
    -7.4375,
    -8.18125
  ],
  "3_5": [
    -8.18125,
    -7.4375,
    -6.69375,
    -5.95,
    2.23125,
    7.4375,
    2.23125,
    -5.95,
    -6.69375,
    -7.4375
  ],
  "3_6": [
    -8.925,
    -8.18125,
    -7.4375,
    -6.69375,
    -5.95,
    2.23125,
    7.4375,
    2.23125,
    -5.95,
    -6.69375
  ],
  "3_7": [
    -9.66875,
    -8.925,
    -8.18125,
    -7.4375,
    -6.69375,
    -5.95,
    2.23125,
    7.4375,
    2.23125,
    -5.95
  ],
  "3_8": [
    -10.4125,
    -9.66875,
    -8.925,
    -8.18125,
    -7.4375,
    -6.69375,
    -5.95,
    2.23125,
    7.4375,
    2.23125
  ],
  "3_9": [
    -11.15625,
    -10.4125,
    -9.66875,
    -8.925,
    -8.18125,
    -7.4375,
    -6.69375,
    -5.95,
    2.23125,
    7.4375
  ],
  "4_0": [
    7.4375,
    2.23125,
    -5.95,
    -6.69375,
    -7.4375,
    -8.18125,
    -8.925,
    -9.66875,
    -10.4125,
    -11.15625
  ],
  "4_1": [
    2.23125,
    7.4375,
    2.23125,
    -5.95,
    -6.69375,
    -7.4375,
    -8.18125,
    -8.925,
    -9.66875,
    -10.4125
  ],
  "4_2": [
    -5.95,
    2.23125,
    7.4375,
    2.23125,
    -5.95,
    -6.69375,
    -7.4375,
    -8.18125,
    -8.925,
    -9.66875
  ],
  "4_3": [
    -6.69375,
    -5.95,
    2.23125,
    7.4375,
    2.23125,
    -5.95,
    -6.69375,
    -7.4375,
    -8.18125,
    -8.925
  ],