{
  "0": [
    0.5175,
    0.415916,
    0.167168,
    -0.109036,
    -0.319303,
    -0.439282,
    -0.492393,
    -0.510945,
    -0.516108,
    -0.51726
  ],
  "1": [
    0.415916,
    0.5175,
    0.415916,
    0.167168,
    -0.109036,
    -0.319303,
    -0.439282,
    -0.492393,
    -0.510945,
    -0.516108
  ],
  "2": [
    0.167168,
    0.415916,
    0.5175,
    0.415916,
    0.167168,
    -0.109036,
    -0.319303,
    -0.439282,
    -0.492393,
    -0.510945
  ],
  "3": [
    -0.109036,
    0.167168,
    0.415916,
    0.5175,
    0.415916,
    0.167168,
    -0.109036,
    -0.319303,
    -0.439282,
    -0.492393
  ],
  "4": [
    -0.319303,
    -0.109036,
    0.167168,
    0.415916,
    0.5175,
    0.415916,
    0.167168,
    -0.109036,
    -0.319303,
    -0.439282
  ],
  "5": [
    -0.439282,
    -0.319303,
    -0.109036,
    0.167168,
    0.415916,
    0.5175,
    0.415916,
    0.167168,
    -0.109036,
    -0.319303
  ],
  "6": [
    -0.492393,
    -0.439282,
    -0.319303,
    -0.109036,
    0.167168,
    0.415916,
    0.5175,
    0.415916,
    0.167168,
    -0.109036
  ],
  "7": [
    -0.510945,
    -0.492393,
    -0.439282,
    -0.319303,
    -0.109036,
    0.167168,
    0.415916,
    0.5175,
    0.415916,
    0.167168
  ],
  "8": [
    -0.516108,
    -0.510945,
    -0.492393,
    -0.439282,
    -0.319303,
    -0.109036,
    0.167168,
    0.415916,
    0.5175,
    0.415916
  ],
  "9": [
    -0.51726,
    -0.516108,
    -0.510945,
    -0.492393,
    -0.439282,
    -0.319303,
    -0.109036,
    0.167168,
    0.415916,
    0.5175
  ],
  "0_0": [
    8.625,
    2.5875,
    -6.9,
    -7.7625,
    -8.625,
    -9.4875,
    -10.35,
    -11.2125,
    -12.075,
    -12.9375
  ],
  "0_1": [
    2.5875,
    8.625,
    2.5875,
    -6.9,
    -7.7625,
    -8.625,
    -9.4875,
    -10.35,
    -11.2125,
    -12.075
  ],
  "0_2": [
    -6.9,
    2.5875,
    8.625,
    2.5875,
    -6.9,
    -7.7625,
    -8.625,
    -9.4875,
    -10.35,
    -11.2125
  ],
  "0_3": [
    -7.7625,
    -6.9,
    2.5875,
    8.625,
    2.5875,
    -6.9,
    -7.7625,
    -8.625,
    -9.4875,
    -10.35
  ],
  "0_4": [
    -8.625,
    -7.7625,
    -6.9,
    2.5875,
    8.625,
    2.5875,
    -6.9,
    -7.7625,
    -8.625,
    -9.4875
  ],
  "0_5": [
    -9.4875,
    -8.625,
    -7.7625,
    -6.9,
    2.5875,
    8.625,
    2.5875,
    -6.9,
    -7.7625,
    -8.625
  ],
  "0_6": [
    -10.35,
    -9.4875,
    -8.625,
    -7.7625,
    -6.9,
    2.5875,
    8.625,
    2.5875,
    -6.9,
    -7.7625
  ],
  "0_7": [
    -11.2125,
    -10.35,
    -9.4875,
    -8.625,
    -7.7625,
    -6.9,
    2.5875,
    8.625,
    2.5875,
    -6.9
  ],
  "0_8": [
    -12.075,
    -11.2125,
    -10.35,
    -9.4875,
    -8.625,
    -7.7625,
    -6.9,
    2.5875,
    8.625,
    2.5875
  ],
  "0_9": [
    -12.9375,
    -12.075,
    -11.2125,
    -10.35,
    -9.4875,
    -8.625,
    -7.7625,
    -6.9,
    2.5875,
    8.625
  ],
  "1_0": [
    8.625,
    2.5875,
    -6.9,
    -7.7625,
    -8.625,
    -9.4875,
    -10.35,
    -11.2125,
    -12.075,
    -12.9375
  ],
  "1_1": [
    2.5875,
    8.625,
    2.5875,
    -6.9,
    -7.7625,
    -8.625,
    -9.4875,
    -10.35,
    -11.2125,
    -12.075
  ],
  "1_2": [
    -6.9,
    2.5875,
    8.625,
    2.5875,
    -6.9,
    -7.7625,
    -8.625,
    -9.4875,
    -10.35,
    -11.2125
  ],
  "1_3": [
    -7.7625,
    -6.9,
    2.5875,
    8.625,
    2.5875,
    -6.9,
    -7.7625,
    -8.625,
    -9.4875,
    -10.35
  ],
  "1_4": [
    -8.625,
    -7.7625,
    -6.9,
    2.5875,
    8.625,
    2.5875,
    -6.9,
    -7.7625,
    -8.625,
    -9.4875
  ],
  "1_5": [
    -9.4875,
    -8.625,
    -7.7625,
    -6.9,
    2.5875,
    8.625,
    2.5875,
    -6.9,
    -7.7625,
    -8.625
  ],
  "1_6": [
    -10.35,
    -9.4875,
    -8.625,
    -7.7625,
    -6.9,
    2.5875,
    8.625,
    2.5875,
    -6.9,
    -7.7625
  ],
  "1_7": [
    -11.2125,
    -10.35,
    -9.4875,
    -8.625,
    -7.7625,
    -6.9,
    2.5875,
    8.625,
    2.5875,
    -6.9
  ],
  "1_8": [
    -12.075,
    -11.2125,
    -10.35,
    -9.4875,
    -8.625,
    -7.7625,
    -6.9,
    2.5875,
    8.625,
    2.5875
  ],
  "1_9": [
    -12.9375,
    -12.075,
    -11.2125,
    -10.35,
    -9.4875,
    -8.625,
    -7.7625,
    -6.9,
    2.5875,
    8.625
  ],
  "2_0": [
    8.625,
    2.5875,
    -6.9,
    -7.7625,
    -8.625,
    -9.4875,
    -10.35,
    -11.2125,
    -12.075,
    -12.9375
  ],
  "2_1": [
    2.5875,
    8.625,
    2.5875,
    -6.9,
    -7.7625,
    -8.625,
    -9.4875,
    -10.35,
    -11.2125,
    -12.075
  ],
  "2_2": [
    -6.9,
    2.5875,
    8.625,
    2.5875,
    -6.9,
    -7.7625,
    -8.625,
    -9.4875,
    -10.35,
    -11.2125
  ],
  "2_3": [
    -7.7625,
    -6.9,
    2.5875,
    8.625,
    2.5875,
    -6.9,
    -7.7625,
    -8.625,
    -9.4875,
    -10.35
  ],
  "2_4": [
    -8.625,
    -7.7625,
    -6.9,
    2.5875,
    8.625,
    2.5875,
    -6.9,
    -7.7625,
    -8.625,
    -9.4875
  ],
  "2_5": [
    -9.4875,
    -8.625,
    -7.7625,
    -6.9,
    2.5875,
    8.625,
    2.5875,
    -6.9,
    -7.7625,
    -8.625
  ],
  "2_6": [
    -10.35,
    -9.4875,
    -8.625,
    -7.7625,
    -6.9,
    2.5875,
    8.625,
    2.5875,
    -6.9,
    -7.7625
  ],
  "2_7": [
    -11.2125,
    -10.35,
    -9.4875,
    -8.625,
    -7.7625,
    -6.9,
    2.5875,
    8.625,
    2.5875,
    -6.9
  ],
  "2_8": [
    -12.075,
    -11.2125,
    -10.35,
    -9.4875,
    -8.625,
    -7.7625,
    -6.9,
    2.5875,
    8.625,
    2.5875
  ],
  "2_9": [
    -12.9375,
    -12.075,
    -11.2125,
    -10.35,
    -9.4875,
    -8.625,
    -7.7625,
    -6.9,
    2.5875,
    8.625
  ],
  "3_0": [
    8.625,
    2.5875,
    -6.9,
    -7.7625,
    -8.625,
    -9.4875,
    -10.35,
    -11.2125,
    -12.075,
    -12.9375
  ],
  "3_1": [
    2.5875,
    8.625,
    2.5875,
    -6.9,
    -7.7625,
    -8.625,
    -9.4875,
    -10.35,
    -11.2125,
    -12.075
  ],
  "3_2": [
    -6.9,
    2.5875,
    8.625,
    2.5875,
    -6.9,
    -7.7625,
    -8.625,
    -9.4875,
    -10.35,
    -11.2125
  ],
  "3_3": [
    -7.7625,
    -6.9,
    2.5875,
    8.625,
    2.5875,
    -6.9,
    -7.7625,
    -8.625,
    -9.4875,
    -10.35
  ],
  "3_4": [
    -8.625,
    -7.7625,
    -6.9,
    2.5875,
    8.625,
    2.5875,
    -6.9,
    -7.7625,
    -8.625,
    -9.4875
  ],
  "3_5": [
    -9.4875,
    -8.625,
    -7.7625,
    -6.9,
    2.5875,
    8.625,
    2.5875,
    -6.9,
    -7.7625,
    -8.625
  ],
  "3_6": [
    -10.35,
    -9.4875,
    -8.625,
    -7.7625,
    -6.9,
    2.5875,
    8.625,
    2.5875,
    -6.9,
    -7.7625
  ],
  "3_7": [
    -11.2125,
    -10.35,
    -9.4875,
    -8.625,
    -7.7625,
    -6.9,
    2.5875,
    8.625,
    2.5875,
    -6.9
  ],
  "3_8": [
    -12.075,
    -11.2125,
    -10.35,
    -9.4875,
    -8.625,
    -7.7625,
    -6.9,
    2.5875,
    8.625,
    2.5875
  ],
  "3_9": [
    -12.9375,
    -12.075,
    -11.2125,
    -10.35,
    -9.4875,
    -8.625,
    -7.7625,
    -6.9,
    2.5875,
    8.625
  ],
  "4_0": [
    8.625,
    2.5875,
    -6.9,
    -7.7625,
    -8.625,
    -9.4875,
    -10.35,
    -11.2125,
    -12.075,
    -12.9375
  ],
  "4_1": [
    2.5875,
    8.625,
    2.5875,
    -6.9,
    -7.7625,
    -8.625,
    -9.4875,
    -10.35,
    -11.2125,
    -12.075
  ],
  "4_2": [
    -6.9,
    2.5875,
    8.625,
    2.5875,
    -6.9,
    -7.7625,
    -8.625,
    -9.4875,
    -10.35,
    -11.2125
  ],
  "4_3": [
    -7.7625,
    -6.9,
    2.5875,
    8.625,
    2.5875,
    -6.9,
    -7.7625,
    -8.625,
    -9.4875,
    -10.35
  ],
  "4_4": [
    -8.625,
    -7.7625,
    -6.9,
    2.5875,
    8.625,
    2.5875,
    -6.9,
    -7.7625,
    -8.625,
    -9.4875
  ],
  "4_5": [
    -9.4875,
    -8.625,
    -7.7625,
    -6.9,
    2.5875,
    8.625,
    2.5875,
    -6.9,
    -7.7625,
    -8.625
  ],
  "4_6": [
    -10.35,
    -9.4875,
    -8.625,
    -7.7625,
    -6.9,
    2.5875,
    8.625,
    2.5875,
    -6.9,
    -7.7625
  ],