{
  "0": [
    0.49125,
    0.394819,
    0.158688,
    -0.103505,
    -0.303106,
    -0.416999,
    -0.467416,
    -0.485028,
    -0.489929,
    -0.491022
  ],
  "1": [
    0.394819,
    0.49125,
    0.394819,
    0.158688,
    -0.103505,
    -0.303106,
    -0.416999,
    -0.467416,
    -0.485028,
    -0.489929
  ],
  "2": [
    0.158688,
    0.394819,
    0.49125,
    0.394819,
    0.158688,
    -0.103505,
    -0.303106,
    -0.416999,
    -0.467416,
    -0.485028
  ],
  "3": [
    -0.103505,
    0.158688,
    0.394819,
    0.49125,
    0.394819,
    0.158688,
    -0.103505,
    -0.303106,
    -0.416999,
    -0.467416
  ],
  "4": [
    -0.303106,
    -0.103505,
    0.158688,
    0.394819,
    0.49125,
    0.394819,
    0.158688,
    -0.103505,
    -0.303106,
    -0.416999
  ],
  "5": [
    -0.416999,
    -0.303106,
    -0.103505,
    0.158688,
    0.394819,
    0.49125,
    0.394819,
    0.158688,
    -0.103505,
    -0.303106
  ],
  "6": [
    -0.467416,
    -0.416999,
    -0.303106,
    -0.103505,
    0.158688,
    0.394819,
    0.49125,
    0.394819,
    0.158688,
    -0.103505
  ],
  "7": [
    -0.485028,
    -0.467416,
    -0.416999,
    -0.303106,
    -0.103505,
    0.158688,
    0.394819,
    0.49125,
    0.394819,
    0.158688
  ],
  "8": [
    -0.489929,
    -0.485028,
    -0.467416,
    -0.416999,
    -0.303106,
    -0.103505,
    0.158688,
    0.394819,
    0.49125,
    0.394819
  ],
  "9": [
    -0.491022,
    -0.489929,
    -0.485028,
    -0.467416,
    -0.416999,
    -0.303106,
    -0.103505,
    0.158688,
    0.394819,
    0.49125
  ],
  "0_0": [
    8.1875,
    2.45625,
    -6.55,
    -7.36875,
    -8.1875,
    -9.00625,
    -9.825,
    -10.64375,
    -11.4625,
    -12.28125
  ],
  "0_1": [
    2.45625,
    8.1875,
    2.45625,
    -6.55,
    -7.36875,
    -8.1875,
    -9.00625,
    -9.825,
    -10.64375,
    -11.4625
  ],
  "0_2": [
    -6.55,
    2.45625,
    8.1875,
    2.45625,
    -6.55,
    -7.36875,
    -8.1875,
    -9.00625,
    -9.825,
    -10.64375
  ],
  "0_3": [
    -7.36875,
    -6.55,
    2.45625,
    8.1875,
    2.45625,
    -6.55,
    -7.36875,
    -8.1875,
    -9.00625,
    -9.825
  ],
  "0_4": [
    -8.1875,
    -7.36875,
    -6.55,
    2.45625,
    8.1875,
    2.45625,
    -6.55,
    -7.36875,
    -8.1875,
    -9.00625
  ],
  "0_5": [
    -9.00625,
    -8.1875,
    -7.36875,
    -6.55,
    2.45625,
    8.1875,
    2.45625,
    -6.55,
    -7.36875,
    -8.1875
  ],
  "0_6": [
    -9.825,
    -9.00625,
    -8.1875,
    -7.36875,
    -6.55,
    2.45625,
    8.1875,
    2.45625,
    -6.55,
    -7.36875
  ],
  "0_7": [
    -10.64375,
    -9.825,
    -9.00625,
    -8.1875,
    -7.36875,
    -6.55,
    2.45625,
    8.1875,
    2.45625,
    -6.55
  ],
  "0_8": [
    -11.4625,
    -10.64375,
    -9.825,
    -9.00625,
    -8.1875,
    -7.36875,
    -6.55,
    2.45625,
    8.1875,
    2.45625
  ],
  "0_9": [
    -12.28125,
    -11.4625,
    -10.64375,
    -9.825,
    -9.00625,
    -8.1875,
    -7.36875,
    -6.55,
    2.45625,
    8.1875
  ],
  "1_0": [
    8.1875,
    2.45625,
    -6.55,
    -7.36875,
    -8.1875,
    -9.00625,
    -9.825,
    -10.64375,
    -11.4625,
    -12.28125
  ],
  "1_1": [
    2.45625,
    8.1875,
    2.45625,
    -6.55,
    -7.36875,
    -8.1875,
    -9.00625,
    -9.825,
    -10.64375,
    -11.4625
  ],
  "1_2": [
    -6.55,
    2.45625,
    8.1875,
    2.45625,
    -6.55,
    -7.36875,
    -8.1875,
    -9.00625,
    -9.825,
    -10.64375
  ],
  "1_3": [
    -7.36875,
    -6.55,
    2.45625,
    8.1875,
    2.45625,
    -6.55,
    -7.36875,
    -8.1875,
    -9.00625,
    -9.825
  ],
  "1_4": [
    -8.1875,
    -7.36875,
    -6.55,
    2.45625,
    8.1875,
    2.45625,
    -6.55,
    -7.36875,
    -8.1875,
    -9.00625
  ],
  "1_5": [
    -9.00625,
    -8.1875,
    -7.36875,
    -6.55,
    2.45625,
    8.1875,
    2.45625,
    -6.55,
    -7.36875,
    -8.1875
  ],
  "1_6": [
    -9.825,
    -9.00625,
    -8.1875,
    -7.36875,
    -6.55,
    2.45625,
    8.1875,
    2.45625,
    -6.55,
    -7.36875
  ],
  "1_7": [
    -10.64375,
    -9.825,
    -9.00625,
    -8.1875,
    -7.36875,
    -6.55,
    2.45625,
    8.1875,
    2.45625,
    -6.55
  ],
  "1_8": [
    -11.4625,
    -10.64375,
    -9.825,
    -9.00625,
    -8.1875,
    -7.36875,
    -6.55,
    2.45625,
    8.1875,
    2.45625
  ],
  "1_9": [
    -12.28125,
    -11.4625,
    -10.64375,
    -9.825,
    -9.00625,
    -8.1875,
    -7.36875,
    -6.55,
    2.45625,
    8.1875
  ],
  "2_0": [
    8.1875,
    2.45625,
    -6.55,
    -7.36875,
    -8.1875,
    -9.00625,
    -9.825,
    -10.64375,
    -11.4625,
    -12.28125
  ],
  "2_1": [
    2.45625,
    8.1875,
    2.45625,
    -6.55,
    -7.36875,
    -8.1875,
    -9.00625,
    -9.825,
    -10.64375,
    -11.4625
  ],
  "2_2": [
    -6.55,
    2.45625,
    8.1875,
    2.45625,
    -6.55,
    -7.36875,
    -8.1875,
    -9.00625,
    -9.825,
    -10.64375
  ],
  "2_3": [
    -7.36875,
    -6.55,
    2.45625,
    8.1875,
    2.45625,
    -6.55,
    -7.36875,
    -8.1875,
    -9.00625,
    -9.825
  ],
  "2_4": [
    -8.1875,
    -7.36875,
    -6.55,
    2.45625,
    8.1875,
    2.45625,
    -6.55,
    -7.36875,
    -8.1875,
    -9.00625
  ],
  "2_5": [
    -9.00625,
    -8.1875,
    -7.36875,
    -6.55,
    2.45625,
    8.1875,
    2.45625,
    -6.55,
    -7.36875,
    -8.1875
  ],
  "2_6": [
    -9.825,
    -9.00625,
    -8.1875,
    -7.36875,
    -6.55,
    2.45625,
    8.1875,
    2.45625,
    -6.55,
    -7.36875
  ],
  "2_7": [
    -10.64375,
    -9.825,
    -9.00625,
    -8.1875,
    -7.36875,
    -6.55,
    2.45625,
    8.1875,
    2.45625,
    -6.55
  ],
  "2_8": [
    -11.4625,
    -10.64375,
    -9.825,
    -9.00625,
    -8.1875,
    -7.36875,
    -6.55,
    2.45625,
    8.1875,
    2.45625
  ],
  "2_9": [
    -12.28125,
    -11.4625,
    -10.64375,
    -9.825,
    -9.00625,
    -8.1875,
    -7.36875,
    -6.55,
    2.45625,
    8.1875
  ],
  "3_0": [
    8.1875,
    2.45625,
    -6.55,
    -7.36875,
    -8.1875,
    -9.00625,
    -9.825,
    -10.64375,
    -11.4625,
    -12.28125
  ],
  "3_1": [
    2.45625,
    8.1875,
    2.45625,
    -6.55,
    -7.36875,
    -8.1875,
    -9.00625,
    -9.825,
    -10.64375,
    -11.4625
  ],
  "3_2": [
    -6.55,
    2.45625,
    8.1875,
    2.45625,
    -6.55,
    -7.36875,
    -8.1875,
    -9.00625,
    -9.825,
    -10.64375
  ],
  "3_3": [
    -7.36875,
    -6.55,
    2.45625,
    8.1875,
    2.45625,
    -6.55,
    -7.36875,
    -8.1875,
    -9.00625,
    -9.825
  ],
  "3_4": [
    -8.1875,
    -7.36875,
    -6.55,
    2.45625,
    8.1875,
    2.45625,
    -6.55,
    -7.36875,
    -8.1875,
    -9.00625
  ],
  "3_5": [
    -9.00625,
    -8.1875,
    -7.36875,
    -6.55,
    2.45625,
    8.1875,
    2.45625,
    -6.55,
    -7.36875,
    -8.1875
  ],
  "3_6": [
    -9.825,
    -9.00625,
    -8.1875,
    -7.36875,
    -6.55,
    2.45625,
    8.1875,
    2.45625,
    -6.55,
    -7.36875
  ],
  "3_7": [
    -10.64375,
    -9.825,
    -9.00625,
    -8.1875,
    -7.36875,
    -6.55,
    2.45625,
    8.1875,
    2.45625,
    -6.55
  ],
  "3_8": [
    -11.4625,
    -10.64375,
    -9.825,
    -9.00625,
    -8.1875,
    -7.36875,
    -6.55,
    2.45625,
    8.1875,
    2.45625
  ],
  "3_9": [
    -12.28125,
    -11.4625,
    -10.64375,
    -9.825,
    -9.00625,
    -8.1875,
    -7.36875,
    -6.55,
    2.45625,
    8.1875
  ],
  "4_0": [
    8.1875,
    2.45625,
    -6.55,
    -7.36875,
    -8.1875,
    -9.00625,
    -9.825,
    -10.64375,
    -11.4625,
    -12.28125
  ],
  "4_1": [
    2.45625,
    8.1875,
    2.45625,
    -6.55,
    -7.36875,
    -8.1875,
    -9.00625,
    -9.825,
    -10.64375,
    -11.4625
  ],
  "4_2": [
    -6.55,
    2.45625,
    8.1875,
    2.45625,
    -6.55,
    -7.36875,
    -8.1875,
    -9.00625,
    -9.825,
    -10.64375
  ],
  "4_3": [
    -7.36875,
    -6.55,
    2.45625,
    8.1875,
    2.45625,
    -6.55,
    -7.36875,
    -8.1875,
    -9.00625,
    -9.825
  ],