{
  "0": [
    0.3525,
    0.283305,
    0.113868,
    -0.074271,
    -0.217496,
    -0.299221,
    -0.335398,
    -0.348035,
    -0.351552,
    -0.352337
  ],
  "1": [
    0.283305,
    0.3525,
    0.283305,
    0.113868,
    -0.074271,
    -0.217496,
    -0.299221,
    -0.335398,
    -0.348035,
    -0.351552
  ],
  "2": [
    0.113868,
    0.283305,
    0.3525,
    0.283305,
    0.113868,
    -0.074271,
    -0.217496,
    -0.299221,
    -0.335398,
    -0.348035
  ],
  "3": [
    -0.074271,
    0.113868,
    0.283305,
    0.3525,
    0.283305,
    0.113868,
    -0.074271,
    -0.217496,
    -0.299221,
    -0.335398
  ],
  "4": [
    -0.217496,
    -0.074271,
    0.113868,
    0.283305,
    0.3525,
    0.283305,
    0.113868,
    -0.074271,
    -0.217496,
    -0.299221
  ],
  "5": [
    -0.299221,
    -0.217496,
    -0.074271,
    0.113868,
    0.283305,
    0.3525,
    0.283305,
    0.113868,
    -0.074271,
    -0.217496
  ],
  "6": [
    -0.335398,
    -0.299221,
    -0.217496,
    -0.074271,
    0.113868,
    0.283305,
    0.3525,
    0.283305,
    0.113868,
    -0.074271
  ],
  "7": [
    -0.348035,
    -0.335398,
    -0.299221,
    -0.217496,
    -0.074271,
    0.113868,
    0.283305,
    0.3525,
    0.283305,
    0.113868
  ],
  "8": [
    -0.351552,
    -0.348035,
    -0.335398,
    -0.299221,
    -0.217496,
    -0.074271,
    0.113868,
    0.283305,
    0.3525,
    0.283305
  ],
  "9": [
    -0.352337,
    -0.351552,
    -0.348035,
    -0.335398,
    -0.299221,
    -0.217496,
    -0.074271,
    0.113868,
    0.283305,
    0.3525
  ],
  "0_0": [
    5.875,
    1.7625,
    -4.7,
    -5.2875,
    -5.875,
    -6.4625,
    -7.05,
    -7.6375,
    -8.225,
    -8.8125
  ],
  "0_1": [
    1.7625,
    5.875,
    1.7625,
    -4.7,
    -5.2875,
    -5.875,
    -6.4625,
    -7.05,
    -7.6375,
    -8.225
  ],
  "0_2": [
    -4.7,
    1.7625,
    5.875,
    1.7625,
    -4.7,
    -5.2875,
    -5.875,
    -6.4625,
    -7.05,
    -7.6375
  ],
  "0_3": [
    -5.2875,
    -4.7,
    1.7625,
    5.875,
    1.7625,
    -4.7,
    -5.2875,
    -5.875,
    -6.4625,
    -7.05
  ],
  "0_4": [
    -5.875,
    -5.2875,
    -4.7,
    1.7625,
    5.875,
    1.7625,
    -4.7,
    -5.2875,
    -5.875,
    -6.4625
  ],
  "0_5": [
    -6.4625,
    -5.875,
    -5.2875,
    -4.7,
    1.7625,
    5.875,
    1.7625,
    -4.7,
    -5.2875,
    -5.875
  ],
  "0_6": [
    -7.05,
    -6.4625,
    -5.875,
    -5.2875,
    -4.7,
    1.7625,
    5.875,
    1.7625,
    -4.7,
    -5.2875
  ],
  "0_7": [
    -7.6375,
    -7.05,
    -6.4625,
    -5.875,
    -5.2875,
    -4.7,
    1.7625,
    5.875,
    1.7625,
    -4.7
  ],
  "0_8": [
    -8.225,
    -7.6375,
    -7.05,
    -6.4625,
    -5.875,
    -5.2875,
    -4.7,
    1.7625,
    5.875,
    1.7625
  ],
  "0_9": [
    -8.8125,
    -8.225,
    -7.6375,
    -7.05,
    -6.4625,
    -5.875,
    -5.2875,
    -4.7,
    1.7625,
    5.875
  ],
  "1_0": [
    5.875,
    1.7625,
    -4.7,
    -5.2875,
    -5.875,
    -6.4625,
    -7.05,
    -7.6375,
    -8.225,
    -8.8125
  ],
  "1_1": [
    1.7625,
    5.875,
    1.7625,
    -4.7,
    -5.2875,
    -5.875,
    -6.4625,
    -7.05,
    -7.6375,
    -8.225
  ],
  "1_2": [
    -4.7,
    1.7625,
    5.875,
    1.7625,
    -4.7,
    -5.2875,
    -5.875,
    -6.4625,
    -7.05,
    -7.6375
  ],
  "1_3": [
    -5.2875,
    -4.7,
    1.7625,
    5.875,
    1.7625,
    -4.7,
    -5.2875,
    -5.875,
    -6.4625,
    -7.05
  ],
  "1_4": [
    -5.875,
    -5.2875,
    -4.7,
    1.7625,
    5.875,
    1.7625,
    -4.7,
    -5.2875,
    -5.875,
    -6.4625
  ],
  "1_5": [
    -6.4625,
    -5.875,
    -5.2875,
    -4.7,
    1.7625,
    5.875,
    1.7625,
    -4.7,
    -5.2875,
    -5.875
  ],
  "1_6": [
    -7.05,
    -6.4625,
    -5.875,
    -5.2875,
    -4.7,
    1.7625,
    5.875,
    1.7625,
    -4.7,
    -5.2875
  ],
  "1_7": [
    -7.6375,
    -7.05,
    -6.4625,
    -5.875,
    -5.2875,
    -4.7,
    1.7625,
    5.875,
    1.7625,
    -4.7
  ],
  "1_8": [
    -8.225,
    -7.6375,
    -7.05,
    -6.4625,
    -5.875,
    -5.2875,
    -4.7,
    1.7625,
    5.875,
    1.7625
  ],
  "1_9": [
    -8.8125,
    -8.225,
    -7.6375,
    -7.05,
    -6.4625,
    -5.875,
    -5.2875,
    -4.7,
    1.7625,
    5.875
  ],
  "2_0": [
    5.875,
    1.7625,
    -4.7,
    -5.2875,
    -5.875,
    -6.4625,
    -7.05,
    -7.6375,
    -8.225,
    -8.8125
  ],
  "2_1": [
    1.7625,
    5.875,
    1.7625,
    -4.7,
    -5.2875,
    -5.875,
    -6.4625,
    -7.05,
    -7.6375,
    -8.225
  ],
  "2_2": [
    -4.7,
    1.7625,
    5.875,
    1.7625,
    -4.7,
    -5.2875,
    -5.875,
    -6.4625,
    -7.05,
    -7.6375
  ],
  "2_3": [
    -5.2875,
    -4.7,
    1.7625,
    5.875,
    1.7625,
    -4.7,
    -5.2875,
    -5.875,
    -6.4625,
    -7.05
  ],
  "2_4": [
    -5.875,
    -5.2875,
    -4.7,
    1.7625,
    5.875,
    1.7625,
    -4.7,
    -5.2875,
    -5.875,
    -6.4625
  ],
  "2_5": [
    -6.4625,
    -5.875,
    -5.2875,
    -4.7,
    1.7625,
    5.875,
    1.7625,
    -4.7,
    -5.2875,
    -5.875
  ],
  "2_6": [
    -7.05,
    -6.4625,
    -5.875,
    -5.2875,
    -4.7,
    1.7625,
    5.875,
    1.7625,
    -4.7,
    -5.2875
  ],
  "2_7": [
    -7.6375,
    -7.05,
    -6.4625,
    -5.875,
    -5.2875,
    -4.7,
    1.7625,
    5.875,
    1.7625,
    -4.7
  ],
  "2_8": [
    -8.225,
    -7.6375,
    -7.05,
    -6.4625,
    -5.875,
    -5.2875,
    -4.7,
    1.7625,
    5.875,
    1.7625
  ],
  "2_9": [
    -8.8125,
    -8.225,
    -7.6375,
    -7.05,
    -6.4625,
    -5.875,
    -5.2875,
    -4.7,
    1.7625,
    5.875
  ],
  "3_0": [
    5.875,
    1.7625,
    -4.7,
    -5.2875,
    -5.875,
    -6.4625,
    -7.05,
    -7.6375,
    -8.225,
    -8.8125
  ],
  "3_1": [
    1.7625,
    5.875,
    1.7625,
    -4.7,
    -5.2875,
    -5.875,
    -6.4625,
    -7.05,
    -7.6375,
    -8.225
  ],
  "3_2": [
    -4.7,
    1.7625,
    5.875,
    1.7625,
    -4.7,
    -5.2875,
    -5.875,
    -6.4625,
    -7.05,
    -7.6375
  ],
  "3_3": [
    -5.2875,
    -4.7,
    1.7625,
    5.875,
    1.7625,
    -4.7,
    -5.2875,
    -5.875,
    -6.4625,
    -7.05
  ],
  "3_4": [
    -5.875,
    -5.2875,
    -4.7,
    1.7625,
    5.875,
    1.7625,
    -4.7,
    -5.2875,
    -5.875,
    -6.4625
  ],
  "3_5": [
    -6.4625,
    -5.875,
    -5.2875,
    -4.7,
    1.7625,
    5.875,
    1.7625,
    -4.7,
    -5.2875,
    -5.875
  ],
  "3_6": [
    -7.05,
    -6.4625,
    -5.875,
    -5.2875,
    -4.7,
    1.7625,
    5.875,
    1.7625,
    -4.7,
    -5.2875
  ],
  "3_7": [
    -7.6375,
    -7.05,
    -6.4625,
    -5.875,
    -5.2875,
    -4.7,
    1.7625,
    5.875,
    1.7625,
    -4.7
  ],
  "3_8": [
    -8.225,
    -7.6375,
    -7.05,
    -6.4625,
    -5.875,
    -5.2875,
    -4.7,
    1.7625,
    5.875,
    1.7625
  ],
  "3_9": [
    -8.8125,
    -8.225,
    -7.6375,
    -7.05,
    -6.4625,
    -5.875,
    -5.2875,
    -4.7,
    1.7625,
    5.875
  ],
  "4_0": [
    5.875,
    1.7625,
    -4.7,
    -5.2875,
    -5.875,
    -6.4625,
    -7.05,
    -7.6375,
    -8.225,
    -8.8125
  ],
  "4_1": [
    1.7625,
    5.875,
    1.7625,
    -4.7,
    -5.2875,
    -5.875,
    -6.4625,
    -7.05,
    -7.6375,
    -8.225
  ],
  "4_2": [
    -4.7,
    1.7625,
    5.875,
    1.7625,
    -4.7,
    -5.2875,
    -5.875,
    -6.4625,
    -7.05,
    -7.6375
  ],
  "4_3": [
    -5.2875,
    -4.7,
    1.7625,
    5.875,
    1.7625,
    -4.7,
    -5.2875,
    -5.875,
    -6.4625,
    -7.05
  ],
  "4_4": [
    -5.875,
    -5.2875,
    -4.7,
    1.7625,
    5.875,
    1.7625,
    -4.7,
    -5.2875,
    -5.875,
    -6.4625
  ],
  "4_5": [
    -6.4625,
    -5.875,
    -5.2875,
    -4.7,
    1.7625,
    5.875,
    1.7625,
    -4.7,
    -5.2875,
    -5.875
  ],
  "4_6": [
    -7.05,
    -6.4625,
    -5.875,
    -5.2875,
    -4.7,
    1.7625,
    5.875,
    1.7625,
    -4.7,
    -5.2875
  ],
  "4_7": [
    -7.6375,
    -7.05,
    -6.4625,
    -5.875,
    -5.2875,
    -4.7,
    1.7625,
    5.875,
    1.7625,
    -4.7
  ],