{
  "0": [
    0.46125,
    0.370708,
    0.148998,
    -0.097184,
    -0.284596,
    -0.391534,
    -0.438872,
    -0.455408,
    -0.460009,
    -0.461036
  ],
  "1": [
    0.370708,
    0.46125,
    0.370708,
    0.148998,
    -0.097184,
    -0.284596,
    -0.391534,
    -0.438872,
    -0.455408,
    -0.460009
  ],
  "2": [
    0.148998,
    0.370708,
    0.46125,
    0.370708,
    0.148998,
    -0.097184,
    -0.284596,
    -0.391534,
    -0.438872,
    -0.455408
  ],
  "3": [
    -0.097184,
    0.148998,
    0.370708,
    0.46125,
    0.370708,
    0.148998,
    -0.097184,
    -0.284596,
    -0.391534,
    -0.438872
  ],
  "4": [
    -0.284596,
    -0.097184,
    0.148998,
    0.370708,
    0.46125,
    0.370708,
    0.148998,
    -0.097184,
    -0.284596,
    -0.391534
  ],
  "5": [
    -0.391534,
    -0.284596,
    -0.097184,
    0.148998,
    0.370708,
    0.46125,
    0.370708,
    0.148998,
    -0.097184,
    -0.284596
  ],
  "6": [
    -0.438872,
    -0.391534,
    -0.284596,
    -0.097184,
    0.148998,
    0.370708,
    0.46125,
    0.370708,
    0.148998,
    -0.097184
  ],
  "7": [
    -0.455408,
    -0.438872,
    -0.391534,
    -0.284596,
    -0.097184,
    0.148998,
    0.370708,
    0.46125,
    0.370708,
    0.148998
  ],
  "8": [
    -0.460009,
    -0.455408,
    -0.438872,
    -0.391534,
    -0.284596,
    -0.097184,
    0.148998,
    0.370708,
    0.46125,
    0.370708
  ],
  "9": [
    -0.461036,
    -0.460009,
    -0.455408,
    -0.438872,
    -0.391534,
    -0.284596,
    -0.097184,
    0.148998,
    0.370708,
    0.46125
  ],
  "0_0": [
    7.6875,
    2.30625,
    -6.15,
    -6.91875,
    -7.6875,
    -8.45625,
    -9.225,
    -9.99375,
    -10.7625,
    -11.53125
  ],
  "0_1": [
    2.30625,
    7.6875,
    2.30625,
    -6.15,
    -6.91875,
    -7.6875,
    -8.45625,
    -9.225,
    -9.99375,
    -10.7625
  ],
  "0_2": [
    -6.15,
    2.30625,
    7.6875,
    2.30625,
    -6.15,
    -6.91875,
    -7.6875,
    -8.45625,
    -9.225,
    -9.99375
  ],
  "0_3": [
    -6.91875,
    -6.15,
    2.30625,
    7.6875,
    2.30625,
    -6.15,
    -6.91875,
    -7.6875,
    -8.45625,
    -9.225
  ],
  "0_4": [
    -7.6875,
    -6.91875,
    -6.15,
    2.30625,
    7.6875,
    2.30625,
    -6.15,
    -6.91875,
    -7.6875,
    -8.45625
  ],
  "0_5": [
    -8.45625,
    -7.6875,
    -6.91875,
    -6.15,
    2.30625,
    7.6875,
    2.30625,
    -6.15,
    -6.91875,
    -7.6875
  ],
  "0_6": [
    -9.225,
    -8.45625,
    -7.6875,
    -6.91875,
    -6.15,
    2.30625,
    7.6875,
    2.30625,
    -6.15,
    -6.91875
  ],
  "0_7": [
    -9.99375,
    -9.225,
    -8.45625,
    -7.6875,
    -6.91875,
    -6.15,
    2.30625,
    7.6875,
    2.30625,
    -6.15
  ],
  "0_8": [
    -10.7625,
    -9.99375,
    -9.225,
    -8.45625,
    -7.6875,
    -6.91875,
    -6.15,
    2.30625,
    7.6875,
    2.30625
  ],
  "0_9": [
    -11.53125,
    -10.7625,
    -9.99375,
    -9.225,
    -8.45625,
    -7.6875,
    -6.91875,
    -6.15,
    2.30625,
    7.6875
  ],
  "1_0": [
    7.6875,
    2.30625,
    -6.15,
    -6.91875,
    -7.6875,
    -8.45625,
    -9.225,
    -9.99375,
    -10.7625,
    -11.53125
  ],
  "1_1": [
    2.30625,
    7.6875,
    2.30625,
    -6.15,
    -6.91875,
    -7.6875,
    -8.45625,
    -9.225,
    -9.99375,
    -10.7625
  ],
  "1_2": [
    -6.15,
    2.30625,
    7.6875,
    2.30625,
    -6.15,
    -6.91875,
    -7.6875,
    -8.45625,
    -9.225,
    -9.99375
  ],
  "1_3": [
    -6.91875,
    -6.15,
    2.30625,
    7.6875,
    2.30625,
    -6.15,
    -6.91875,
    -7.6875,
    -8.45625,
    -9.225
  ],
  "1_4": [
    -7.6875,
    -6.91875,
    -6.15,
    2.30625,
    7.6875,
    2.30625,
    -6.15,
    -6.91875,
    -7.6875,
    -8.45625
  ],
  "1_5": [
    -8.45625,
    -7.6875,
    -6.91875,
    -6.15,
    2.30625,
    7.6875,
    2.30625,
    -6.15,
    -6.91875,
    -7.6875
  ],
  "1_6": [
    -9.225,
    -8.45625,
    -7.6875,
    -6.91875,
    -6.15,
    2.30625,
    7.6875,
    2.30625,
    -6.15,
    -6.91875
  ],
  "1_7": [
    -9.99375,
    -9.225,
    -8.45625,
    -7.6875,
    -6.91875,
    -6.15,
    2.30625,
    7.6875,
    2.30625,
    -6.15
  ],
  "1_8": [
    -10.7625,
    -9.99375,
    -9.225,
    -8.45625,
    -7.6875,
    -6.91875,
    -6.15,
    2.30625,
    7.6875,
    2.30625
  ],
  "1_9": [
    -11.53125,
    -10.7625,
    -9.99375,
    -9.225,
    -8.45625,
    -7.6875,
    -6.91875,
    -6.15,
    2.30625,
    7.6875
  ],
  "2_0": [
    7.6875,
    2.30625,
    -6.15,
    -6.91875,
    -7.6875,
    -8.45625,
    -9.225,
    -9.99375,
    -10.7625,
    -11.53125
  ],
  "2_1": [
    2.30625,
    7.6875,
    2.30625,
    -6.15,
    -6.91875,
    -7.6875,
    -8.45625,
    -9.225,
    -9.99375,
    -10.7625
  ],
  "2_2": [
    -6.15,
    2.30625,
    7.6875,
    2.30625,
    -6.15,
    -6.91875,
    -7.6875,
    -8.45625,
    -9.225,
    -9.99375
  ],
  "2_3": [
    -6.91875,
    -6.15,
    2.30625,
    7.6875,
    2.30625,
    -6.15,
    -6.91875,
    -7.6875,
    -8.45625,
    -9.225
  ],
  "2_4": [
    -7.6875,
    -6.91875,
    -6.15,
    2.30625,
    7.6875,
    2.30625,
    -6.15,
    -6.91875,
    -7.6875,
    -8.45625
  ],
  "2_5": [
    -8.45625,
    -7.6875,
    -6.91875,
    -6.15,
    2.30625,
    7.6875,
    2.30625,
    -6.15,
    -6.91875,
    -7.6875
  ],
  "2_6": [
    -9.225,
    -8.45625,
    -7.6875,
    -6.91875,
    -6.15,
    2.30625,
    7.6875,
    2.30625,
    -6.15,
    -6.91875
  ],
  "2_7": [
    -9.99375,
    -9.225,
    -8.45625,
    -7.6875,
    -6.91875,
    -6.15,
    2.30625,
    7.6875,
    2.30625,
    -6.15
  ],
  "2_8": [
    -10.7625,
    -9.99375,
    -9.225,
    -8.45625,
    -7.6875,
    -6.91875,
    -6.15,
    2.30625,
    7.6875,
    2.30625
  ],
  "2_9": [
    -11.53125,
    -10.7625,
    -9.99375,
    -9.225,
    -8.45625,
    -7.6875,
    -6.91875,
    -6.15,
    2.30625,
    7.6875
  ],
  "3_0": [
    7.6875,
    2.30625,
    -6.15,
    -6.91875,
    -7.6875,
    -8.45625,
    -9.225,
    -9.99375,
    -10.7625,
    -11.53125
  ],
  "3_1": [
    2.30625,
    7.6875,
    2.30625,
    -6.15,
    -6.91875,
    -7.6875,
    -8.45625,
    -9.225,
    -9.99375,
    -10.7625
  ],
  "3_2": [
    -6.15,
    2.30625,
    7.6875,
    2.30625,
    -6.15,
    -6.91875,
    -7.6875,
    -8.45625,
    -9.225,
    -9.99375
  ],
  "3_3": [
    -6.91875,
    -6.15,
    2.30625,
    7.6875,
    2.30625,
    -6.15,
    -6.91875,
    -7.6875,
    -8.45625,
    -9.225
  ],
  "3_4": [
    -7.6875,
    -6.91875,
    -6.15,
    2.30625,
    7.6875,
    2.30625,
    -6.15,
    -6.91875,
    -7.6875,
    -8.45625
  ],
  "3_5": [
    -8.45625,
    -7.6875,
    -6.91875,
    -6.15,
    2.30625,
    7.6875,
    2.30625,
    -6.15,
    -6.91875,
    -7.6875
  ],
  "3_6": [
    -9.225,
    -8.45625,
    -7.6875,
    -6.91875,
    -6.15,
    2.30625,
    7.6875,
    2.30625,
    -6.15,
    -6.91875
  ],
  "3_7": [
    -9.99375,
    -9.225,
    -8.45625,
    -7.6875,
    -6.91875,
    -6.15,
    2.30625,
    7.6875,
    2.30625,
    -6.15
  ],
  "3_8": [
    -10.7625,
    -9.99375,
    -9.225,
    -8.45625,
    -7.6875,
    -6.91875,
    -6.15,
    2.30625,
    7.6875,
    2.30625
  ],
  "3_9": [
    -11.53125,
    -10.7625,
    -9.99375,
    -9.225,
    -8.45625,
    -7.6875,
    -6.91875,
    -6.15,
    2.30625,
    7.6875
  ],
  "4_0": [
    7.6875,
    2.30625,
    -6.15,
    -6.91875,
    -7.6875,
    -8.45625,
    -9.225,
    -9.99375,
    -10.7625,
    -11.53125
  ],
  "4_1": [
    2.30625,
    7.6875,
    2.30625,
    -6.15,
    -6.91875,
    -7.6875,
    -8.45625,
    -9.225,
    -9.99375,
    -10.7625
  ],
  "4_2": [
    -6.15,
    2.30625,
    7.6875,
    2.30625,
    -6.15,
    -6.91875,
    -7.6875,
    -8.45625,
    -9.225,
    -9.99375
  ],
  "4_3": [
    -6.91875,
    -6.15,
    2.30625,
    7.6875,
    2.30625,
    -6.15,
    -6.91875,
    -7.6875,
    -8.45625,
    -9.225
  ],