{
  "0": [
    0.3675,
    0.295361,
    0.118714,
    -0.077431,
    -0.226751,
    -0.311954,
    -0.34967,
    -0.362845,
    -0.366511,
    -0.36733
  ],
  "1": [
    0.295361,
    0.3675,
    0.295361,
    0.118714,
    -0.077431,
    -0.226751,
    -0.311954,
    -0.34967,
    -0.362845,
    -0.366511
  ],
  "2": [
    0.118714,
    0.295361,
    0.3675,
    0.295361,
    0.118714,
    -0.077431,
    -0.226751,
    -0.311954,
    -0.34967,
    -0.362845
  ],
  "3": [
    -0.077431,
    0.118714,
    0.295361,
    0.3675,
    0.295361,
    0.118714,
    -0.077431,
    -0.226751,
    -0.311954,
    -0.34967
  ],
  "4": [
    -0.226751,
    -0.077431,
    0.118714,
    0.295361,
    0.3675,
    0.295361,
    0.118714,
    -0.077431,
    -0.226751,
    -0.311954
  ],
  "5": [
    -0.311954,
    -0.226751,
    -0.077431,
    0.118714,
    0.295361,
    0.3675,
    0.295361,
    0.118714,
    -0.077431,
    -0.226751
  ],
  "6": [
    -0.34967,
    -0.311954,
    -0.226751,
    -0.077431,
    0.118714,
    0.295361,
    0.3675,
    0.295361,
    0.118714,
    -0.077431
  ],
  "7": [
    -0.362845,
    -0.34967,
    -0.311954,
    -0.226751,
    -0.077431,
    0.118714,
    0.295361,
    0.3675,
    0.295361,
    0.118714
  ],
  "8": [
    -0.366511,
    -0.362845,
    -0.34967,
    -0.311954,
    -0.226751,
    -0.077431,
    0.118714,
    0.295361,
    0.3675,
    0.295361
  ],
  "9": [
    -0.36733,
    -0.366511,
    -0.362845,
    -0.34967,
    -0.311954,
    -0.226751,
    -0.077431,
    0.118714,
    0.295361,
    0.3675
  ],
  "0_0": [
    6.125,
    1.8375,
    -4.9,
    -5.5125,
    -6.125,
    -6.7375,
    -7.35,
    -7.9625,
    -8.575,
    -9.1875
  ],
  "0_1": [
    1.8375,
    6.125,
    1.8375,
    -4.9,
    -5.5125,
    -6.125,
    -6.7375,
    -7.35,
    -7.9625,
    -8.575
  ],
  "0_2": [
    -4.9,
    1.8375,
    6.125,
    1.8375,
    -4.9,
    -5.5125,
    -6.125,
    -6.7375,
    -7.35,
    -7.9625
  ],
  "0_3": [
    -5.5125,
    -4.9,
    1.8375,
    6.125,
    1.8375,
    -4.9,
    -5.5125,
    -6.125,
    -6.7375,
    -7.35
  ],
  "0_4": [
    -6.125,
    -5.5125,
    -4.9,
    1.8375,
    6.125,
    1.8375,
    -4.9,
    -5.5125,
    -6.125,
    -6.7375
  ],
  "0_5": [
    -6.7375,
    -6.125,
    -5.5125,
    -4.9,
    1.8375,
    6.125,
    1.8375,
    -4.9,
    -5.5125,
    -6.125
  ],
  "0_6": [
    -7.35,
    -6.7375,
    -6.125,
    -5.5125,
    -4.9,
    1.8375,
    6.125,
    1.8375,
    -4.9,
    -5.5125
  ],
  "0_7": [
    -7.9625,
    -7.35,
    -6.7375,
    -6.125,
    -5.5125,
    -4.9,
    1.8375,
    6.125,
    1.8375,
    -4.9
  ],
  "0_8": [
    -8.575,
    -7.9625,
    -7.35,
    -6.7375,
    -6.125,
    -5.5125,
    -4.9,
    1.8375,
    6.125,
    1.8375
  ],
  "0_9": [
    -9.1875,
    -8.575,
    -7.9625,
    -7.35,
    -6.7375,
    -6.125,
    -5.5125,
    -4.9,
    1.8375,
    6.125
  ],
  "1_0": [
    6.125,
    1.8375,
    -4.9,
    -5.5125,
    -6.125,
    -6.7375,
    -7.35,
    -7.9625,
    -8.575,
    -9.1875
  ],
  "1_1": [
    1.8375,
    6.125,
    1.8375,
    -4.9,
    -5.5125,
    -6.125,
    -6.7375,
    -7.35,
    -7.9625,
    -8.575
  ],
  "1_2": [
    -4.9,
    1.8375,
    6.125,
    1.8375,
    -4.9,
    -5.5125,
    -6.125,
    -6.7375,
    -7.35,
    -7.9625
  ],
  "1_3": [
    -5.5125,
    -4.9,
    1.8375,
    6.125,
    1.8375,
    -4.9,
    -5.5125,
    -6.125,
    -6.7375,
    -7.35
  ],
  "1_4": [
    -6.125,
    -5.5125,
    -4.9,
    1.8375,
    6.125,
    1.8375,
    -4.9,
    -5.5125,
    -6.125,
    -6.7375
  ],
  "1_5": [
    -6.7375,
    -6.125,
    -5.5125,
    -4.9,
    1.8375,
    6.125,
    1.8375,
    -4.9,
    -5.5125,
    -6.125
  ],
  "1_6": [
    -7.35,
    -6.7375,
    -6.125,
    -5.5125,
    -4.9,
    1.8375,
    6.125,
    1.8375,
    -4.9,
    -5.5125
  ],
  "1_7": [
    -7.9625,
    -7.35,
    -6.7375,
    -6.125,
    -5.5125,
    -4.9,
    1.8375,
    6.125,
    1.8375,
    -4.9
  ],
  "1_8": [
    -8.575,
    -7.9625,
    -7.35,
    -6.7375,
    -6.125,
    -5.5125,
    -4.9,
    1.8375,
    6.125,
    1.8375
  ],
  "1_9": [
    -9.1875,
    -8.575,
    -7.9625,
    -7.35,
    -6.7375,
    -6.125,
    -5.5125,
    -4.9,
    1.8375,
    6.125
  ],
  "2_0": [
    6.125,
    1.8375,
    -4.9,
    -5.5125,
    -6.125,
    -6.7375,
    -7.35,
    -7.9625,
    -8.575,
    -9.1875
  ],
  "2_1": [
    1.8375,
    6.125,
    1.8375,
    -4.9,
    -5.5125,
    -6.125,
    -6.7375,
    -7.35,
    -7.9625,
    -8.575
  ],
  "2_2": [
    -4.9,
    1.8375,
    6.125,
    1.8375,
    -4.9,
    -5.5125,
    -6.125,
    -6.7375,
    -7.35,
    -7.9625
  ],
  "2_3": [
    -5.5125,
    -4.9,
    1.8375,
    6.125,
    1.8375,
    -4.9,
    -5.5125,
    -6.125,
    -6.7375,
    -7.35
  ],
  "2_4": [
    -6.125,
    -5.5125,
    -4.9,
    1.8375,
    6.125,
    1.8375,
    -4.9,
    -5.5125,
    -6.125,
    -6.7375
  ],
  "2_5": [
    -6.7375,
    -6.125,
    -5.5125,
    -4.9,
    1.8375,
    6.125,
    1.8375,
    -4.9,
    -5.5125,
    -6.125
  ],
  "2_6": [
    -7.35,
    -6.7375,
    -6.125,
    -5.5125,
    -4.9,
    1.8375,
    6.125,
    1.8375,
    -4.9,
    -5.5125
  ],
  "2_7": [
    -7.9625,
    -7.35,
    -6.7375,
    -6.125,
    -5.5125,
    -4.9,
    1.8375,
    6.125,
    1.8375,
    -4.9
  ],
  "2_8": [
    -8.575,
    -7.9625,
    -7.35,
    -6.7375,
    -6.125,
    -5.5125,
    -4.9,
    1.8375,
    6.125,
    1.8375
  ],
  "2_9": [
    -9.1875,
    -8.575,
    -7.9625,
    -7.35,
    -6.7375,
    -6.125,
    -5.5125,
    -4.9,
    1.8375,
    6.125
  ],
  "3_0": [
    6.125,
    1.8375,
    -4.9,
    -5.5125,
    -6.125,
    -6.7375,
    -7.35,
    -7.9625,
    -8.575,
    -9.1875
  ],
  "3_1": [
    1.8375,
    6.125,
    1.8375,
    -4.9,
    -5.5125,
    -6.125,
    -6.7375,
    -7.35,
    -7.9625,
    -8.575
  ],
  "3_2": [
    -4.9,
    1.8375,
    6.125,
    1.8375,
    -4.9,
    -5.5125,
    -6.125,
    -6.7375,
    -7.35,
    -7.9625
  ],
  "3_3": [
    -5.5125,
    -4.9,
    1.8375,
    6.125,
    1.8375,
    -4.9,
    -5.5125,
    -6.125,
    -6.7375,
    -7.35
  ],
  "3_4": [
    -6.125,
    -5.5125,
    -4.9,
    1.8375,
    6.125,
    1.8375,
    -4.9,
    -5.5125,
    -6.125,
    -6.7375
  ],
  "3_5": [
    -6.7375,
    -6.125,
    -5.5125,
    -4.9,
    1.8375,
    6.125,
    1.8375,
    -4.9,
    -5.5125,
    -6.125
  ],
  "3_6": [
    -7.35,
    -6.7375,
    -6.125,
    -5.5125,
    -4.9,
    1.8375,
    6.125,
    1.8375,
    -4.9,
    -5.5125
  ],
  "3_7": [
    -7.9625,
    -7.35,
    -6.7375,
    -6.125,
    -5.5125,
    -4.9,
    1.8375,
    6.125,
    1.8375,
    -4.9
  ],
  "3_8": [
    -8.575,
    -7.9625,
    -7.35,
    -6.7375,
    -6.125,
    -5.5125,
    -4.9,
    1.8375,
    6.125,
    1.8375
  ],
  "3_9": [
    -9.1875,
    -8.575,
    -7.9625,
    -7.35,
    -6.7375,
    -6.125,
    -5.5125,
    -4.9,
    1.8375,
    6.125
  ],
  "4_0": [
    6.125,
    1.8375,
    -4.9,
    -5.5125,
    -6.125,
    -6.7375,
    -7.35,
    -7.9625,
    -8.575,
    -9.1875
  ],
  "4_1": [
    1.8375,
    6.125,
    1.8375,
    -4.9,
    -5.5125,
    -6.125,
    -6.7375,
    -7.35,
    -7.9625,
    -8.575
  ],
  "4_2": [
    -4.9,
    1.8375,
    6.125,
    1.8375,
    -4.9,
    -5.5125,
    -6.125,
    -6.7375,
    -7.35,
    -7.9625
  ],
  "4_3": [
    -5.5125,
    -4.9,
    1.8375,
    6.125,
    1.8375,
    -4.9,
    -5.5125,
    -6.125,
    -6.7375,
    -7.35
  ],
  "4_4": [
    -6.125,
    -5.5125,
    -4.9,
    1.8375,
    6.125,
    1.8375,
    -4.9,
    -5.5125,
    -6.125,
    -6.7375
  ],
  "4_5": [
    -6.7375,
    -6.125,
    -5.5125,
    -4.9,
    1.8375,
    6.125,
    1.8375,
    -4.9,
    -5.5125,
    -6.125
  ],
  "4_6": [
    -7.35,
    -6.7375,
    -6.125,
    -5.5125,
    -4.9,
    1.8375,
    6.125,
    1.8375,
    -4.9,
    -5.5125
  ],
  "4_7": [
    -7.9625,
    -7.35,
    -6.7375,
    -6.125,
    -5.5125,
    -4.9,
    1.8375,
    6.125,
    1.8375,
    -4.9
  ],