{
  "0": [
    0.4275,
    0.343583,
    0.138095,
    -0.090073,
    -0.263772,
    -0.362885,
    -0.406759,
    -0.422085,
    -0.42635,
    -0.427302
  ],
  "1": [
    0.343583,
    0.4275,
    0.343583,
    0.138095,
    -0.090073,
    -0.263772,
    -0.362885,
    -0.406759,
    -0.422085,
    -0.42635
  ],
  "2": [
    0.138095,
    0.343583,
    0.4275,
    0.343583,
    0.138095,
    -0.090073,
    -0.263772,
    -0.362885,
    -0.406759,
    -0.422085
  ],
  "3": [
    -0.090073,
    0.138095,
    0.343583,
    0.4275,
    0.343583,
    0.138095,
    -0.090073,
    -0.263772,
    -0.362885,
    -0.406759
  ],
  "4": [
    -0.263772,
    -0.090073,
    0.138095,
    0.343583,
    0.4275,
    0.343583,
    0.138095,
    -0.090073,
    -0.263772,
    -0.362885
  ],
  "5": [
    -0.362885,
    -0.263772,
    -0.090073,
    0.138095,
    0.343583,
    0.4275,
    0.343583,
    0.138095,
    -0.090073,
    -0.263772
  ],
  "6": [
    -0.406759,
    -0.362885,
    -0.263772,
    -0.090073,
    0.138095,
    0.343583,
    0.4275,
    0.343583,
    0.138095,
    -0.090073
  ],
  "7": [
    -0.422085,
    -0.406759,
    -0.362885,
    -0.263772,
    -0.090073,
    0.138095,
    0.343583,
    0.4275,
    0.343583,
    0.138095
  ],
  "8": [
    -0.42635,
    -0.422085,
    -0.406759,
    -0.362885,
    -0.263772,
    -0.090073,
    0.138095,
    0.343583,
    0.4275,
    0.343583
  ],
  "9": [
    -0.427302,
    -0.42635,
    -0.422085,
    -0.406759,
    -0.362885,
    -0.263772,
    -0.090073,
    0.138095,
    0.343583,
    0.4275
  ],
  "0_0": [
    7.125,
    2.1375,
    -5.7,
    -6.4125,
    -7.125,
    -7.8375,
    -8.55,
    -9.2625,
    -9.975,
    -10.6875
  ],
  "0_1": [
    2.1375,
    7.125,
    2.1375,
    -5.7,
    -6.4125,
    -7.125,
    -7.8375,
    -8.55,
    -9.2625,
    -9.975
  ],
  "0_2": [
    -5.7,
    2.1375,
    7.125,
    2.1375,
    -5.7,
    -6.4125,
    -7.125,
    -7.8375,
    -8.55,
    -9.2625
  ],
  "0_3": [
    -6.4125,
    -5.7,
    2.1375,
    7.125,
    2.1375,
    -5.7,
    -6.4125,
    -7.125,
    -7.8375,
    -8.55
  ],
  "0_4": [
    -7.125,
    -6.4125,
    -5.7,
    2.1375,
    7.125,
    2.1375,
    -5.7,
    -6.4125,
    -7.125,
    -7.8375
  ],
  "0_5": [
    -7.8375,
    -7.125,
    -6.4125,
    -5.7,
    2.1375,
    7.125,
    2.1375,
    -5.7,
    -6.4125,
    -7.125
  ],
  "0_6": [
    -8.55,
    -7.8375,
    -7.125,
    -6.4125,
    -5.7,
    2.1375,
    7.125,
    2.1375,
    -5.7,
    -6.4125
  ],
  "0_7": [
    -9.2625,
    -8.55,
    -7.8375,
    -7.125,
    -6.4125,
    -5.7,
    2.1375,
    7.125,
    2.1375,
    -5.7
  ],
  "0_8": [
    -9.975,
    -9.2625,
    -8.55,
    -7.8375,
    -7.125,
    -6.4125,
    -5.7,
    2.1375,
    7.125,
    2.1375
  ],
  "0_9": [
    -10.6875,
    -9.975,
    -9.2625,
    -8.55,
    -7.8375,
    -7.125,
    -6.4125,
    -5.7,
    2.1375,
    7.125
  ],
  "1_0": [
    7.125,
    2.1375,
    -5.7,
    -6.4125,
    -7.125,
    -7.8375,
    -8.55,
    -9.2625,
    -9.975,
    -10.6875
  ],
  "1_1": [
    2.1375,
    7.125,
    2.1375,
    -5.7,
    -6.4125,
    -7.125,
    -7.8375,
    -8.55,
    -9.2625,
    -9.975
  ],
  "1_2": [
    -5.7,
    2.1375,
    7.125,
    2.1375,
    -5.7,
    -6.4125,
    -7.125,
    -7.8375,
    -8.55,
    -9.2625
  ],
  "1_3": [
    -6.4125,
    -5.7,
    2.1375,
    7.125,
    2.1375,
    -5.7,
    -6.4125,
    -7.125,
    -7.8375,
    -8.55
  ],
  "1_4": [
    -7.125,
    -6.4125,
    -5.7,
    2.1375,
    7.125,
    2.1375,
    -5.7,
    -6.4125,
    -7.125,
    -7.8375
  ],
  "1_5": [
    -7.8375,
    -7.125,
    -6.4125,
    -5.7,
    2.1375,
    7.125,
    2.1375,
    -5.7,
    -6.4125,
    -7.125
  ],
  "1_6": [
    -8.55,
    -7.8375,
    -7.125,
    -6.4125,
    -5.7,
    2.1375,
    7.125,
    2.1375,
    -5.7,
    -6.4125
  ],
  "1_7": [
    -9.2625,
    -8.55,
    -7.8375,
    -7.125,
    -6.4125,
    -5.7,
    2.1375,
    7.125,
    2.1375,
    -5.7
  ],
  "1_8": [
    -9.975,
    -9.2625,
    -8.55,
    -7.8375,
    -7.125,
    -6.4125,
    -5.7,
    2.1375,
    7.125,
    2.1375
  ],
  "1_9": [
    -10.6875,
    -9.975,
    -9.2625,
    -8.55,
    -7.8375,
    -7.125,
    -6.4125,
    -5.7,
    2.1375,
    7.125
  ],
  "2_0": [
    7.125,
    2.1375,
    -5.7,
    -6.4125,
    -7.125,
    -7.8375,
    -8.55,
    -9.2625,
    -9.975,
    -10.6875
  ],
  "2_1": [
    2.1375,
    7.125,
    2.1375,
    -5.7,
    -6.4125,
    -7.125,
    -7.8375,
    -8.55,
    -9.2625,
    -9.975
  ],
  "2_2": [
    -5.7,
    2.1375,
    7.125,
    2.1375,
    -5.7,
    -6.4125,
    -7.125,
    -7.8375,
    -8.55,
    -9.2625
  ],
  "2_3": [
    -6.4125,
    -5.7,
    2.1375,
    7.125,
    2.1375,
    -5.7,
    -6.4125,
    -7.125,
    -7.8375,
    -8.55
  ],
  "2_4": [
    -7.125,
    -6.4125,
    -5.7,
    2.1375,
    7.125,
    2.1375,
    -5.7,
    -6.4125,
    -7.125,
    -7.8375
  ],
  "2_5": [
    -7.8375,
    -7.125,
    -6.4125,
    -5.7,
    2.1375,
    7.125,
    2.1375,
    -5.7,
    -6.4125,
    -7.125
  ],
  "2_6": [
    -8.55,
    -7.8375,
    -7.125,
    -6.4125,
    -5.7,
    2.1375,
    7.125,
    2.1375,
    -5.7,
    -6.4125
  ],
  "2_7": [
    -9.2625,
    -8.55,
    -7.8375,
    -7.125,
    -6.4125,
    -5.7,
    2.1375,
    7.125,
    2.1375,
    -5.7
  ],
  "2_8": [
    -9.975,
    -9.2625,
    -8.55,
    -7.8375,
    -7.125,
    -6.4125,
    -5.7,
    2.1375,
    7.125,
    2.1375
  ],
  "2_9": [
    -10.6875,
    -9.975,
    -9.2625,
    -8.55,
    -7.8375,
    -7.125,
    -6.4125,
    -5.7,
    2.1375,
    7.125
  ],
  "3_0": [
    7.125,
    2.1375,
    -5.7,
    -6.4125,
    -7.125,
    -7.8375,
    -8.55,
    -9.2625,
    -9.975,
    -10.6875
  ],
  "3_1": [
    2.1375,
    7.125,
    2.1375,
    -5.7,
    -6.4125,
    -7.125,
    -7.8375,
    -8.55,
    -9.2625,
    -9.975
  ],
  "3_2": [
    -5.7,
    2.1375,
    7.125,
    2.1375,
    -5.7,
    -6.4125,
    -7.125,
    -7.8375,
    -8.55,
    -9.2625
  ],
  "3_3": [
    -6.4125,
    -5.7,
    2.1375,
    7.125,
    2.1375,
    -5.7,
    -6.4125,
    -7.125,
    -7.8375,
    -8.55
  ],
  "3_4": [
    -7.125,
    -6.4125,
    -5.7,
    2.1375,
    7.125,
    2.1375,
    -5.7,
    -6.4125,
    -7.125,
    -7.8375
  ],
  "3_5": [
    -7.8375,
    -7.125,
    -6.4125,
    -5.7,
    2.1375,
    7.125,
    2.1375,
    -5.7,
    -6.4125,
    -7.125
  ],
  "3_6": [
    -8.55,
    -7.8375,
    -7.125,
    -6.4125,
    -5.7,
    2.1375,
    7.125,
    2.1375,
    -5.7,
    -6.4125
  ],
  "3_7": [
    -9.2625,
    -8.55,
    -7.8375,
    -7.125,
    -6.4125,
    -5.7,
    2.1375,
    7.125,
    2.1375,
    -5.7
  ],
  "3_8": [
    -9.975,
    -9.2625,
    -8.55,
    -7.8375,
    -7.125,
    -6.4125,
    -5.7,
    2.1375,
    7.125,
    2.1375
  ],
  "3_9": [
    -10.6875,
    -9.975,
    -9.2625,
    -8.55,
    -7.8375,
    -7.125,
    -6.4125,
    -5.7,
    2.1375,
    7.125
  ],
  "4_0": [
    7.125,
    2.1375,
    -5.7,
    -6.4125,
    -7.125,
    -7.8375,
    -8.55,
    -9.2625,
    -9.975,
    -10.6875
  ],
  "4_1": [
    2.1375,
    7.125,
    2.1375,
    -5.7,
    -6.4125,
    -7.125,
    -7.8375,
    -8.55,
    -9.2625,
    -9.975
  ],
  "4_2": [
    -5.7,
    2.1375,
    7.125,
    2.1375,
    -5.7,
    -6.4125,
    -7.125,
    -7.8375,
    -8.55,
    -9.2625
  ],
  "4_3": [
    -6.4125,
    -5.7,
    2.1375,
    7.125,
    2.1375,
    -5.7,
    -6.4125,
    -7.125,
    -7.8375,
    -8.55
  ],
  "4_4": [
    -7.125,
    -6.4125,
    -5.7,
    2.1375,
    7.125,
    2.1375,
    -5.7,
    -6.4125,
    -7.125,
    -7.8375
  ],
  "4_5": [
    -7.8375,
    -7.125,
    -6.4125,
    -5.7,
    2.1375,
    7.125,
    2.1375,
    -5.7,
    -6.4125,
    -7.125
  ],
  "4_6": [
    -8.55,
    -7.8375,
    -7.125,
    -6.4125,
    -5.7,
    2.1375,
    7.125,
    2.1375,
    -5.7,
    -6.4125
  ],
  "4_7": [
    -9.2625,
    -8.55,
    -7.8375,
    -7.125,
    -6.4125,
    -5.7,
    2.1375,
    7.125,
    2.1375,
    -5.7
  ],