{
  "0": [
    0.52125,
    0.41893,
    0.168379,
    -0.109826,
    -0.321616,
    -0.442465,
    -0.495961,
    -0.514648,
    -0.519848,
    -0.521008
  ],
  "1": [
    0.41893,
    0.52125,
    0.41893,
    0.168379,
    -0.109826,
    -0.321616,
    -0.442465,
    -0.495961,
    -0.514648,
    -0.519848
  ],
  "2": [
    0.168379,
    0.41893,
    0.52125,
    0.41893,
    0.168379,
    -0.109826,
    -0.321616,
    -0.442465,
    -0.495961,
    -0.514648
  ],
  "3": [
    -0.109826,
    0.168379,
    0.41893,
    0.52125,
    0.41893,
    0.168379,
    -0.109826,
    -0.321616,
    -0.442465,
    -0.495961
  ],
  "4": [
    -0.321616,
    -0.109826,
    0.168379,
    0.41893,
    0.52125,
    0.41893,
    0.168379,
    -0.109826,
    -0.321616,
    -0.442465
  ],
  "5": [
    -0.442465,
    -0.321616,
    -0.109826,
    0.168379,
    0.41893,
    0.52125,
    0.41893,
    0.168379,
    -0.109826,
    -0.321616
  ],
  "6": [
    -0.495961,
    -0.442465,
    -0.321616,
    -0.109826,
    0.168379,
    0.41893,
    0.52125,
    0.41893,
    0.168379,
    -0.109826
  ],
  "7": [
    -0.514648,
    -0.495961,
    -0.442465,
    -0.321616,
    -0.109826,
    0.168379,
    0.41893,
    0.52125,
    0.41893,
    0.168379
  ],
  "8": [
    -0.519848,
    -0.514648,
    -0.495961,
    -0.442465,
    -0.321616,
    -0.109826,
    0.168379,
    0.41893,
    0.52125,
    0.41893
  ],
  "9": [
    -0.521008,
    -0.519848,
    -0.514648,
    -0.495961,
    -0.442465,
    -0.321616,
    -0.109826,
    0.168379,
    0.41893,
    0.52125
  ],
  "0_0": [
    8.6875,
    2.60625,
    -6.95,
    -7.81875,
    -8.6875,
    -9.55625,
    -10.425,
    -11.29375,
    -12.1625,
    -13.03125
  ],
  "0_1": [
    2.60625,
    8.6875,
    2.60625,
    -6.95,
    -7.81875,
    -8.6875,
    -9.55625,
    -10.425,
    -11.29375,
    -12.1625
  ],
  "0_2": [
    -6.95,
    2.60625,
    8.6875,
    2.60625,
    -6.95,
    -7.81875,
    -8.6875,
    -9.55625,
    -10.425,
    -11.29375
  ],
  "0_3": [
    -7.81875,
    -6.95,
    2.60625,
    8.6875,
    2.60625,
    -6.95,
    -7.81875,
    -8.6875,
    -9.55625,
    -10.425
  ],
  "0_4": [
    -8.6875,
    -7.81875,
    -6.95,
    2.60625,
    8.6875,
    2.60625,
    -6.95,
    -7.81875,
    -8.6875,
    -9.55625
  ],
  "0_5": [
    -9.55625,
    -8.6875,
    -7.81875,
    -6.95,
    2.60625,
    8.6875,
    2.60625,
    -6.95,
    -7.81875,
    -8.6875
  ],
  "0_6": [
    -10.425,
    -9.55625,
    -8.6875,
    -7.81875,
    -6.95,
    2.60625,
    8.6875,
    2.60625,
    -6.95,
    -7.81875
  ],
  "0_7": [
    -11.29375,
    -10.425,
    -9.55625,
    -8.6875,
    -7.81875,
    -6.95,
    2.60625,
    8.6875,
    2.60625,
    -6.95
  ],
  "0_8": [
    -12.1625,
    -11.29375,
    -10.425,
    -9.55625,
    -8.6875,
    -7.81875,
    -6.95,
    2.60625,
    8.6875,
    2.60625
  ],
  "0_9": [
    -13.03125,
    -12.1625,
    -11.29375,
    -10.425,
    -9.55625,
    -8.6875,
    -7.81875,
    -6.95,
    2.60625,
    8.6875
  ],
  "1_0": [
    8.6875,
    2.60625,
    -6.95,
    -7.81875,
    -8.6875,
    -9.55625,
    -10.425,
    -11.29375,
    -12.1625,
    -13.03125
  ],
  "1_1": [
    2.60625,
    8.6875,
    2.60625,
    -6.95,
    -7.81875,
    -8.6875,
    -9.55625,
    -10.425,
    -11.29375,
    -12.1625
  ],
  "1_2": [
    -6.95,
    2.60625,
    8.6875,
    2.60625,
    -6.95,
    -7.81875,
    -8.6875,
    -9.55625,
    -10.425,
    -11.29375
  ],
  "1_3": [
    -7.81875,
    -6.95,
    2.60625,
    8.6875,
    2.60625,
    -6.95,
    -7.81875,
    -8.6875,
    -9.55625,
    -10.425
  ],
  "1_4": [
    -8.6875,
    -7.81875,
    -6.95,
    2.60625,
    8.6875,
    2.60625,
    -6.95,
    -7.81875,
    -8.6875,
    -9.55625
  ],
  "1_5": [
    -9.55625,
    -8.6875,
    -7.81875,
    -6.95,
    2.60625,
    8.6875,
    2.60625,
    -6.95,
    -7.81875,
    -8.6875
  ],
  "1_6": [
    -10.425,
    -9.55625,
    -8.6875,
    -7.81875,
    -6.95,
    2.60625,
    8.6875,
    2.60625,
    -6.95,
    -7.81875
  ],
  "1_7": [
    -11.29375,
    -10.425,
    -9.55625,
    -8.6875,
    -7.81875,
    -6.95,
    2.60625,
    8.6875,
    2.60625,
    -6.95
  ],
  "1_8": [
    -12.1625,
    -11.29375,
    -10.425,
    -9.55625,
    -8.6875,
    -7.81875,
    -6.95,
    2.60625,
    8.6875,
    2.60625
  ],
  "1_9": [
    -13.03125,
    -12.1625,
    -11.29375,
    -10.425,
    -9.55625,
    -8.6875,
    -7.81875,
    -6.95,
    2.60625,
    8.6875
  ],
  "2_0": [
    8.6875,
    2.60625,
    -6.95,
    -7.81875,
    -8.6875,
    -9.55625,
    -10.425,
    -11.29375,
    -12.1625,
    -13.03125
  ],
  "2_1": [
    2.60625,
    8.6875,
    2.60625,
    -6.95,
    -7.81875,
    -8.6875,
    -9.55625,
    -10.425,
    -11.29375,
    -12.1625
  ],
  "2_2": [
    -6.95,
    2.60625,
    8.6875,
    2.60625,
    -6.95,
    -7.81875,
    -8.6875,
    -9.55625,
    -10.425,
    -11.29375
  ],
  "2_3": [
    -7.81875,
    -6.95,
    2.60625,
    8.6875,
    2.60625,
    -6.95,
    -7.81875,
    -8.6875,
    -9.55625,
    -10.425
  ],
  "2_4": [
    -8.6875,
    -7.81875,
    -6.95,
    2.60625,
    8.6875,
    2.60625,
    -6.95,
    -7.81875,
    -8.6875,
    -9.55625
  ],
  "2_5": [
    -9.55625,
    -8.6875,
    -7.81875,
    -6.95,
    2.60625,
    8.6875,
    2.60625,
    -6.95,
    -7.81875,
    -8.6875
  ],
  "2_6": [
    -10.425,
    -9.55625,
    -8.6875,
    -7.81875,
    -6.95,
    2.60625,
    8.6875,
    2.60625,
    -6.95,
    -7.81875
  ],
  "2_7": [
    -11.29375,
    -10.425,
    -9.55625,
    -8.6875,
    -7.81875,
    -6.95,
    2.60625,
    8.6875,
    2.60625,
    -6.95
  ],
  "2_8": [
    -12.1625,
    -11.29375,
    -10.425,
    -9.55625,
    -8.6875,
    -7.81875,
    -6.95,
    2.60625,
    8.6875,
    2.60625
  ],
  "2_9": [
    -13.03125,
    -12.1625,
    -11.29375,
    -10.425,
    -9.55625,
    -8.6875,
    -7.81875,
    -6.95,
    2.60625,
    8.6875
  ],
  "3_0": [
    8.6875,
    2.60625,
    -6.95,
    -7.81875,
    -8.6875,
    -9.55625,
    -10.425,
    -11.29375,
    -12.1625,
    -13.03125
  ],
  "3_1": [
    2.60625,
    8.6875,
    2.60625,
    -6.95,
    -7.81875,
    -8.6875,
    -9.55625,
    -10.425,
    -11.29375,
    -12.1625
  ],
  "3_2": [
    -6.95,
    2.60625,
    8.6875,
    2.60625,
    -6.95,
    -7.81875,
    -8.6875,
    -9.55625,
    -10.425,
    -11.29375
  ],
  "3_3": [
    -7.81875,
    -6.95,
    2.60625,
    8.6875,
    2.60625,
    -6.95,
    -7.81875,
    -8.6875,
    -9.55625,
    -10.425
  ],
  "3_4": [
    -8.6875,
    -7.81875,
    -6.95,
    2.60625,
    8.6875,
    2.60625,
    -6.95,
    -7.81875,
    -8.6875,
    -9.55625
  ],
  "3_5": [
    -9.55625,
    -8.6875,
    -7.81875,
    -6.95,
    2.60625,
    8.6875,
    2.60625,
    -6.95,
    -7.81875,
    -8.6875
  ],
  "3_6": [
    -10.425,
    -9.55625,
    -8.6875,
    -7.81875,
    -6.95,
    2.60625,
    8.6875,
    2.60625,
    -6.95,
    -7.81875
  ],
  "3_7": [
    -11.29375,
    -10.425,
    -9.55625,
    -8.6875,
    -7.81875,
    -6.95,
    2.60625,
    8.6875,
    2.60625,
    -6.95
  ],
  "3_8": [
    -12.1625,
    -11.29375,
    -10.425,
    -9.55625,
    -8.6875,
    -7.81875,
    -6.95,
    2.60625,
    8.6875,
    2.60625
  ],
  "3_9": [
    -13.03125,
    -12.1625,
    -11.29375,
    -10.425,
    -9.55625,
    -8.6875,
    -7.81875,
    -6.95,
    2.60625,
    8.6875
  ],
  "4_0": [
    8.6875,
    2.60625,
    -6.95,
    -7.81875,
    -8.6875,
    -9.55625,
    -10.425,
    -11.29375,
    -12.1625,
    -13.03125
  ],
  "4_1": [
    2.60625,
    8.6875,
    2.60625,
    -6.95,
    -7.81875,
    -8.6875,
    -9.55625,
    -10.425,
    -11.29375,
    -12.1625
  ],
  "4_2": [
    -6.95,
    2.60625,
    8.6875,
    2.60625,
    -6.95,
    -7.81875,
    -8.6875,
    -9.55625,
    -10.425,
    -11.29375
  ],
  "4_3": [
    -7.81875,
    -6.95,
    2.60625,
    8.6875,
    2.60625,
    -6.95,
    -7.81875,
    -8.6875,
    -9.55625,
    -10.425
  ],