{
  "0": [
    0.48,
    0.385778,
    0.155054,
    -0.101134,
    -0.296165,
    -0.40745,
    -0.456712,
    -0.47392,
    -0.478709,
    -0.479778
  ],
  "1": [
    0.385778,
    0.48,
    0.385778,
    0.155054,
    -0.101134,
    -0.296165,
    -0.40745,
    -0.456712,
    -0.47392,
    -0.478709
  ],
  "2": [
    0.155054,
    0.385778,
    0.48,
    0.385778,
    0.155054,
    -0.101134,
    -0.296165,
    -0.40745,
    -0.456712,
    -0.47392
  ],
  "3": [
    -0.101134,
    0.155054,
    0.385778,
    0.48,
    0.385778,
    0.155054,
    -0.101134,
    -0.296165,
    -0.40745,
    -0.456712
  ],
  "4": [
    -0.296165,
    -0.101134,
    0.155054,
    0.385778,
    0.48,
    0.385778,
    0.155054,
    -0.101134,
    -0.296165,
    -0.40745
  ],
  "5": [
    -0.40745,
    -0.296165,
    -0.101134,
    0.155054,
    0.385778,
    0.48,
    0.385778,
    0.155054,
    -0.101134,
    -0.296165
  ],
  "6": [
    -0.456712,
    -0.40745,
    -0.296165,
    -0.101134,
    0.155054,
    0.385778,
    0.48,
    0.385778,
    0.155054,
    -0.101134
  ],
  "7": [
    -0.47392,
    -0.456712,
    -0.40745,
    -0.296165,
    -0.101134,
    0.155054,
    0.385778,
    0.48,
    0.385778,
    0.155054
  ],
  "8": [
    -0.478709,
    -0.47392,
    -0.456712,
    -0.40745,
    -0.296165,
    -0.101134,
    0.155054,
    0.385778,
    0.48,
    0.385778
  ],
  "9": [
    -0.479778,
    -0.478709,
    -0.47392,
    -0.456712,
    -0.40745,
    -0.296165,
    -0.101134,
    0.155054,
    0.385778,
    0.48
  ],
  "0_0": [
    8,
    2.4,
    -6.4,
    -7.2,
    -8,
    -8.8,
    -9.6,
    -10.4,
    -11.2,
    -12
  ],
  "0_1": [
    2.4,
    8,
    2.4,
    -6.4,
    -7.2,
    -8,
    -8.8,
    -9.6,
    -10.4,
    -11.2
  ],
  "0_2": [
    -6.4,
    2.4,
    8,
    2.4,
    -6.4,
    -7.2,
    -8,
    -8.8,
    -9.6,
    -10.4
  ],
  "0_3": [
    -7.2,
    -6.4,
    2.4,
    8,
    2.4,
    -6.4,
    -7.2,
    -8,
    -8.8,
    -9.6
  ],
  "0_4": [
    -8,
    -7.2,
    -6.4,
    2.4,
    8,
    2.4,
    -6.4,
    -7.2,
    -8,
    -8.8
  ],
  "0_5": [
    -8.8,
    -8,
    -7.2,
    -6.4,
    2.4,
    8,
    2.4,
    -6.4,
    -7.2,
    -8
  ],
  "0_6": [
    -9.6,
    -8.8,
    -8,
    -7.2,
    -6.4,
    2.4,
    8,
    2.4,
    -6.4,
    -7.2
  ],
  "0_7": [
    -10.4,
    -9.6,
    -8.8,
    -8,
    -7.2,
    -6.4,
    2.4,
    8,
    2.4,
    -6.4
  ],
  "0_8": [
    -11.2,
    -10.4,
    -9.6,
    -8.8,
    -8,
    -7.2,
    -6.4,
    2.4,
    8,
    2.4
  ],
  "0_9": [
    -12,
    -11.2,
    -10.4,
    -9.6,
    -8.8,
    -8,
    -7.2,
    -6.4,
    2.4,
    8
  ],
  "1_0": [
    8,
    2.4,
    -6.4,
    -7.2,
    -8,
    -8.8,
    -9.6,
    -10.4,
    -11.2,
    -12
  ],
  "1_1": [
    2.4,
    8,
    2.4,
    -6.4,
    -7.2,
    -8,
    -8.8,
    -9.6,
    -10.4,
    -11.2
  ],
  "1_2": [
    -6.4,
    2.4,
    8,
    2.4,
    -6.4,
    -7.2,
    -8,
    -8.8,
    -9.6,
    -10.4
  ],
  "1_3": [
    -7.2,
    -6.4,
    2.4,
    8,
    2.4,
    -6.4,
    -7.2,
    -8,
    -8.8,
    -9.6
  ],
  "1_4": [
    -8,
    -7.2,
    -6.4,
    2.4,
    8,
    2.4,
    -6.4,
    -7.2,
    -8,
    -8.8
  ],
  "1_5": [
    -8.8,
    -8,
    -7.2,
    -6.4,
    2.4,
    8,
    2.4,
    -6.4,
    -7.2,
    -8
  ],
  "1_6": [
    -9.6,
    -8.8,
    -8,
    -7.2,
    -6.4,
    2.4,
    8,
    2.4,
    -6.4,
    -7.2
  ],
  "1_7": [
    -10.4,
    -9.6,
    -8.8,
    -8,
    -7.2,
    -6.4,
    2.4,
    8,
    2.4,
    -6.4
  ],
  "1_8": [
    -11.2,
    -10.4,
    -9.6,
    -8.8,
    -8,
    -7.2,
    -6.4,
    2.4,
    8,
    2.4
  ],
  "1_9": [
    -12,
    -11.2,
    -10.4,
    -9.6,
    -8.8,
    -8,
    -7.2,
    -6.4,
    2.4,
    8
  ],
  "2_0": [
    8,
    2.4,
    -6.4,
    -7.2,
    -8,
    -8.8,
    -9.6,
    -10.4,
    -11.2,
    -12
  ],
  "2_1": [
    2.4,
    8,
    2.4,
    -6.4,
    -7.2,
    -8,
    -8.8,
    -9.6,
    -10.4,
    -11.2
  ],
  "2_2": [
    -6.4,
    2.4,
    8,
    2.4,
    -6.4,
    -7.2,
    -8,
    -8.8,
    -9.6,
    -10.4
  ],
  "2_3": [
    -7.2,
    -6.4,
    2.4,
    8,
    2.4,
    -6.4,
    -7.2,
    -8,
    -8.8,
    -9.6
  ],
  "2_4": [
    -8,
    -7.2,
    -6.4,
    2.4,
    8,
    2.4,
    -6.4,
    -7.2,
    -8,
    -8.8
  ],
  "2_5": [
    -8.8,
    -8,
    -7.2,
    -6.4,
    2.4,
    8,
    2.4,
    -6.4,
    -7.2,
    -8
  ],
  "2_6": [
    -9.6,
    -8.8,
    -8,
    -7.2,
    -6.4,
    2.4,
    8,
    2.4,
    -6.4,
    -7.2
  ],
  "2_7": [
    -10.4,
    -9.6,
    -8.8,
    -8,
    -7.2,
    -6.4,
    2.4,
    8,
    2.4,
    -6.4
  ],
  "2_8": [
    -11.2,
    -10.4,
    -9.6,
    -8.8,
    -8,
    -7.2,
    -6.4,
    2.4,
    8,
    2.4
  ],
  "2_9": [
    -12,
    -11.2,
    -10.4,
    -9.6,
    -8.8,
    -8,
    -7.2,
    -6.4,
    2.4,
    8
  ],
  "3_0": [
    8,
    2.4,
    -6.4,
    -7.2,
    -8,
    -8.8,
    -9.6,
    -10.4,
    -11.2,
    -12
  ],
  "3_1": [
    2.4,
    8,
    2.4,
    -6.4,
    -7.2,
    -8,
    -8.8,
    -9.6,
    -10.4,
    -11.2
  ],
  "3_2": [
    -6.4,
    2.4,
    8,
    2.4,
    -6.4,
    -7.2,
    -8,
    -8.8,
    -9.6,
    -10.4
  ],
  "3_3": [
    -7.2,
    -6.4,
    2.4,
    8,
    2.4,
    -6.4,
    -7.2,
    -8,
    -8.8,
    -9.6
  ],
  "3_4": [
    -8,
    -7.2,
    -6.4,
    2.4,
    8,
    2.4,
    -6.4,
    -7.2,
    -8,
    -8.8
  ],
  "3_5": [
    -8.8,
    -8,
    -7.2,
    -6.4,
    2.4,
    8,
    2.4,
    -6.4,
    -7.2,
    -8
  ],
  "3_6": [
    -9.6,
    -8.8,
    -8,
    -7.2,
    -6.4,
    2.4,
    8,
    2.4,
    -6.4,
    -7.2
  ],
  "3_7": [
    -10.4,
    -9.6,
    -8.8,
    -8,
    -7.2,
    -6.4,
    2.4,
    8,
    2.4,
    -6.4
  ],
  "3_8": [
    -11.2,
    -10.4,
    -9.6,
    -8.8,
    -8,
    -7.2,
    -6.4,
    2.4,
    8,
    2.4
  ],
  "3_9": [
    -12,
    -11.2,
    -10.4,
    -9.6,
    -8.8,
    -8,
    -7.2,
    -6.4,
    2.4,
    8
  ],
  "4_0": [
    8,
    2.4,
    -6.4,
    -7.2,
    -8,
    -8.8,
    -9.6,
    -10.4,
    -11.2,
    -12
  ],
  "4_1": [
    2.4,
    8,
    2.4,
    -6.4,
    -7.2,
    -8,
    -8.8,
    -9.6,
    -10.4,
    -11.2
  ],
  "4_2": [
    -6.4,
    2.4,
    8,
    2.4,
    -6.4,
    -7.2,
    -8,
    -8.8,
    -9.6,
    -10.4
  ],
  "4_3": [
    -7.2,
    -6.4,
    2.4,
    8,
    2.4,
    -6.4,
    -7.2,
    -8,
    -8.8,
    -9.6
  ],
  "4_4": [
    -8,
    -7.2,
    -6.4,
    2.4,
    8,
    2.4,
    -6.4,
    -7.2,
    -8,
    -8.8
  ],
  "4_5": [
    -8.8,
    -8,
    -7.2,
    -6.4,
    2.4,
    8,
    2.4,
    -6.4,
    -7.2,
    -8
  ],
  "4_6": [
    -9.6,
    -8.8,
    -8,
    -7.2,
    -6.4,
    2.4,
    8,
    2.4,
    -6.4,
    -7.2
  ],
  "4_7": [
    -10.4,
    -9.6,
    -8.8,
    -8,
    -7.2,
    -6.4,
    2.4,
    8,
    2.4,
    -6.4
  ],
  "4_8": [
    -11.2,
    -10.4,
    -9.6,
    -8.8,
    -8,
    -7.2,
    -6.4,
    2.4,
    8,
    2.4
  ],
  "4_9": [
    -12,
    -11.2,
    -10.4,
    -9.6,
    -8.8,
    -8,
    -7.2,
    -6.4,
    2.4,
    8
  ],
  "5_0": [
    8,
    2.4,
    -6.4,
    -7.2,
    -8,
    -8.8,
    -9.6,
    -10.4,
    -11.2,
    -12
  ],
  "5_1": [
    2.4,
    8,
    2.4,
    -6.4,
    -7.2,
    -8,
    -8.8,
    -9.6,
    -10.4,
    -11.2
  ],
  "5_2": [
    -6.4,
    2.4,
    8,
    2.4,
    -6.4,
    -7.2,
    -8,
    -8.8,
    -9.6,
    -10.4
  ],
  "5_3": [
    -7.2,
    -6.4,
    2.4,
    8,
    2.4,
    -6.4,
    -7.2,
    -8,
    -8.8,
    -9.6
  ],
  "5_4": [
    -8,
    -7.2,
    -6.4,
    2.4,
    8,
    2.4,
    -6.4,
    -7.2,
    -8,
    -8.8
  ],
  "5_5": [
    -8.8,
    -8,
    -7.2,
    -6.4,
    2.4,
    8,
    2.4,
    -6.4,
    -7.2,
    -8
  ],
  "5_6": [
    -9.6,
    -8.8,
    -8,
    -7.2,
    -6.4,
    2.4,
    8,
    2.4,
    -6.4,
    -7.2
  ],
  "5_7": [
    -10.4,
    -9.6,
    -8.8,
    -8,
    -7.2,
    -6.4,
    2.4,
    8,
    2.4,
    -6.4
  ],
  "5_8": [
    -11.2,
    -10.4,
    -9.6,
    -8.8,
    -8,
    -7.2,
    -6.4,
    2.4,
    8,
    2.4
  ],