{
  "0": [
    0.37125,
    0.298375,
    0.119925,
    -0.078221,
    -0.229065,
    -0.315137,
    -0.353238,
    -0.366548,
    -0.370251,
    -0.371078
  ],
  "1": [
    0.298375,
    0.37125,
    0.298375,
    0.119925,
    -0.078221,
    -0.229065,
    -0.315137,
    -0.353238,
    -0.366548,
    -0.370251
  ],
  "2": [
    0.119925,
    0.298375,
    0.37125,
    0.298375,
    0.119925,
    -0.078221,
    -0.229065,
    -0.315137,
    -0.353238,
    -0.366548
  ],
  "3": [
    -0.078221,
    0.119925,
    0.298375,
    0.37125,
    0.298375,
    0.119925,
    -0.078221,
    -0.229065,
    -0.315137,
    -0.353238
  ],
  "4": [
    -0.229065,
    -0.078221,
    0.119925,
    0.298375,
    0.37125,
    0.298375,
    0.119925,
    -0.078221,
    -0.229065,
    -0.315137
  ],
  "5": [
    -0.315137,
    -0.229065,
    -0.078221,
    0.119925,
    0.298375,
    0.37125,
    0.298375,
    0.119925,
    -0.078221,
    -0.229065
  ],
  "6": [
    -0.353238,
    -0.315137,
    -0.229065,
    -0.078221,
    0.119925,
    0.298375,
    0.37125,
    0.298375,
    0.119925,
    -0.078221
  ],
  "7": [
    -0.366548,
    -0.353238,
    -0.315137,
    -0.229065,
    -0.078221,
    0.119925,
    0.298375,
    0.37125,
    0.298375,
    0.119925
  ],
  "8": [
    -0.370251,
    -0.366548,
    -0.353238,
    -0.315137,
    -0.229065,
    -0.078221,
    0.119925,
    0.298375,
    0.37125,
    0.298375
  ],
  "9": [
    -0.371078,
    -0.370251,
    -0.366548,
    -0.353238,
    -0.315137,
    -0.229065,
    -0.078221,
    0.119925,
    0.298375,
    0.37125
  ],
  "0_0": [
    6.1875,
    1.85625,
    -4.95,
    -5.56875,
    -6.1875,
    -6.80625,
    -7.425,
    -8.04375,
    -8.6625,
    -9.28125
  ],
  "0_1": [
    1.85625,
    6.1875,
    1.85625,
    -4.95,
    -5.56875,
    -6.1875,
    -6.80625,
    -7.425,
    -8.04375,
    -8.6625
  ],
  "0_2": [
    -4.95,
    1.85625,
    6.1875,
    1.85625,
    -4.95,
    -5.56875,
    -6.1875,
    -6.80625,
    -7.425,
    -8.04375
  ],
  "0_3": [
    -5.56875,
    -4.95,
    1.85625,
    6.1875,
    1.85625,
    -4.95,
    -5.56875,
    -6.1875,
    -6.80625,
    -7.425
  ],
  "0_4": [
    -6.1875,
    -5.56875,
    -4.95,
    1.85625,
    6.1875,
    1.85625,
    -4.95,
    -5.56875,
    -6.1875,
    -6.80625
  ],
  "0_5": [
    -6.80625,
    -6.1875,
    -5.56875,
    -4.95,
    1.85625,
    6.1875,
    1.85625,
    -4.95,
    -5.56875,
    -6.1875
  ],
  "0_6": [
    -7.425,
    -6.80625,
    -6.1875,
    -5.56875,
    -4.95,
    1.85625,
    6.1875,
    1.85625,
    -4.95,
    -5.56875
  ],
  "0_7": [
    -8.04375,
    -7.425,
    -6.80625,
    -6.1875,
    -5.56875,
    -4.95,
    1.85625,
    6.1875,
    1.85625,
    -4.95
  ],
  "0_8": [
    -8.6625,
    -8.04375,
    -7.425,
    -6.80625,
    -6.1875,
    -5.56875,
    -4.95,
    1.85625,
    6.1875,
    1.85625
  ],
  "0_9": [
    -9.28125,
    -8.6625,
    -8.04375,
    -7.425,
    -6.80625,
    -6.1875,
    -5.56875,
    -4.95,
    1.85625,
    6.1875
  ],
  "1_0": [
    6.1875,
    1.85625,
    -4.95,
    -5.56875,
    -6.1875,
    -6.80625,
    -7.425,
    -8.04375,
    -8.6625,
    -9.28125
  ],
  "1_1": [
    1.85625,
    6.1875,
    1.85625,
    -4.95,
    -5.56875,
    -6.1875,
    -6.80625,
    -7.425,
    -8.04375,
    -8.6625
  ],
  "1_2": [
    -4.95,
    1.85625,
    6.1875,
    1.85625,
    -4.95,
    -5.56875,
    -6.1875,
    -6.80625,
    -7.425,
    -8.04375
  ],
  "1_3": [
    -5.56875,
    -4.95,
    1.85625,
    6.1875,
    1.85625,
    -4.95,
    -5.56875,
    -6.1875,
    -6.80625,
    -7.425
  ],
  "1_4": [
    -6.1875,
    -5.56875,
    -4.95,
    1.85625,
    6.1875,
    1.85625,
    -4.95,
    -5.56875,
    -6.1875,
    -6.80625
  ],
  "1_5": [
    -6.80625,
    -6.1875,
    -5.56875,
    -4.95,
    1.85625,
    6.1875,
    1.85625,
    -4.95,
    -5.56875,
    -6.1875
  ],
  "1_6": [
    -7.425,
    -6.80625,
    -6.1875,
    -5.56875,
    -4.95,
    1.85625,
    6.1875,
    1.85625,
    -4.95,
    -5.56875
  ],
  "1_7": [
    -8.04375,
    -7.425,
    -6.80625,
    -6.1875,
    -5.56875,
    -4.95,
    1.85625,
    6.1875,
    1.85625,
    -4.95
  ],
  "1_8": [
    -8.6625,
    -8.04375,
    -7.425,
    -6.80625,
    -6.1875,
    -5.56875,
    -4.95,
    1.85625,
    6.1875,
    1.85625
  ],
  "1_9": [
    -9.28125,
    -8.6625,
    -8.04375,
    -7.425,
    -6.80625,
    -6.1875,
    -5.56875,
    -4.95,
    1.85625,
    6.1875
  ],
  "2_0": [
    6.1875,
    1.85625,
    -4.95,
    -5.56875,
    -6.1875,
    -6.80625,
    -7.425,
    -8.04375,
    -8.6625,
    -9.28125
  ],
  "2_1": [
    1.85625,
    6.1875,
    1.85625,
    -4.95,
    -5.56875,
    -6.1875,
    -6.80625,
    -7.425,
    -8.04375,
    -8.6625
  ],
  "2_2": [
    -4.95,
    1.85625,
    6.1875,
    1.85625,
    -4.95,
    -5.56875,
    -6.1875,
    -6.80625,
    -7.425,
    -8.04375
  ],
  "2_3": [
    -5.56875,
    -4.95,
    1.85625,
    6.1875,
    1.85625,
    -4.95,
    -5.56875,
    -6.1875,
    -6.80625,
    -7.425
  ],
  "2_4": [
    -6.1875,
    -5.56875,
    -4.95,
    1.85625,
    6.1875,
    1.85625,
    -4.95,
    -5.56875,
    -6.1875,
    -6.80625
  ],
  "2_5": [
    -6.80625,
    -6.1875,
    -5.56875,
    -4.95,
    1.85625,
    6.1875,
    1.85625,
    -4.95,
    -5.56875,
    -6.1875
  ],
  "2_6": [
    -7.425,
    -6.80625,
    -6.1875,
    -5.56875,
    -4.95,
    1.85625,
    6.1875,
    1.85625,
    -4.95,
    -5.56875
  ],
  "2_7": [
    -8.04375,
    -7.425,
    -6.80625,
    -6.1875,
    -5.56875,
    -4.95,
    1.85625,
    6.1875,
    1.85625,
    -4.95
  ],
  "2_8": [
    -8.6625,
    -8.04375,
    -7.425,
    -6.80625,
    -6.1875,
    -5.56875,
    -4.95,
    1.85625,
    6.1875,
    1.85625
  ],
  "2_9": [
    -9.28125,
    -8.6625,
    -8.04375,
    -7.425,
    -6.80625,
    -6.1875,
    -5.56875,
    -4.95,
    1.85625,
    6.1875
  ],
  "3_0": [
    6.1875,
    1.85625,
    -4.95,
    -5.56875,
    -6.1875,
    -6.80625,
    -7.425,
    -8.04375,
    -8.6625,
    -9.28125
  ],
  "3_1": [
    1.85625,
    6.1875,
    1.85625,
    -4.95,
    -5.56875,
    -6.1875,
    -6.80625,
    -7.425,
    -8.04375,
    -8.6625
  ],
  "3_2": [
    -4.95,
    1.85625,
    6.1875,
    1.85625,
    -4.95,
    -5.56875,
    -6.1875,
    -6.80625,
    -7.425,
    -8.04375
  ],
  "3_3": [
    -5.56875,
    -4.95,
    1.85625,
    6.1875,
    1.85625,
    -4.95,
    -5.56875,
    -6.1875,
    -6.80625,
    -7.425
  ],
  "3_4": [
    -6.1875,
    -5.56875,
    -4.95,
    1.85625,
    6.1875,
    1.85625,
    -4.95,
    -5.56875,
    -6.1875,
    -6.80625
  ],
  "3_5": [
    -6.80625,
    -6.1875,
    -5.56875,
    -4.95,
    1.85625,
    6.1875,
    1.85625,
    -4.95,
    -5.56875,
    -6.1875
  ],
  "3_6": [
    -7.425,
    -6.80625,
    -6.1875,
    -5.56875,
    -4.95,
    1.85625,
    6.1875,
    1.85625,
    -4.95,
    -5.56875
  ],
  "3_7": [
    -8.04375,
    -7.425,
    -6.80625,
    -6.1875,
    -5.56875,
    -4.95,
    1.85625,
    6.1875,
    1.85625,
    -4.95
  ],
  "3_8": [
    -8.6625,
    -8.04375,
    -7.425,
    -6.80625,
    -6.1875,
    -5.56875,
    -4.95,
    1.85625,
    6.1875,
    1.85625
  ],
  "3_9": [
    -9.28125,
    -8.6625,
    -8.04375,
    -7.425,
    -6.80625,
    -6.1875,
    -5.56875,
    -4.95,
    1.85625,
    6.1875
  ],
  "4_0": [
    6.1875,
    1.85625,
    -4.95,
    -5.56875,
    -6.1875,
    -6.80625,
    -7.425,
    -8.04375,
    -8.6625,
    -9.28125
  ],
  "4_1": [
    1.85625,
    6.1875,
    1.85625,
    -4.95,
    -5.56875,
    -6.1875,
    -6.80625,
    -7.425,
    -8.04375,
    -8.6625
  ],
  "4_2": [
    -4.95,
    1.85625,
    6.1875,
    1.85625,
    -4.95,
    -5.56875,
    -6.1875,
    -6.80625,
    -7.425,
    -8.04375
  ],
  "4_3": [
    -5.56875,
    -4.95,
    1.85625,
    6.1875,
    1.85625,
    -4.95,
    -5.56875,
    -6.1875,
    -6.80625,
    -7.425
  ],