{
  "0": [
    0.33,
    0.265222,
    0.1066,
    -0.06953,
    -0.203613,
    -0.280122,
    -0.31399,
    -0.32582,
    -0.329112,
    -0.329847
  ],
  "1": [
    0.265222,
    0.33,
    0.265222,
    0.1066,
    -0.06953,
    -0.203613,
    -0.280122,
    -0.31399,
    -0.32582,
    -0.329112
  ],
  "2": [
    0.1066,
    0.265222,
    0.33,
    0.265222,
    0.1066,
    -0.06953,
    -0.203613,
    -0.280122,
    -0.31399,
    -0.32582
  ],
  "3": [
    -0.06953,
    0.1066,
    0.265222,
    0.33,
    0.265222,
    0.1066,
    -0.06953,
    -0.203613,
    -0.280122,
    -0.31399
  ],
  "4": [
    -0.203613,
    -0.06953,
    0.1066,
    0.265222,
    0.33,
    0.265222,
    0.1066,
    -0.06953,
    -0.203613,
    -0.280122
  ],
  "5": [
    -0.280122,
    -0.203613,
    -0.06953,
    0.1066,
    0.265222,
    0.33,
    0.265222,
    0.1066,
    -0.06953,
    -0.203613
  ],
  "6": [
    -0.31399,
    -0.280122,
    -0.203613,
    -0.06953,
    0.1066,
    0.265222,
    0.33,
    0.265222,
    0.1066,
    -0.06953
  ],
  "7": [
    -0.32582,
    -0.31399,
    -0.280122,
    -0.203613,
    -0.06953,
    0.1066,
    0.265222,
    0.33,
    0.265222,
    0.1066
  ],
  "8": [
    -0.329112,
    -0.32582,
    -0.31399,
    -0.280122,
    -0.203613,
    -0.06953,
    0.1066,
    0.265222,
    0.33,
    0.265222
  ],
  "9": [
    -0.329847,
    -0.329112,
    -0.32582,
    -0.31399,
    -0.280122,
    -0.203613,
    -0.06953,
    0.1066,
    0.265222,
    0.33
  ],
  "0_0": [
    5.5,
    1.65,
    -4.4,
    -4.95,
    -5.5,
    -6.05,
    -6.6,
    -7.15,
    -7.7,
    -8.25
  ],
  "0_1": [
    1.65,
    5.5,
    1.65,
    -4.4,
    -4.95,
    -5.5,
    -6.05,
    -6.6,
    -7.15,
    -7.7
  ],
  "0_2": [
    -4.4,
    1.65,
    5.5,
    1.65,
    -4.4,
    -4.95,
    -5.5,
    -6.05,
    -6.6,
    -7.15
  ],
  "0_3": [
    -4.95,
    -4.4,
    1.65,
    5.5,
    1.65,
    -4.4,
    -4.95,
    -5.5,
    -6.05,
    -6.6
  ],
  "0_4": [
    -5.5,
    -4.95,
    -4.4,
    1.65,
    5.5,
    1.65,
    -4.4,
    -4.95,
    -5.5,
    -6.05
  ],
  "0_5": [
    -6.05,
    -5.5,
    -4.95,
    -4.4,
    1.65,
    5.5,
    1.65,
    -4.4,
    -4.95,
    -5.5
  ],
  "0_6": [
    -6.6,
    -6.05,
    -5.5,
    -4.95,
    -4.4,
    1.65,
    5.5,
    1.65,
    -4.4,
    -4.95
  ],
  "0_7": [
    -7.15,
    -6.6,
    -6.05,
    -5.5,
    -4.95,
    -4.4,
    1.65,
    5.5,
    1.65,
    -4.4
  ],
  "0_8": [
    -7.7,
    -7.15,
    -6.6,
    -6.05,
    -5.5,
    -4.95,
    -4.4,
    1.65,
    5.5,
    1.65
  ],
  "0_9": [
    -8.25,
    -7.7,
    -7.15,
    -6.6,
    -6.05,
    -5.5,
    -4.95,
    -4.4,
    1.65,
    5.5
  ],
  "1_0": [
    5.5,
    1.65,
    -4.4,
    -4.95,
    -5.5,
    -6.05,
    -6.6,
    -7.15,
    -7.7,
    -8.25
  ],
  "1_1": [
    1.65,
    5.5,
    1.65,
    -4.4,
    -4.95,
    -5.5,
    -6.05,
    -6.6,
    -7.15,
    -7.7
  ],
  "1_2": [
    -4.4,
    1.65,
    5.5,
    1.65,
    -4.4,
    -4.95,
    -5.5,
    -6.05,
    -6.6,
    -7.15
  ],
  "1_3": [
    -4.95,
    -4.4,
    1.65,
    5.5,
    1.65,
    -4.4,
    -4.95,
    -5.5,
    -6.05,
    -6.6
  ],
  "1_4": [
    -5.5,
    -4.95,
    -4.4,
    1.65,
    5.5,
    1.65,
    -4.4,
    -4.95,
    -5.5,
    -6.05
  ],
  "1_5": [
    -6.05,
    -5.5,
    -4.95,
    -4.4,
    1.65,
    5.5,
    1.65,
    -4.4,
    -4.95,
    -5.5
  ],
  "1_6": [
    -6.6,
    -6.05,
    -5.5,
    -4.95,
    -4.4,
    1.65,
    5.5,
    1.65,
    -4.4,
    -4.95
  ],
  "1_7": [
    -7.15,
    -6.6,
    -6.05,
    -5.5,
    -4.95,
    -4.4,
    1.65,
    5.5,
    1.65,
    -4.4
  ],
  "1_8": [
    -7.7,
    -7.15,
    -6.6,
    -6.05,
    -5.5,
    -4.95,
    -4.4,
    1.65,
    5.5,
    1.65
  ],
  "1_9": [
    -8.25,
    -7.7,
    -7.15,
    -6.6,
    -6.05,
    -5.5,
    -4.95,
    -4.4,
    1.65,
    5.5
  ],
  "2_0": [
    5.5,
    1.65,
    -4.4,
    -4.95,
    -5.5,
    -6.05,
    -6.6,
    -7.15,
    -7.7,
    -8.25
  ],
  "2_1": [
    1.65,
    5.5,
    1.65,
    -4.4,
    -4.95,
    -5.5,
    -6.05,
    -6.6,
    -7.15,
    -7.7
  ],
  "2_2": [
    -4.4,
    1.65,
    5.5,
    1.65,
    -4.4,
    -4.95,
    -5.5,
    -6.05,
    -6.6,
    -7.15
  ],
  "2_3": [
    -4.95,
    -4.4,
    1.65,
    5.5,
    1.65,
    -4.4,
    -4.95,
    -5.5,
    -6.05,
    -6.6
  ],
  "2_4": [
    -5.5,
    -4.95,
    -4.4,
    1.65,
    5.5,
    1.65,
    -4.4,
    -4.95,
    -5.5,
    -6.05
  ],
  "2_5": [
    -6.05,
    -5.5,
    -4.95,
    -4.4,
    1.65,
    5.5,
    1.65,
    -4.4,
    -4.95,
    -5.5
  ],
  "2_6": [
    -6.6,
    -6.05,
    -5.5,
    -4.95,
    -4.4,
    1.65,
    5.5,
    1.65,
    -4.4,
    -4.95
  ],
  "2_7": [
    -7.15,
    -6.6,
    -6.05,
    -5.5,
    -4.95,
    -4.4,
    1.65,
    5.5,
    1.65,
    -4.4
  ],
  "2_8": [
    -7.7,
    -7.15,
    -6.6,
    -6.05,
    -5.5,
    -4.95,
    -4.4,
    1.65,
    5.5,
    1.65
  ],
  "2_9": [
    -8.25,
    -7.7,
    -7.15,
    -6.6,
    -6.05,
    -5.5,
    -4.95,
    -4.4,
    1.65,
    5.5
  ],
  "3_0": [
    5.5,
    1.65,
    -4.4,
    -4.95,
    -5.5,
    -6.05,
    -6.6,
    -7.15,
    -7.7,
    -8.25
  ],
  "3_1": [
    1.65,
    5.5,
    1.65,
    -4.4,
    -4.95,
    -5.5,
    -6.05,
    -6.6,
    -7.15,
    -7.7
  ],
  "3_2": [
    -4.4,
    1.65,
    5.5,
    1.65,
    -4.4,
    -4.95,
    -5.5,
    -6.05,
    -6.6,
    -7.15
  ],
  "3_3": [
    -4.95,
    -4.4,
    1.65,
    5.5,
    1.65,
    -4.4,
    -4.95,
    -5.5,
    -6.05,
    -6.6
  ],
  "3_4": [
    -5.5,
    -4.95,
    -4.4,
    1.65,
    5.5,
    1.65,
    -4.4,
    -4.95,
    -5.5,
    -6.05
  ],
  "3_5": [
    -6.05,
    -5.5,
    -4.95,
    -4.4,
    1.65,
    5.5,
    1.65,
    -4.4,
    -4.95,
    -5.5
  ],
  "3_6": [
    -6.6,
    -6.05,
    -5.5,
    -4.95,
    -4.4,
    1.65,
    5.5,
    1.65,
    -4.4,
    -4.95
  ],
  "3_7": [
    -7.15,
    -6.6,
    -6.05,
    -5.5,
    -4.95,
    -4.4,
    1.65,
    5.5,
    1.65,
    -4.4
  ],
  "3_8": [
    -7.7,
    -7.15,
    -6.6,
    -6.05,
    -5.5,
    -4.95,
    -4.4,
    1.65,
    5.5,
    1.65
  ],
  "3_9": [
    -8.25,
    -7.7,
    -7.15,
    -6.6,
    -6.05,
    -5.5,
    -4.95,
    -4.4,
    1.65,
    5.5
  ],
  "4_0": [
    5.5,
    1.65,
    -4.4,
    -4.95,
    -5.5,
    -6.05,
    -6.6,
    -7.15,
    -7.7,
    -8.25
  ],
  "4_1": [
    1.65,
    5.5,
    1.65,
    -4.4,
    -4.95,
    -5.5,
    -6.05,
    -6.6,
    -7.15,
    -7.7
  ],
  "4_2": [
    -4.4,
    1.65,
    5.5,
    1.65,
    -4.4,
    -4.95,
    -5.5,
    -6.05,
    -6.6,
    -7.15
  ],
  "4_3": [
    -4.95,
    -4.4,
    1.65,
    5.5,
    1.65,
    -4.4,
    -4.95,
    -5.5,
    -6.05,
    -6.6
  ],
  "4_4": [
    -5.5,
    -4.95,
    -4.4,
    1.65,
    5.5,
    1.65,
    -4.4,
    -4.95,
    -5.5,
    -6.05
  ],
  "4_5": [
    -6.05,
    -5.5,
    -4.95,
    -4.4,
    1.65,
    5.5,
    1.65,
    -4.4,
    -4.95,
    -5.5
  ],
  "4_6": [
    -6.6,
    -6.05,
    -5.5,
    -4.95,
    -4.4,
    1.65,
    5.5,
    1.65,
    -4.4,
    -4.95
  ],
  "4_7": [
    -7.15,
    -6.6,
    -6.05,
    -5.5,
    -4.95,
    -4.4,
    1.65,
    5.5,
    1.65,
    -4.4
  ],
  "4_8": [
    -7.7,
    -7.15,
    -6.6,
    -6.05,
    -5.5,
    -4.95,
    -4.4,
    1.65,
    5.5,
    1.65
  ],
  "4_9": [
    -8.25,
    -7.7,
    -7.15,
    -6.6,
    -6.05,
    -5.5,
    -4.95,
    -4.4,
    1.65,
    5.5
  ],
  "5_0": [
    5.5,
    1.65,
    -4.4,
    -4.95,
    -5.5,
    -6.05,
    -6.6,
    -7.15,
    -7.7,
    -8.25
  ],
  "5_1": [
    1.65,
    5.5,
    1.65,
    -4.4,
    -4.95,
    -5.5,
    -6.05,
    -6.6,
    -7.15,
    -7.7
  ],
  "5_2": [
    -4.4,
    1.65,
    5.5,
    1.65,
    -4.4,
    -4.95,
    -5.5,
    -6.05,
    -6.6,
    -7.15
  ],
  "5_3": [
    -4.95,
    -4.4,
    1.65,
    5.5,
    1.65,
    -4.4,
    -4.95,
    -5.5,
    -6.05,
    -6.6
  ],
  "5_4": [
    -5.5,
    -4.95,
    -4.4,
    1.65,
    5.5,
    1.65,
    -4.4,
    -4.95,
    -5.5,
    -6.05
  ],