{
  "0": [
    0.49875,
    0.400847,
    0.161111,
    -0.105085,
    -0.307734,
    -0.423366,
    -0.474552,
    -0.492433,
    -0.497408,
    -0.498519
  ],
  "1": [
    0.400847,
    0.49875,
    0.400847,
    0.161111,
    -0.105085,
    -0.307734,
    -0.423366,
    -0.474552,
    -0.492433,
    -0.497408
  ],
  "2": [
    0.161111,
    0.400847,
    0.49875,
    0.400847,
    0.161111,
    -0.105085,
    -0.307734,
    -0.423366,
    -0.474552,
    -0.492433
  ],
  "3": [
    -0.105085,
    0.161111,
    0.400847,
    0.49875,
    0.400847,
    0.161111,
    -0.105085,
    -0.307734,
    -0.423366,
    -0.474552
  ],
  "4": [
    -0.307734,
    -0.105085,
    0.161111,
    0.400847,
    0.49875,
    0.400847,
    0.161111,
    -0.105085,
    -0.307734,
    -0.423366
  ],
  "5": [
    -0.423366,
    -0.307734,
    -0.105085,
    0.161111,
    0.400847,
    0.49875,
    0.400847,
    0.161111,
    -0.105085,
    -0.307734
  ],
  "6": [
    -0.474552,
    -0.423366,
    -0.307734,
    -0.105085,
    0.161111,
    0.400847,
    0.49875,
    0.400847,
    0.161111,
    -0.105085
  ],
  "7": [
    -0.492433,
    -0.474552,
    -0.423366,
    -0.307734,
    -0.105085,
    0.161111,
    0.400847,
    0.49875,
    0.400847,
    0.161111
  ],
  "8": [
    -0.497408,
    -0.492433,
    -0.474552,
    -0.423366,
    -0.307734,
    -0.105085,
    0.161111,
    0.400847,
    0.49875,
    0.400847
  ],
  "9": [
    -0.498519,
    -0.497408,
    -0.492433,
    -0.474552,
    -0.423366,
    -0.307734,
    -0.105085,
    0.161111,
    0.400847,
    0.49875
  ],
  "0_0": [
    8.3125,
    2.49375,
    -6.65,
    -7.48125,
    -8.3125,
    -9.14375,
    -9.975,
    -10.80625,
    -11.6375,
    -12.46875
  ],
  "0_1": [
    2.49375,
    8.3125,
    2.49375,
    -6.65,
    -7.48125,
    -8.3125,
    -9.14375,
    -9.975,
    -10.80625,
    -11.6375
  ],
  "0_2": [
    -6.65,
    2.49375,
    8.3125,
    2.49375,
    -6.65,
    -7.48125,
    -8.3125,
    -9.14375,
    -9.975,
    -10.80625
  ],
  "0_3": [
    -7.48125,
    -6.65,
    2.49375,
    8.3125,
    2.49375,
    -6.65,
    -7.48125,
    -8.3125,
    -9.14375,
    -9.975
  ],
  "0_4": [
    -8.3125,
    -7.48125,
    -6.65,
    2.49375,
    8.3125,
    2.49375,
    -6.65,
    -7.48125,
    -8.3125,
    -9.14375
  ],
  "0_5": [
    -9.14375,
    -8.3125,
    -7.48125,
    -6.65,
    2.49375,
    8.3125,
    2.49375,
    -6.65,
    -7.48125,
    -8.3125
  ],
  "0_6": [
    -9.975,
    -9.14375,
    -8.3125,
    -7.48125,
    -6.65,
    2.49375,
    8.3125,
    2.49375,
    -6.65,
    -7.48125
  ],
  "0_7": [
    -10.80625,
    -9.975,
    -9.14375,
    -8.3125,
    -7.48125,
    -6.65,
    2.49375,
    8.3125,
    2.49375,
    -6.65
  ],
  "0_8": [
    -11.6375,
    -10.80625,
    -9.975,
    -9.14375,
    -8.3125,
    -7.48125,
    -6.65,
    2.49375,
    8.3125,
    2.49375
  ],
  "0_9": [
    -12.46875,
    -11.6375,
    -10.80625,
    -9.975,
    -9.14375,
    -8.3125,
    -7.48125,
    -6.65,
    2.49375,
    8.3125
  ],
  "1_0": [
    8.3125,
    2.49375,
    -6.65,
    -7.48125,
    -8.3125,
    -9.14375,
    -9.975,
    -10.80625,
    -11.6375,
    -12.46875
  ],
  "1_1": [
    2.49375,
    8.3125,
    2.49375,
    -6.65,
    -7.48125,
    -8.3125,
    -9.14375,
    -9.975,
    -10.80625,
    -11.6375
  ],
  "1_2": [
    -6.65,
    2.49375,
    8.3125,
    2.49375,
    -6.65,
    -7.48125,
    -8.3125,
    -9.14375,
    -9.975,
    -10.80625
  ],
  "1_3": [
    -7.48125,
    -6.65,
    2.49375,
    8.3125,
    2.49375,
    -6.65,
    -7.48125,
    -8.3125,
    -9.14375,
    -9.975
  ],
  "1_4": [
    -8.3125,
    -7.48125,
    -6.65,
    2.49375,
    8.3125,
    2.49375,
    -6.65,
    -7.48125,
    -8.3125,
    -9.14375
  ],
  "1_5": [
    -9.14375,
    -8.3125,
    -7.48125,
    -6.65,
    2.49375,
    8.3125,
    2.49375,
    -6.65,
    -7.48125,
    -8.3125
  ],
  "1_6": [
    -9.975,
    -9.14375,
    -8.3125,
    -7.48125,
    -6.65,
    2.49375,
    8.3125,
    2.49375,
    -6.65,
    -7.48125
  ],
  "1_7": [
    -10.80625,
    -9.975,
    -9.14375,
    -8.3125,
    -7.48125,
    -6.65,
    2.49375,
    8.3125,
    2.49375,
    -6.65
  ],
  "1_8": [
    -11.6375,
    -10.80625,
    -9.975,
    -9.14375,
    -8.3125,
    -7.48125,
    -6.65,
    2.49375,
    8.3125,
    2.49375
  ],
  "1_9": [
    -12.46875,
    -11.6375,
    -10.80625,
    -9.975,
    -9.14375,
    -8.3125,
    -7.48125,
    -6.65,
    2.49375,
    8.3125
  ],
  "2_0": [
    8.3125,
    2.49375,
    -6.65,
    -7.48125,
    -8.3125,
    -9.14375,
    -9.975,
    -10.80625,
    -11.6375,
    -12.46875
  ],
  "2_1": [
    2.49375,
    8.3125,
    2.49375,
    -6.65,
    -7.48125,
    -8.3125,
    -9.14375,
    -9.975,
    -10.80625,
    -11.6375
  ],
  "2_2": [
    -6.65,
    2.49375,
    8.3125,
    2.49375,
    -6.65,
    -7.48125,
    -8.3125,
    -9.14375,
    -9.975,
    -10.80625
  ],
  "2_3": [
    -7.48125,
    -6.65,
    2.49375,
    8.3125,
    2.49375,
    -6.65,
    -7.48125,
    -8.3125,
    -9.14375,
    -9.975
  ],
  "2_4": [
    -8.3125,
    -7.48125,
    -6.65,
    2.49375,
    8.3125,
    2.49375,
    -6.65,
    -7.48125,
    -8.3125,
    -9.14375
  ],
  "2_5": [
    -9.14375,
    -8.3125,
    -7.48125,
    -6.65,
    2.49375,
    8.3125,
    2.49375,
    -6.65,
    -7.48125,
    -8.3125
  ],
  "2_6": [
    -9.975,
    -9.14375,
    -8.3125,
    -7.48125,
    -6.65,
    2.49375,
    8.3125,
    2.49375,
    -6.65,
    -7.48125
  ],
  "2_7": [
    -10.80625,
    -9.975,
    -9.14375,
    -8.3125,
    -7.48125,
    -6.65,
    2.49375,
    8.3125,
    2.49375,
    -6.65
  ],
  "2_8": [
    -11.6375,
    -10.80625,
    -9.975,
    -9.14375,
    -8.3125,
    -7.48125,
    -6.65,
    2.49375,
    8.3125,
    2.49375
  ],
  "2_9": [
    -12.46875,
    -11.6375,
    -10.80625,
    -9.975,
    -9.14375,
    -8.3125,
    -7.48125,
    -6.65,
    2.49375,
    8.3125
  ],
  "3_0": [
    8.3125,
    2.49375,
    -6.65,
    -7.48125,
    -8.3125,
    -9.14375,
    -9.975,
    -10.80625,
    -11.6375,
    -12.46875
  ],
  "3_1": [
    2.49375,
    8.3125,
    2.49375,
    -6.65,
    -7.48125,
    -8.3125,
    -9.14375,
    -9.975,
    -10.80625,
    -11.6375
  ],
  "3_2": [
    -6.65,
    2.49375,
    8.3125,
    2.49375,
    -6.65,
    -7.48125,
    -8.3125,
    -9.14375,
    -9.975,
    -10.80625
  ],
  "3_3": [
    -7.48125,
    -6.65,
    2.49375,
    8.3125,
    2.49375,
    -6.65,
    -7.48125,
    -8.3125,
    -9.14375,
    -9.975
  ],
  "3_4": [
    -8.3125,
    -7.48125,
    -6.65,
    2.49375,
    8.3125,
    2.49375,
    -6.65,
    -7.48125,
    -8.3125,
    -9.14375
  ],
  "3_5": [
    -9.14375,
    -8.3125,
    -7.48125,
    -6.65,
    2.49375,
    8.3125,
    2.49375,
    -6.65,
    -7.48125,
    -8.3125
  ],
  "3_6": [
    -9.975,
    -9.14375,
    -8.3125,
    -7.48125,
    -6.65,
    2.49375,
    8.3125,
    2.49375,
    -6.65,
    -7.48125
  ],
  "3_7": [
    -10.80625,
    -9.975,
    -9.14375,
    -8.3125,
    -7.48125,
    -6.65,
    2.49375,
    8.3125,
    2.49375,
    -6.65
  ],
  "3_8": [
    -11.6375,
    -10.80625,
    -9.975,
    -9.14375,
    -8.3125,
    -7.48125,
    -6.65,
    2.49375,
    8.3125,
    2.49375
  ],
  "3_9": [
    -12.46875,
    -11.6375,
    -10.80625,
    -9.975,
    -9.14375,
    -8.3125,
    -7.48125,
    -6.65,
    2.49375,
    8.3125
  ],
  "4_0": [
    8.3125,
    2.49375,
    -6.65,
    -7.48125,
    -8.3125,
    -9.14375,
    -9.975,
    -10.80625,
    -11.6375,
    -12.46875
  ],
  "4_1": [
    2.49375,
    8.3125,
    2.49375,
    -6.65,
    -7.48125,
    -8.3125,
    -9.14375,
    -9.975,
    -10.80625,
    -11.6375
  ],
  "4_2": [
    -6.65,
    2.49375,
    8.3125,
    2.49375,
    -6.65,
    -7.48125,
    -8.3125,
    -9.14375,
    -9.975,
    -10.80625
  ],
  "4_3": [
    -7.48125,
    -6.65,
    2.49375,
    8.3125,
    2.49375,
    -6.65,
    -7.48125,
    -8.3125,
    -9.14375,
    -9.975
  ],