{
  "0": [
    0.46875,
    0.376736,
    0.15142,
    -0.098764,
    -0.289223,
    -0.3979,
    -0.446008,
    -0.462813,
    -0.467489,
    -0.468533
  ],
  "1": [
    0.376736,
    0.46875,
    0.376736,
    0.15142,
    -0.098764,
    -0.289223,
    -0.3979,
    -0.446008,
    -0.462813,
    -0.467489
  ],
  "2": [
    0.15142,
    0.376736,
    0.46875,
    0.376736,
    0.15142,
    -0.098764,
    -0.289223,
    -0.3979,
    -0.446008,
    -0.462813
  ],
  "3": [
    -0.098764,
    0.15142,
    0.376736,
    0.46875,
    0.376736,
    0.15142,
    -0.098764,
    -0.289223,
    -0.3979,
    -0.446008
  ],
  "4": [
    -0.289223,
    -0.098764,
    0.15142,
    0.376736,
    0.46875,
    0.376736,
    0.15142,
    -0.098764,
    -0.289223,
    -0.3979
  ],
  "5": [
    -0.3979,
    -0.289223,
    -0.098764,
    0.15142,
    0.376736,
    0.46875,
    0.376736,
    0.15142,
    -0.098764,
    -0.289223
  ],
  "6": [
    -0.446008,
    -0.3979,
    -0.289223,
    -0.098764,
    0.15142,
    0.376736,
    0.46875,
    0.376736,
    0.15142,
    -0.098764
  ],
  "7": [
    -0.462813,
    -0.446008,
    -0.3979,
    -0.289223,
    -0.098764,
    0.15142,
    0.376736,
    0.46875,
    0.376736,
    0.15142
  ],
  "8": [
    -0.467489,
    -0.462813,
    -0.446008,
    -0.3979,
    -0.289223,
    -0.098764,
    0.15142,
    0.376736,
    0.46875,
    0.376736
  ],
  "9": [
    -0.468533,
    -0.467489,
    -0.462813,
    -0.446008,
    -0.3979,
    -0.289223,
    -0.098764,
    0.15142,
    0.376736,
    0.46875
  ],
  "0_0": [
    7.8125,
    2.34375,
    -6.25,
    -7.03125,
    -7.8125,
    -8.59375,
    -9.375,
    -10.15625,
    -10.9375,
    -11.71875
  ],
  "0_1": [
    2.34375,
    7.8125,
    2.34375,
    -6.25,
    -7.03125,
    -7.8125,
    -8.59375,
    -9.375,
    -10.15625,
    -10.9375
  ],
  "0_2": [
    -6.25,
    2.34375,
    7.8125,
    2.34375,
    -6.25,
    -7.03125,
    -7.8125,
    -8.59375,
    -9.375,
    -10.15625
  ],
  "0_3": [
    -7.03125,
    -6.25,
    2.34375,
    7.8125,
    2.34375,
    -6.25,
    -7.03125,
    -7.8125,
    -8.59375,
    -9.375
  ],
  "0_4": [
    -7.8125,
    -7.03125,
    -6.25,
    2.34375,
    7.8125,
    2.34375,
    -6.25,
    -7.03125,
    -7.8125,
    -8.59375
  ],
  "0_5": [
    -8.59375,
    -7.8125,
    -7.03125,
    -6.25,
    2.34375,
    7.8125,
    2.34375,
    -6.25,
    -7.03125,
    -7.8125
  ],
  "0_6": [
    -9.375,
    -8.59375,
    -7.8125,
    -7.03125,
    -6.25,
    2.34375,
    7.8125,
    2.34375,
    -6.25,
    -7.03125
  ],
  "0_7": [
    -10.15625,
    -9.375,
    -8.59375,
    -7.8125,
    -7.03125,
    -6.25,
    2.34375,
    7.8125,
    2.34375,
    -6.25
  ],
  "0_8": [
    -10.9375,
    -10.15625,
    -9.375,
    -8.59375,
    -7.8125,
    -7.03125,
    -6.25,
    2.34375,
    7.8125,
    2.34375
  ],
  "0_9": [
    -11.71875,
    -10.9375,
    -10.15625,
    -9.375,
    -8.59375,
    -7.8125,
    -7.03125,
    -6.25,
    2.34375,
    7.8125
  ],
  "1_0": [
    7.8125,
    2.34375,
    -6.25,
    -7.03125,
    -7.8125,
    -8.59375,
    -9.375,
    -10.15625,
    -10.9375,
    -11.71875
  ],
  "1_1": [
    2.34375,
    7.8125,
    2.34375,
    -6.25,
    -7.03125,
    -7.8125,
    -8.59375,
    -9.375,
    -10.15625,
    -10.9375
  ],
  "1_2": [
    -6.25,
    2.34375,
    7.8125,
    2.34375,
    -6.25,
    -7.03125,
    -7.8125,
    -8.59375,
    -9.375,
    -10.15625
  ],
  "1_3": [
    -7.03125,
    -6.25,
    2.34375,
    7.8125,
    2.34375,
    -6.25,
    -7.03125,
    -7.8125,
    -8.59375,
    -9.375
  ],
  "1_4": [
    -7.8125,
    -7.03125,
    -6.25,
    2.34375,
    7.8125,
    2.34375,
    -6.25,
    -7.03125,
    -7.8125,
    -8.59375
  ],
  "1_5": [
    -8.59375,
    -7.8125,
    -7.03125,
    -6.25,
    2.34375,
    7.8125,
    2.34375,
    -6.25,
    -7.03125,
    -7.8125
  ],
  "1_6": [
    -9.375,
    -8.59375,
    -7.8125,
    -7.03125,
    -6.25,
    2.34375,
    7.8125,
    2.34375,
    -6.25,
    -7.03125
  ],
  "1_7": [
    -10.15625,
    -9.375,
    -8.59375,
    -7.8125,
    -7.03125,
    -6.25,
    2.34375,
    7.8125,
    2.34375,
    -6.25
  ],
  "1_8": [
    -10.9375,
    -10.15625,
    -9.375,
    -8.59375,
    -7.8125,
    -7.03125,
    -6.25,
    2.34375,
    7.8125,
    2.34375
  ],
  "1_9": [
    -11.71875,
    -10.9375,
    -10.15625,
    -9.375,
    -8.59375,
    -7.8125,
    -7.03125,
    -6.25,
    2.34375,
    7.8125
  ],
  "2_0": [
    7.8125,
    2.34375,
    -6.25,
    -7.03125,
    -7.8125,
    -8.59375,
    -9.375,
    -10.15625,
    -10.9375,
    -11.71875
  ],
  "2_1": [
    2.34375,
    7.8125,
    2.34375,
    -6.25,
    -7.03125,
    -7.8125,
    -8.59375,
    -9.375,
    -10.15625,
    -10.9375
  ],
  "2_2": [
    -6.25,
    2.34375,
    7.8125,
    2.34375,
    -6.25,
    -7.03125,
    -7.8125,
    -8.59375,
    -9.375,
    -10.15625
  ],
  "2_3": [
    -7.03125,
    -6.25,
    2.34375,
    7.8125,
    2.34375,
    -6.25,
    -7.03125,
    -7.8125,
    -8.59375,
    -9.375
  ],
  "2_4": [
    -7.8125,
    -7.03125,
    -6.25,
    2.34375,
    7.8125,
    2.34375,
    -6.25,
    -7.03125,
    -7.8125,
    -8.59375
  ],
  "2_5": [
    -8.59375,
    -7.8125,
    -7.03125,
    -6.25,
    2.34375,
    7.8125,
    2.34375,
    -6.25,
    -7.03125,
    -7.8125
  ],
  "2_6": [
    -9.375,
    -8.59375,
    -7.8125,
    -7.03125,
    -6.25,
    2.34375,
    7.8125,
    2.34375,
    -6.25,
    -7.03125
  ],
  "2_7": [
    -10.15625,
    -9.375,
    -8.59375,
    -7.8125,
    -7.03125,
    -6.25,
    2.34375,
    7.8125,
    2.34375,
    -6.25
  ],
  "2_8": [
    -10.9375,
    -10.15625,
    -9.375,
    -8.59375,
    -7.8125,
    -7.03125,
    -6.25,
    2.34375,
    7.8125,
    2.34375
  ],
  "2_9": [
    -11.71875,
    -10.9375,
    -10.15625,
    -9.375,
    -8.59375,
    -7.8125,
    -7.03125,
    -6.25,
    2.34375,
    7.8125
  ],
  "3_0": [
    7.8125,
    2.34375,
    -6.25,
    -7.03125,
    -7.8125,
    -8.59375,
    -9.375,
    -10.15625,
    -10.9375,
    -11.71875
  ],
  "3_1": [
    2.34375,
    7.8125,
    2.34375,
    -6.25,
    -7.03125,
    -7.8125,
    -8.59375,
    -9.375,
    -10.15625,
    -10.9375
  ],
  "3_2": [
    -6.25,
    2.34375,
    7.8125,
    2.34375,
    -6.25,
    -7.03125,
    -7.8125,
    -8.59375,
    -9.375,
    -10.15625
  ],
  "3_3": [
    -7.03125,
    -6.25,
    2.34375,
    7.8125,
    2.34375,
    -6.25,
    -7.03125,
    -7.8125,
    -8.59375,
    -9.375
  ],
  "3_4": [
    -7.8125,
    -7.03125,
    -6.25,
    2.34375,
    7.8125,
    2.34375,
    -6.25,
    -7.03125,
    -7.8125,
    -8.59375
  ],
  "3_5": [
    -8.59375,
    -7.8125,
    -7.03125,
    -6.25,
    2.34375,
    7.8125,
    2.34375,
    -6.25,
    -7.03125,
    -7.8125
  ],
  "3_6": [
    -9.375,
    -8.59375,
    -7.8125,
    -7.03125,
    -6.25,
    2.34375,
    7.8125,
    2.34375,
    -6.25,
    -7.03125
  ],
  "3_7": [
    -10.15625,
    -9.375,
    -8.59375,
    -7.8125,
    -7.03125,
    -6.25,
    2.34375,
    7.8125,
    2.34375,
    -6.25
  ],
  "3_8": [
    -10.9375,
    -10.15625,
    -9.375,
    -8.59375,
    -7.8125,
    -7.03125,
    -6.25,
    2.34375,
    7.8125,
    2.34375
  ],
  "3_9": [
    -11.71875,
    -10.9375,
    -10.15625,
    -9.375,
    -8.59375,
    -7.8125,
    -7.03125,
    -6.25,
    2.34375,
    7.8125
  ],
  "4_0": [
    7.8125,
    2.34375,
    -6.25,
    -7.03125,
    -7.8125,
    -8.59375,
    -9.375,
    -10.15625,
    -10.9375,
    -11.71875
  ],
  "4_1": [
    2.34375,
    7.8125,
    2.34375,
    -6.25,
    -7.03125,
    -7.8125,
    -8.59375,
    -9.375,
    -10.15625,
    -10.9375
  ],
  "4_2": [
    -6.25,
    2.34375,
    7.8125,
    2.34375,
    -6.25,
    -7.03125,
    -7.8125,
    -8.59375,
    -9.375,
    -10.15625
  ],
  "4_3": [
    -7.03125,
    -6.25,
    2.34375,
    7.8125,
    2.34375,
    -6.25,
    -7.03125,
    -7.8125,
    -8.59375,
    -9.375
  ],