{
  "0": [
    0.34125,
    0.274264,
    0.110234,
    -0.0719,
    -0.210555,
    -0.289671,
    -0.324694,
    -0.336927,
    -0.340332,
    -0.341092
  ],
  "1": [
    0.274264,
    0.34125,
    0.274264,
    0.110234,
    -0.0719,
    -0.210555,
    -0.289671,
    -0.324694,
    -0.336927,
    -0.340332
  ],
  "2": [
    0.110234,
    0.274264,
    0.34125,
    0.274264,
    0.110234,
    -0.0719,
    -0.210555,
    -0.289671,
    -0.324694,
    -0.336927
  ],
  "3": [
    -0.0719,
    0.110234,
    0.274264,
    0.34125,
    0.274264,
    0.110234,
    -0.0719,
    -0.210555,
    -0.289671,
    -0.324694
  ],
  "4": [
    -0.210555,
    -0.0719,
    0.110234,
    0.274264,
    0.34125,
    0.274264,
    0.110234,
    -0.0719,
    -0.210555,
    -0.289671
  ],
  "5": [
    -0.289671,
    -0.210555,
    -0.0719,
    0.110234,
    0.274264,
    0.34125,
    0.274264,
    0.110234,
    -0.0719,
    -0.210555
  ],
  "6": [
    -0.324694,
    -0.289671,
    -0.210555,
    -0.0719,
    0.110234,
    0.274264,
    0.34125,
    0.274264,
    0.110234,
    -0.0719
  ],
  "7": [
    -0.336927,
    -0.324694,
    -0.289671,
    -0.210555,
    -0.0719,
    0.110234,
    0.274264,
    0.34125,
    0.274264,
    0.110234
  ],
  "8": [
    -0.340332,
    -0.336927,
    -0.324694,
    -0.289671,
    -0.210555,
    -0.0719,
    0.110234,
    0.274264,
    0.34125,
    0.274264
  ],
  "9": [
    -0.341092,
    -0.340332,
    -0.336927,
    -0.324694,
    -0.289671,
    -0.210555,
    -0.0719,
    0.110234,
    0.274264,
    0.34125
  ],
  "0_0": [
    5.6875,
    1.70625,
    -4.55,
    -5.11875,
    -5.6875,
    -6.25625,
    -6.825,
    -7.39375,
    -7.9625,
    -8.53125
  ],
  "0_1": [
    1.70625,
    5.6875,
    1.70625,
    -4.55,
    -5.11875,
    -5.6875,
    -6.25625,
    -6.825,
    -7.39375,
    -7.9625
  ],
  "0_2": [
    -4.55,
    1.70625,
    5.6875,
    1.70625,
    -4.55,
    -5.11875,
    -5.6875,
    -6.25625,
    -6.825,
    -7.39375
  ],
  "0_3": [
    -5.11875,
    -4.55,
    1.70625,
    5.6875,
    1.70625,
    -4.55,
    -5.11875,
    -5.6875,
    -6.25625,
    -6.825
  ],
  "0_4": [
    -5.6875,
    -5.11875,
    -4.55,
    1.70625,
    5.6875,
    1.70625,
    -4.55,
    -5.11875,
    -5.6875,
    -6.25625
  ],
  "0_5": [
    -6.25625,
    -5.6875,
    -5.11875,
    -4.55,
    1.70625,
    5.6875,
    1.70625,
    -4.55,
    -5.11875,
    -5.6875
  ],
  "0_6": [
    -6.825,
    -6.25625,
    -5.6875,
    -5.11875,
    -4.55,
    1.70625,
    5.6875,
    1.70625,
    -4.55,
    -5.11875
  ],
  "0_7": [
    -7.39375,
    -6.825,
    -6.25625,
    -5.6875,
    -5.11875,
    -4.55,
    1.70625,
    5.6875,
    1.70625,
    -4.55
  ],
  "0_8": [
    -7.9625,
    -7.39375,
    -6.825,
    -6.25625,
    -5.6875,
    -5.11875,
    -4.55,
    1.70625,
    5.6875,
    1.70625
  ],
  "0_9": [
    -8.53125,
    -7.9625,
    -7.39375,
    -6.825,
    -6.25625,
    -5.6875,
    -5.11875,
    -4.55,
    1.70625,
    5.6875
  ],
  "1_0": [
    5.6875,
    1.70625,
    -4.55,
    -5.11875,
    -5.6875,
    -6.25625,
    -6.825,
    -7.39375,
    -7.9625,
    -8.53125
  ],
  "1_1": [
    1.70625,
    5.6875,
    1.70625,
    -4.55,
    -5.11875,
    -5.6875,
    -6.25625,
    -6.825,
    -7.39375,
    -7.9625
  ],
  "1_2": [
    -4.55,
    1.70625,
    5.6875,
    1.70625,
    -4.55,
    -5.11875,
    -5.6875,
    -6.25625,
    -6.825,
    -7.39375
  ],
  "1_3": [
    -5.11875,
    -4.55,
    1.70625,
    5.6875,
    1.70625,
    -4.55,
    -5.11875,
    -5.6875,
    -6.25625,
    -6.825
  ],
  "1_4": [
    -5.6875,
    -5.11875,
    -4.55,
    1.70625,
    5.6875,
    1.70625,
    -4.55,
    -5.11875,
    -5.6875,
    -6.25625
  ],
  "1_5": [
    -6.25625,
    -5.6875,
    -5.11875,
    -4.55,
    1.70625,
    5.6875,
    1.70625,
    -4.55,
    -5.11875,
    -5.6875
  ],
  "1_6": [
    -6.825,
    -6.25625,
    -5.6875,
    -5.11875,
    -4.55,
    1.70625,
    5.6875,
    1.70625,
    -4.55,
    -5.11875
  ],
  "1_7": [
    -7.39375,
    -6.825,
    -6.25625,
    -5.6875,
    -5.11875,
    -4.55,
    1.70625,
    5.6875,
    1.70625,
    -4.55
  ],
  "1_8": [
    -7.9625,
    -7.39375,
    -6.825,
    -6.25625,
    -5.6875,
    -5.11875,
    -4.55,
    1.70625,
    5.6875,
    1.70625
  ],
  "1_9": [
    -8.53125,
    -7.9625,
    -7.39375,
    -6.825,
    -6.25625,
    -5.6875,
    -5.11875,
    -4.55,
    1.70625,
    5.6875
  ],
  "2_0": [
    5.6875,
    1.70625,
    -4.55,
    -5.11875,
    -5.6875,
    -6.25625,
    -6.825,
    -7.39375,
    -7.9625,
    -8.53125
  ],
  "2_1": [
    1.70625,
    5.6875,
    1.70625,
    -4.55,
    -5.11875,
    -5.6875,
    -6.25625,
    -6.825,
    -7.39375,
    -7.9625
  ],
  "2_2": [
    -4.55,
    1.70625,
    5.6875,
    1.70625,
    -4.55,
    -5.11875,
    -5.6875,
    -6.25625,
    -6.825,
    -7.39375
  ],
  "2_3": [
    -5.11875,
    -4.55,
    1.70625,
    5.6875,
    1.70625,
    -4.55,
    -5.11875,
    -5.6875,
    -6.25625,
    -6.825
  ],
  "2_4": [
    -5.6875,
    -5.11875,
    -4.55,
    1.70625,
    5.6875,
    1.70625,
    -4.55,
    -5.11875,
    -5.6875,
    -6.25625
  ],
  "2_5": [
    -6.25625,
    -5.6875,
    -5.11875,
    -4.55,
    1.70625,
    5.6875,
    1.70625,
    -4.55,
    -5.11875,
    -5.6875
  ],
  "2_6": [
    -6.825,
    -6.25625,
    -5.6875,
    -5.11875,
    -4.55,
    1.70625,
    5.6875,
    1.70625,
    -4.55,
    -5.11875
  ],
  "2_7": [
    -7.39375,
    -6.825,
    -6.25625,
    -5.6875,
    -5.11875,
    -4.55,
    1.70625,
    5.6875,
    1.70625,
    -4.55
  ],
  "2_8": [
    -7.9625,
    -7.39375,
    -6.825,
    -6.25625,
    -5.6875,
    -5.11875,
    -4.55,
    1.70625,
    5.6875,
    1.70625
  ],
  "2_9": [
    -8.53125,
    -7.9625,
    -7.39375,
    -6.825,
    -6.25625,
    -5.6875,
    -5.11875,
    -4.55,
    1.70625,
    5.6875
  ],
  "3_0": [
    5.6875,
    1.70625,
    -4.55,
    -5.11875,
    -5.6875,
    -6.25625,
    -6.825,
    -7.39375,
    -7.9625,
    -8.53125
  ],
  "3_1": [
    1.70625,
    5.6875,
    1.70625,
    -4.55,
    -5.11875,
    -5.6875,
    -6.25625,
    -6.825,
    -7.39375,
    -7.9625
  ],
  "3_2": [
    -4.55,
    1.70625,
    5.6875,
    1.70625,
    -4.55,
    -5.11875,
    -5.6875,
    -6.25625,
    -6.825,
    -7.39375
  ],
  "3_3": [
    -5.11875,
    -4.55,
    1.70625,
    5.6875,
    1.70625,
    -4.55,
    -5.11875,
    -5.6875,
    -6.25625,
    -6.825
  ],
  "3_4": [
    -5.6875,
    -5.11875,
    -4.55,
    1.70625,
    5.6875,
    1.70625,
    -4.55,
    -5.11875,
    -5.6875,
    -6.25625
  ],
  "3_5": [
    -6.25625,
    -5.6875,
    -5.11875,
    -4.55,
    1.70625,
    5.6875,
    1.70625,
    -4.55,
    -5.11875,
    -5.6875
  ],
  "3_6": [
    -6.825,
    -6.25625,
    -5.6875,
    -5.11875,
    -4.55,
    1.70625,
    5.6875,
    1.70625,
    -4.55,
    -5.11875
  ],
  "3_7": [
    -7.39375,
    -6.825,
    -6.25625,
    -5.6875,
    -5.11875,
    -4.55,
    1.70625,
    5.6875,
    1.70625,
    -4.55
  ],
  "3_8": [
    -7.9625,
    -7.39375,
    -6.825,
    -6.25625,
    -5.6875,
    -5.11875,
    -4.55,
    1.70625,
    5.6875,
    1.70625
  ],
  "3_9": [
    -8.53125,
    -7.9625,
    -7.39375,
    -6.825,
    -6.25625,
    -5.6875,
    -5.11875,
    -4.55,
    1.70625,
    5.6875
  ],
  "4_0": [
    5.6875,
    1.70625,
    -4.55,
    -5.11875,
    -5.6875,
    -6.25625,
    -6.825,
    -7.39375,
    -7.9625,
    -8.53125
  ],
  "4_1": [
    1.70625,
    5.6875,
    1.70625,
    -4.55,
    -5.11875,
    -5.6875,
    -6.25625,
    -6.825,
    -7.39375,
    -7.9625
  ],
  "4_2": [
    -4.55,
    1.70625,
    5.6875,
    1.70625,
    -4.55,
    -5.11875,
    -5.6875,
    -6.25625,
    -6.825,
    -7.39375
  ],
  "4_3": [
    -5.11875,
    -4.55,
    1.70625,
    5.6875,
    1.70625,
    -4.55,
    -5.11875,
    -5.6875,
    -6.25625,
    -6.825
  ],
  "4_4": [
    -5.6875,
    -5.11875,
    -4.55,
    1.70625,
    5.6875,
    1.70625,
    -4.55,
    -5.11875,
    -5.6875,
    -6.25625
  ],