{
  "0": [
    0.38625,
    0.31043,
    0.12477,
    -0.081382,
    -0.23832,
    -0.32787,
    -0.36751,
    -0.381358,
    -0.385211,
    -0.386071
  ],
  "1": [
    0.31043,
    0.38625,
    0.31043,
    0.12477,
    -0.081382,
    -0.23832,
    -0.32787,
    -0.36751,
    -0.381358,
    -0.385211
  ],
  "2": [
    0.12477,
    0.31043,
    0.38625,
    0.31043,
    0.12477,
    -0.081382,
    -0.23832,
    -0.32787,
    -0.36751,
    -0.381358
  ],
  "3": [
    -0.081382,
    0.12477,
    0.31043,
    0.38625,
    0.31043,
    0.12477,
    -0.081382,
    -0.23832,
    -0.32787,
    -0.36751
  ],
  "4": [
    -0.23832,
    -0.081382,
    0.12477,
    0.31043,
    0.38625,
    0.31043,
    0.12477,
    -0.081382,
    -0.23832,
    -0.32787
  ],
  "5": [
    -0.32787,
    -0.23832,
    -0.081382,
    0.12477,
    0.31043,
    0.38625,
    0.31043,
    0.12477,
    -0.081382,
    -0.23832
  ],
  "6": [
    -0.36751,
    -0.32787,
    -0.23832,
    -0.081382,
    0.12477,
    0.31043,
    0.38625,
    0.31043,
    0.12477,
    -0.081382
  ],
  "7": [
    -0.381358,
    -0.36751,
    -0.32787,
    -0.23832,
    -0.081382,
    0.12477,
    0.31043,
    0.38625,
    0.31043,
    0.12477
  ],
  "8": [
    -0.385211,
    -0.381358,
    -0.36751,
    -0.32787,
    -0.23832,
    -0.081382,
    0.12477,
    0.31043,
    0.38625,
    0.31043
  ],
  "9": [
    -0.386071,
    -0.385211,
    -0.381358,
    -0.36751,
    -0.32787,
    -0.23832,
    -0.081382,
    0.12477,
    0.31043,
    0.38625
  ],
  "0_0": [
    6.4375,
    1.93125,
    -5.15,
    -5.79375,
    -6.4375,
    -7.08125,
    -7.725,
    -8.36875,
    -9.0125,
    -9.65625
  ],
  "0_1": [
    1.93125,
    6.4375,
    1.93125,
    -5.15,
    -5.79375,
    -6.4375,
    -7.08125,
    -7.725,
    -8.36875,
    -9.0125
  ],
  "0_2": [
    -5.15,
    1.93125,
    6.4375,
    1.93125,
    -5.15,
    -5.79375,
    -6.4375,
    -7.08125,
    -7.725,
    -8.36875
  ],
  "0_3": [
    -5.79375,
    -5.15,
    1.93125,
    6.4375,
    1.93125,
    -5.15,
    -5.79375,
    -6.4375,
    -7.08125,
    -7.725
  ],
  "0_4": [
    -6.4375,
    -5.79375,
    -5.15,
    1.93125,
    6.4375,
    1.93125,
    -5.15,
    -5.79375,
    -6.4375,
    -7.08125
  ],
  "0_5": [
    -7.08125,
    -6.4375,
    -5.79375,
    -5.15,
    1.93125,
    6.4375,
    1.93125,
    -5.15,
    -5.79375,
    -6.4375
  ],
  "0_6": [
    -7.725,
    -7.08125,
    -6.4375,
    -5.79375,
    -5.15,
    1.93125,
    6.4375,
    1.93125,
    -5.15,
    -5.79375
  ],
  "0_7": [
    -8.36875,
    -7.725,
    -7.08125,
    -6.4375,
    -5.79375,
    -5.15,
    1.93125,
    6.4375,
    1.93125,
    -5.15
  ],
  "0_8": [
    -9.0125,
    -8.36875,
    -7.725,
    -7.08125,
    -6.4375,
    -5.79375,
    -5.15,
    1.93125,
    6.4375,
    1.93125
  ],
  "0_9": [
    -9.65625,
    -9.0125,
    -8.36875,
    -7.725,
    -7.08125,
    -6.4375,
    -5.79375,
    -5.15,
    1.93125,
    6.4375
  ],
  "1_0": [
    6.4375,
    1.93125,
    -5.15,
    -5.79375,
    -6.4375,
    -7.08125,
    -7.725,
    -8.36875,
    -9.0125,
    -9.65625
  ],
  "1_1": [
    1.93125,
    6.4375,
    1.93125,
    -5.15,
    -5.79375,
    -6.4375,
    -7.08125,
    -7.725,
    -8.36875,
    -9.0125
  ],
  "1_2": [
    -5.15,
    1.93125,
    6.4375,
    1.93125,
    -5.15,
    -5.79375,
    -6.4375,
    -7.08125,
    -7.725,
    -8.36875
  ],
  "1_3": [
    -5.79375,
    -5.15,
    1.93125,
    6.4375,
    1.93125,
    -5.15,
    -5.79375,
    -6.4375,
    -7.08125,
    -7.725
  ],
  "1_4": [
    -6.4375,
    -5.79375,
    -5.15,
    1.93125,
    6.4375,
    1.93125,
    -5.15,
    -5.79375,
    -6.4375,
    -7.08125
  ],
  "1_5": [
    -7.08125,
    -6.4375,
    -5.79375,
    -5.15,
    1.93125,
    6.4375,
    1.93125,
    -5.15,
    -5.79375,
    -6.4375
  ],
  "1_6": [
    -7.725,
    -7.08125,
    -6.4375,
    -5.79375,
    -5.15,
    1.93125,
    6.4375,
    1.93125,
    -5.15,
    -5.79375
  ],
  "1_7": [
    -8.36875,
    -7.725,
    -7.08125,
    -6.4375,
    -5.79375,
    -5.15,
    1.93125,
    6.4375,
    1.93125,
    -5.15
  ],
  "1_8": [
    -9.0125,
    -8.36875,
    -7.725,
    -7.08125,
    -6.4375,
    -5.79375,
    -5.15,
    1.93125,
    6.4375,
    1.93125
  ],
  "1_9": [
    -9.65625,
    -9.0125,
    -8.36875,
    -7.725,
    -7.08125,
    -6.4375,
    -5.79375,
    -5.15,
    1.93125,
    6.4375
  ],
  "2_0": [
    6.4375,
    1.93125,
    -5.15,
    -5.79375,
    -6.4375,
    -7.08125,
    -7.725,
    -8.36875,
    -9.0125,
    -9.65625
  ],
  "2_1": [
    1.93125,
    6.4375,
    1.93125,
    -5.15,
    -5.79375,
    -6.4375,
    -7.08125,
    -7.725,
    -8.36875,
    -9.0125
  ],
  "2_2": [
    -5.15,
    1.93125,
    6.4375,
    1.93125,
    -5.15,
    -5.79375,
    -6.4375,
    -7.08125,
    -7.725,
    -8.36875
  ],
  "2_3": [
    -5.79375,
    -5.15,
    1.93125,
    6.4375,
    1.93125,
    -5.15,
    -5.79375,
    -6.4375,
    -7.08125,
    -7.725
  ],
  "2_4": [
    -6.4375,
    -5.79375,
    -5.15,
    1.93125,
    6.4375,
    1.93125,
    -5.15,
    -5.79375,
    -6.4375,
    -7.08125
  ],
  "2_5": [
    -7.08125,
    -6.4375,
    -5.79375,
    -5.15,
    1.93125,
    6.4375,
    1.93125,
    -5.15,
    -5.79375,
    -6.4375
  ],
  "2_6": [
    -7.725,
    -7.08125,
    -6.4375,
    -5.79375,
    -5.15,
    1.93125,
    6.4375,
    1.93125,
    -5.15,
    -5.79375
  ],
  "2_7": [
    -8.36875,
    -7.725,
    -7.08125,
    -6.4375,
    -5.79375,
    -5.15,
    1.93125,
    6.4375,
    1.93125,
    -5.15
  ],
  "2_8": [
    -9.0125,
    -8.36875,
    -7.725,
    -7.08125,
    -6.4375,
    -5.79375,
    -5.15,
    1.93125,
    6.4375,
    1.93125
  ],
  "2_9": [
    -9.65625,
    -9.0125,
    -8.36875,
    -7.725,
    -7.08125,
    -6.4375,
    -5.79375,
    -5.15,
    1.93125,
    6.4375
  ],
  "3_0": [
    6.4375,
    1.93125,
    -5.15,
    -5.79375,
    -6.4375,
    -7.08125,
    -7.725,
    -8.36875,
    -9.0125,
    -9.65625
  ],
  "3_1": [
    1.93125,
    6.4375,
    1.93125,
    -5.15,
    -5.79375,
    -6.4375,
    -7.08125,
    -7.725,
    -8.36875,
    -9.0125
  ],
  "3_2": [
    -5.15,
    1.93125,
    6.4375,
    1.93125,
    -5.15,
    -5.79375,
    -6.4375,
    -7.08125,
    -7.725,
    -8.36875
  ],
  "3_3": [
    -5.79375,
    -5.15,
    1.93125,
    6.4375,
    1.93125,
    -5.15,
    -5.79375,
    -6.4375,
    -7.08125,
    -7.725
  ],
  "3_4": [
    -6.4375,
    -5.79375,
    -5.15,
    1.93125,
    6.4375,
    1.93125,
    -5.15,
    -5.79375,
    -6.4375,
    -7.08125
  ],
  "3_5": [
    -7.08125,
    -6.4375,
    -5.79375,
    -5.15,
    1.93125,
    6.4375,
    1.93125,
    -5.15,
    -5.79375,
    -6.4375
  ],
  "3_6": [
    -7.725,
    -7.08125,
    -6.4375,
    -5.79375,
    -5.15,
    1.93125,
    6.4375,
    1.93125,
    -5.15,
    -5.79375
  ],
  "3_7": [
    -8.36875,
    -7.725,
    -7.08125,
    -6.4375,
    -5.79375,
    -5.15,
    1.93125,
    6.4375,
    1.93125,
    -5.15
  ],
  "3_8": [
    -9.0125,
    -8.36875,
    -7.725,
    -7.08125,
    -6.4375,
    -5.79375,
    -5.15,
    1.93125,
    6.4375,
    1.93125
  ],
  "3_9": [
    -9.65625,
    -9.0125,
    -8.36875,
    -7.725,
    -7.08125,
    -6.4375,
    -5.79375,
    -5.15,
    1.93125,
    6.4375
  ],
  "4_0": [
    6.4375,
    1.93125,
    -5.15,
    -5.79375,
    -6.4375,
    -7.08125,
    -7.725,
    -8.36875,
    -9.0125,
    -9.65625
  ],
  "4_1": [
    1.93125,
    6.4375,
    1.93125,
    -5.15,
    -5.79375,
    -6.4375,
    -7.08125,
    -7.725,
    -8.36875,
    -9.0125
  ],
  "4_2": [
    -5.15,
    1.93125,
    6.4375,
    1.93125,
    -5.15,
    -5.79375,
    -6.4375,
    -7.08125,
    -7.725,
    -8.36875
  ],
  "4_3": [
    -5.79375,
    -5.15,
    1.93125,
    6.4375,
    1.93125,
    -5.15,
    -5.79375,
    -6.4375,
    -7.08125,
    -7.725
  ],
  "4_4": [
    -6.4375,
    -5.79375,
    -5.15,
    1.93125,
    6.4375,
    1.93125,
    -5.15,
    -5.79375,
    -6.4375,
    -7.08125
  ],