{
  "0": [
    0.48375,
    0.388791,
    0.156266,
    -0.101925,
    -0.298479,
    -0.410633,
    -0.46028,
    -0.477623,
    -0.482449,
    -0.483526
  ],
  "1": [
    0.388791,
    0.48375,
    0.388791,
    0.156266,
    -0.101925,
    -0.298479,
    -0.410633,
    -0.46028,
    -0.477623,
    -0.482449
  ],
  "2": [
    0.156266,
    0.388791,
    0.48375,
    0.388791,
    0.156266,
    -0.101925,
    -0.298479,
    -0.410633,
    -0.46028,
    -0.477623
  ],
  "3": [
    -0.101925,
    0.156266,
    0.388791,
    0.48375,
    0.388791,
    0.156266,
    -0.101925,
    -0.298479,
    -0.410633,
    -0.46028
  ],
  "4": [
    -0.298479,
    -0.101925,
    0.156266,
    0.388791,
    0.48375,
    0.388791,
    0.156266,
    -0.101925,
    -0.298479,
    -0.410633
  ],
  "5": [
    -0.410633,
    -0.298479,
    -0.101925,
    0.156266,
    0.388791,
    0.48375,
    0.388791,
    0.156266,
    -0.101925,
    -0.298479
  ],
  "6": [
    -0.46028,
    -0.410633,
    -0.298479,
    -0.101925,
    0.156266,
    0.388791,
    0.48375,
    0.388791,
    0.156266,
    -0.101925
  ],
  "7": [
    -0.477623,
    -0.46028,
    -0.410633,
    -0.298479,
    -0.101925,
    0.156266,
    0.388791,
    0.48375,
    0.388791,
    0.156266
  ],
  "8": [
    -0.482449,
    -0.477623,
    -0.46028,
    -0.410633,
    -0.298479,
    -0.101925,
    0.156266,
    0.388791,
    0.48375,
    0.388791
  ],
  "9": [
    -0.483526,
    -0.482449,
    -0.477623,
    -0.46028,
    -0.410633,
    -0.298479,
    -0.101925,
    0.156266,
    0.388791,
    0.48375
  ],
  "0_0": [
    8.0625,
    2.41875,
    -6.45,
    -7.25625,
    -8.0625,
    -8.86875,
    -9.675,
    -10.48125,
    -11.2875,
    -12.09375
  ],
  "0_1": [
    2.41875,
    8.0625,
    2.41875,
    -6.45,
    -7.25625,
    -8.0625,
    -8.86875,
    -9.675,
    -10.48125,
    -11.2875
  ],
  "0_2": [
    -6.45,
    2.41875,
    8.0625,
    2.41875,
    -6.45,
    -7.25625,
    -8.0625,
    -8.86875,
    -9.675,
    -10.48125
  ],
  "0_3": [
    -7.25625,
    -6.45,
    2.41875,
    8.0625,
    2.41875,
    -6.45,
    -7.25625,
    -8.0625,
    -8.86875,
    -9.675
  ],
  "0_4": [
    -8.0625,
    -7.25625,
    -6.45,
    2.41875,
    8.0625,
    2.41875,
    -6.45,
    -7.25625,
    -8.0625,
    -8.86875
  ],
  "0_5": [
    -8.86875,
    -8.0625,
    -7.25625,
    -6.45,
    2.41875,
    8.0625,
    2.41875,
    -6.45,
    -7.25625,
    -8.0625
  ],
  "0_6": [
    -9.675,
    -8.86875,
    -8.0625,
    -7.25625,
    -6.45,
    2.41875,
    8.0625,
    2.41875,
    -6.45,
    -7.25625
  ],
  "0_7": [
    -10.48125,
    -9.675,
    -8.86875,
    -8.0625,
    -7.25625,
    -6.45,
    2.41875,
    8.0625,
    2.41875,
    -6.45
  ],
  "0_8": [
    -11.2875,
    -10.48125,
    -9.675,
    -8.86875,
    -8.0625,
    -7.25625,
    -6.45,
    2.41875,
    8.0625,
    2.41875
  ],
  "0_9": [
    -12.09375,
    -11.2875,
    -10.48125,
    -9.675,
    -8.86875,
    -8.0625,
    -7.25625,
    -6.45,
    2.41875,
    8.0625
  ],
  "1_0": [
    8.0625,
    2.41875,
    -6.45,
    -7.25625,
    -8.0625,
    -8.86875,
    -9.675,
    -10.48125,
    -11.2875,
    -12.09375
  ],
  "1_1": [
    2.41875,
    8.0625,
    2.41875,
    -6.45,
    -7.25625,
    -8.0625,
    -8.86875,
    -9.675,
    -10.48125,
    -11.2875
  ],
  "1_2": [
    -6.45,
    2.41875,
    8.0625,
    2.41875,
    -6.45,
    -7.25625,
    -8.0625,
    -8.86875,
    -9.675,
    -10.48125
  ],
  "1_3": [
    -7.25625,
    -6.45,
    2.41875,
    8.0625,
    2.41875,
    -6.45,
    -7.25625,
    -8.0625,
    -8.86875,
    -9.675
  ],
  "1_4": [
    -8.0625,
    -7.25625,
    -6.45,
    2.41875,
    8.0625,
    2.41875,
    -6.45,
    -7.25625,
    -8.0625,
    -8.86875
  ],
  "1_5": [
    -8.86875,
    -8.0625,
    -7.25625,
    -6.45,
    2.41875,
    8.0625,
    2.41875,
    -6.45,
    -7.25625,
    -8.0625
  ],
  "1_6": [
    -9.675,
    -8.86875,
    -8.0625,
    -7.25625,
    -6.45,
    2.41875,
    8.0625,
    2.41875,
    -6.45,
    -7.25625
  ],
  "1_7": [
    -10.48125,
    -9.675,
    -8.86875,
    -8.0625,
    -7.25625,
    -6.45,
    2.41875,
    8.0625,
    2.41875,
    -6.45
  ],
  "1_8": [
    -11.2875,
    -10.48125,
    -9.675,
    -8.86875,
    -8.0625,
    -7.25625,
    -6.45,
    2.41875,
    8.0625,
    2.41875
  ],
  "1_9": [
    -12.09375,
    -11.2875,
    -10.48125,
    -9.675,
    -8.86875,
    -8.0625,
    -7.25625,
    -6.45,
    2.41875,
    8.0625
  ],
  "2_0": [
    8.0625,
    2.41875,
    -6.45,
    -7.25625,
    -8.0625,
    -8.86875,
    -9.675,
    -10.48125,
    -11.2875,
    -12.09375
  ],
  "2_1": [
    2.41875,
    8.0625,
    2.41875,
    -6.45,
    -7.25625,
    -8.0625,
    -8.86875,
    -9.675,
    -10.48125,
    -11.2875
  ],
  "2_2": [
    -6.45,
    2.41875,
    8.0625,
    2.41875,
    -6.45,
    -7.25625,
    -8.0625,
    -8.86875,
    -9.675,
    -10.48125
  ],
  "2_3": [
    -7.25625,
    -6.45,
    2.41875,
    8.0625,
    2.41875,
    -6.45,
    -7.25625,
    -8.0625,
    -8.86875,
    -9.675
  ],
  "2_4": [
    -8.0625,
    -7.25625,
    -6.45,
    2.41875,
    8.0625,
    2.41875,
    -6.45,
    -7.25625,
    -8.0625,
    -8.86875
  ],
  "2_5": [
    -8.86875,
    -8.0625,
    -7.25625,
    -6.45,
    2.41875,
    8.0625,
    2.41875,
    -6.45,
    -7.25625,
    -8.0625
  ],
  "2_6": [
    -9.675,
    -8.86875,
    -8.0625,
    -7.25625,
    -6.45,
    2.41875,
    8.0625,
    2.41875,
    -6.45,
    -7.25625
  ],
  "2_7": [
    -10.48125,
    -9.675,
    -8.86875,
    -8.0625,
    -7.25625,
    -6.45,
    2.41875,
    8.0625,
    2.41875,
    -6.45
  ],
  "2_8": [
    -11.2875,
    -10.48125,
    -9.675,
    -8.86875,
    -8.0625,
    -7.25625,
    -6.45,
    2.41875,
    8.0625,
    2.41875
  ],
  "2_9": [
    -12.09375,
    -11.2875,
    -10.48125,
    -9.675,
    -8.86875,
    -8.0625,
    -7.25625,
    -6.45,
    2.41875,
    8.0625
  ],
  "3_0": [
    8.0625,
    2.41875,
    -6.45,
    -7.25625,
    -8.0625,
    -8.86875,
    -9.675,
    -10.48125,
    -11.2875,
    -12.09375
  ],
  "3_1": [
    2.41875,
    8.0625,
    2.41875,
    -6.45,
    -7.25625,
    -8.0625,
    -8.86875,
    -9.675,
    -10.48125,
    -11.2875
  ],
  "3_2": [
    -6.45,
    2.41875,
    8.0625,
    2.41875,
    -6.45,
    -7.25625,
    -8.0625,
    -8.86875,
    -9.675,
    -10.48125
  ],
  "3_3": [
    -7.25625,
    -6.45,
    2.41875,
    8.0625,
    2.41875,
    -6.45,
    -7.25625,
    -8.0625,
    -8.86875,
    -9.675
  ],
  "3_4": [
    -8.0625,
    -7.25625,
    -6.45,
    2.41875,
    8.0625,
    2.41875,
    -6.45,
    -7.25625,
    -8.0625,
    -8.86875
  ],
  "3_5": [
    -8.86875,
    -8.0625,
    -7.25625,
    -6.45,
    2.41875,
    8.0625,
    2.41875,
    -6.45,
    -7.25625,
    -8.0625
  ],
  "3_6": [
    -9.675,
    -8.86875,
    -8.0625,
    -7.25625,
    -6.45,
    2.41875,
    8.0625,
    2.41875,
    -6.45,
    -7.25625
  ],
  "3_7": [
    -10.48125,
    -9.675,
    -8.86875,
    -8.0625,
    -7.25625,
    -6.45,
    2.41875,
    8.0625,
    2.41875,
    -6.45
  ],
  "3_8": [
    -11.2875,
    -10.48125,
    -9.675,
    -8.86875,
    -8.0625,
    -7.25625,
    -6.45,
    2.41875,
    8.0625,
    2.41875
  ],
  "3_9": [
    -12.09375,
    -11.2875,
    -10.48125,
    -9.675,
    -8.86875,
    -8.0625,
    -7.25625,
    -6.45,
    2.41875,
    8.0625
  ],
  "4_0": [
    8.0625,
    2.41875,
    -6.45,
    -7.25625,
    -8.0625,
    -8.86875,
    -9.675,
    -10.48125,
    -11.2875,
    -12.09375
  ],
  "4_1": [
    2.41875,
    8.0625,
    2.41875,
    -6.45,
    -7.25625,
    -8.0625,
    -8.86875,
    -9.675,
    -10.48125,
    -11.2875
  ],
  "4_2": [
    -6.45,
    2.41875,
    8.0625,
    2.41875,
    -6.45,
    -7.25625,
    -8.0625,
    -8.86875,
    -9.675,
    -10.48125
  ],
  "4_3": [
    -7.25625,
    -6.45,
    2.41875,
    8.0625,
    2.41875,
    -6.45,
    -7.25625,
    -8.0625,
    -8.86875,
    -9.675
  ],