{
  "0": [
    0.3075,
    0.247139,
    0.099332,
    -0.064789,
    -0.189731,
    -0.261022,
    -0.292581,
    -0.303605,
    -0.306673,
    -0.307358
  ],
  "1": [
    0.247139,
    0.3075,
    0.247139,
    0.099332,
    -0.064789,
    -0.189731,
    -0.261022,
    -0.292581,
    -0.303605,
    -0.306673
  ],
  "2": [
    0.099332,
    0.247139,
    0.3075,
    0.247139,
    0.099332,
    -0.064789,
    -0.189731,
    -0.261022,
    -0.292581,
    -0.303605
  ],
  "3": [
    -0.064789,
    0.099332,
    0.247139,
    0.3075,
    0.247139,
    0.099332,
    -0.064789,
    -0.189731,
    -0.261022,
    -0.292581
  ],
  "4": [
    -0.189731,
    -0.064789,
    0.099332,
    0.247139,
    0.3075,
    0.247139,
    0.099332,
    -0.064789,
    -0.189731,
    -0.261022
  ],
  "5": [
    -0.261022,
    -0.189731,
    -0.064789,
    0.099332,
    0.247139,
    0.3075,
    0.247139,
    0.099332,
    -0.064789,
    -0.189731
  ],
  "6": [
    -0.292581,
    -0.261022,
    -0.189731,
    -0.064789,
    0.099332,
    0.247139,
    0.3075,
    0.247139,
    0.099332,
    -0.064789
  ],
  "7": [
    -0.303605,
    -0.292581,
    -0.261022,
    -0.189731,
    -0.064789,
    0.099332,
    0.247139,
    0.3075,
    0.247139,
    0.099332
  ],
  "8": [
    -0.306673,
    -0.303605,
    -0.292581,
    -0.261022,
    -0.189731,
    -0.064789,
    0.099332,
    0.247139,
    0.3075,
    0.247139
  ],
  "9": [
    -0.307358,
    -0.306673,
    -0.303605,
    -0.292581,
    -0.261022,
    -0.189731,
    -0.064789,
    0.099332,
    0.247139,
    0.3075
  ],
  "0_0": [
    5.125,
    1.5375,
    -4.1,
    -4.6125,
    -5.125,
    -5.6375,
    -6.15,
    -6.6625,
    -7.175,
    -7.6875
  ],
  "0_1": [
    1.5375,
    5.125,
    1.5375,
    -4.1,
    -4.6125,
    -5.125,
    -5.6375,
    -6.15,
    -6.6625,
    -7.175
  ],
  "0_2": [
    -4.1,
    1.5375,
    5.125,
    1.5375,
    -4.1,
    -4.6125,
    -5.125,
    -5.6375,
    -6.15,
    -6.6625
  ],
  "0_3": [
    -4.6125,
    -4.1,
    1.5375,
    5.125,
    1.5375,
    -4.1,
    -4.6125,
    -5.125,
    -5.6375,
    -6.15
  ],
  "0_4": [
    -5.125,
    -4.6125,
    -4.1,
    1.5375,
    5.125,
    1.5375,
    -4.1,
    -4.6125,
    -5.125,
    -5.6375
  ],
  "0_5": [
    -5.6375,
    -5.125,
    -4.6125,
    -4.1,
    1.5375,
    5.125,
    1.5375,
    -4.1,
    -4.6125,
    -5.125
  ],
  "0_6": [
    -6.15,
    -5.6375,
    -5.125,
    -4.6125,
    -4.1,
    1.5375,
    5.125,
    1.5375,
    -4.1,
    -4.6125
  ],
  "0_7": [
    -6.6625,
    -6.15,
    -5.6375,
    -5.125,
    -4.6125,
    -4.1,
    1.5375,
    5.125,
    1.5375,
    -4.1
  ],
  "0_8": [
    -7.175,
    -6.6625,
    -6.15,
    -5.6375,
    -5.125,
    -4.6125,
    -4.1,
    1.5375,
    5.125,
    1.5375
  ],
  "0_9": [
    -7.6875,
    -7.175,
    -6.6625,
    -6.15,
    -5.6375,
    -5.125,
    -4.6125,
    -4.1,
    1.5375,
    5.125
  ],
  "1_0": [
    5.125,
    1.5375,
    -4.1,
    -4.6125,
    -5.125,
    -5.6375,
    -6.15,
    -6.6625,
    -7.175,
    -7.6875
  ],
  "1_1": [
    1.5375,
    5.125,
    1.5375,
    -4.1,
    -4.6125,
    -5.125,
    -5.6375,
    -6.15,
    -6.6625,
    -7.175
  ],
  "1_2": [
    -4.1,
    1.5375,
    5.125,
    1.5375,
    -4.1,
    -4.6125,
    -5.125,
    -5.6375,
    -6.15,
    -6.6625
  ],
  "1_3": [
    -4.6125,
    -4.1,
    1.5375,
    5.125,
    1.5375,
    -4.1,
    -4.6125,
    -5.125,
    -5.6375,
    -6.15
  ],
  "1_4": [
    -5.125,
    -4.6125,
    -4.1,
    1.5375,
    5.125,
    1.5375,
    -4.1,
    -4.6125,
    -5.125,
    -5.6375
  ],
  "1_5": [
    -5.6375,
    -5.125,
    -4.6125,
    -4.1,
    1.5375,
    5.125,
    1.5375,
    -4.1,
    -4.6125,
    -5.125
  ],
  "1_6": [
    -6.15,
    -5.6375,
    -5.125,
    -4.6125,
    -4.1,
    1.5375,
    5.125,
    1.5375,
    -4.1,
    -4.6125
  ],
  "1_7": [
    -6.6625,
    -6.15,
    -5.6375,
    -5.125,
    -4.6125,
    -4.1,
    1.5375,
    5.125,
    1.5375,
    -4.1
  ],
  "1_8": [
    -7.175,
    -6.6625,
    -6.15,
    -5.6375,
    -5.125,
    -4.6125,
    -4.1,
    1.5375,
    5.125,
    1.5375
  ],
  "1_9": [
    -7.6875,
    -7.175,
    -6.6625,
    -6.15,
    -5.6375,
    -5.125,
    -4.6125,
    -4.1,
    1.5375,
    5.125
  ],
  "2_0": [
    5.125,
    1.5375,
    -4.1,
    -4.6125,
    -5.125,
    -5.6375,
    -6.15,
    -6.6625,
    -7.175,
    -7.6875
  ],
  "2_1": [
    1.5375,
    5.125,
    1.5375,
    -4.1,
    -4.6125,
    -5.125,
    -5.6375,
    -6.15,
    -6.6625,
    -7.175
  ],
  "2_2": [
    -4.1,
    1.5375,
    5.125,
    1.5375,
    -4.1,
    -4.6125,
    -5.125,
    -5.6375,
    -6.15,
    -6.6625
  ],
  "2_3": [
    -4.6125,
    -4.1,
    1.5375,
    5.125,
    1.5375,
    -4.1,
    -4.6125,
    -5.125,
    -5.6375,
    -6.15
  ],
  "2_4": [
    -5.125,
    -4.6125,
    -4.1,
    1.5375,
    5.125,
    1.5375,
    -4.1,
    -4.6125,
    -5.125,
    -5.6375
  ],
  "2_5": [
    -5.6375,
    -5.125,
    -4.6125,
    -4.1,
    1.5375,
    5.125,
    1.5375,
    -4.1,
    -4.6125,
    -5.125
  ],
  "2_6": [
    -6.15,
    -5.6375,
    -5.125,
    -4.6125,
    -4.1,
    1.5375,
    5.125,
    1.5375,
    -4.1,
    -4.6125
  ],
  "2_7": [
    -6.6625,
    -6.15,
    -5.6375,
    -5.125,
    -4.6125,
    -4.1,
    1.5375,
    5.125,
    1.5375,
    -4.1
  ],
  "2_8": [
    -7.175,
    -6.6625,
    -6.15,
    -5.6375,
    -5.125,
    -4.6125,
    -4.1,
    1.5375,
    5.125,
    1.5375
  ],
  "2_9": [
    -7.6875,
    -7.175,
    -6.6625,
    -6.15,
    -5.6375,
    -5.125,
    -4.6125,
    -4.1,
    1.5375,
    5.125
  ],
  "3_0": [
    5.125,
    1.5375,
    -4.1,
    -4.6125,
    -5.125,
    -5.6375,
    -6.15,
    -6.6625,
    -7.175,
    -7.6875
  ],
  "3_1": [
    1.5375,
    5.125,
    1.5375,
    -4.1,
    -4.6125,
    -5.125,
    -5.6375,
    -6.15,
    -6.6625,
    -7.175
  ],
  "3_2": [
    -4.1,
    1.5375,
    5.125,
    1.5375,
    -4.1,
    -4.6125,
    -5.125,
    -5.6375,
    -6.15,
    -6.6625
  ],
  "3_3": [
    -4.6125,
    -4.1,
    1.5375,
    5.125,
    1.5375,
    -4.1,
    -4.6125,
    -5.125,
    -5.6375,
    -6.15
  ],
  "3_4": [
    -5.125,
    -4.6125,
    -4.1,
    1.5375,
    5.125,
    1.5375,
    -4.1,
    -4.6125,
    -5.125,
    -5.6375
  ],
  "3_5": [
    -5.6375,
    -5.125,
    -4.6125,
    -4.1,
    1.5375,
    5.125,
    1.5375,
    -4.1,
    -4.6125,
    -5.125
  ],
  "3_6": [
    -6.15,
    -5.6375,
    -5.125,
    -4.6125,
    -4.1,
    1.5375,
    5.125,
    1.5375,
    -4.1,
    -4.6125
  ],
  "3_7": [
    -6.6625,
    -6.15,
    -5.6375,
    -5.125,
    -4.6125,
    -4.1,
    1.5375,
    5.125,
    1.5375,
    -4.1
  ],
  "3_8": [
    -7.175,
    -6.6625,
    -6.15,
    -5.6375,
    -5.125,
    -4.6125,
    -4.1,
    1.5375,
    5.125,
    1.5375
  ],
  "3_9": [
    -7.6875,
    -7.175,
    -6.6625,
    -6.15,
    -5.6375,
    -5.125,
    -4.6125,
    -4.1,
    1.5375,
    5.125
  ],
  "4_0": [
    5.125,
    1.5375,
    -4.1,
    -4.6125,
    -5.125,
    -5.6375,
    -6.15,
    -6.6625,
    -7.175,
    -7.6875
  ],
  "4_1": [
    1.5375,
    5.125,
    1.5375,
    -4.1,
    -4.6125,
    -5.125,
    -5.6375,
    -6.15,
    -6.6625,
    -7.175
  ],
  "4_2": [
    -4.1,
    1.5375,
    5.125,
    1.5375,
    -4.1,
    -4.6125,
    -5.125,
    -5.6375,
    -6.15,
    -6.6625
  ],
  "4_3": [
    -4.6125,
    -4.1,
    1.5375,
    5.125,
    1.5375,
    -4.1,
    -4.6125,
    -5.125,
    -5.6375,
    -6.15
  ],
  "4_4": [
    -5.125,
    -4.6125,
    -4.1,
    1.5375,
    5.125,
    1.5375,
    -4.1,
    -4.6125,
    -5.125,
    -5.6375
  ],
  "4_5": [
    -5.6375,
    -5.125,
    -4.6125,
    -4.1,
    1.5375,
    5.125,
    1.5375,
    -4.1,
    -4.6125,
    -5.125
  ],
  "4_6": [
    -6.15,
    -5.6375,
    -5.125,
    -4.6125,
    -4.1,
    1.5375,
    5.125,
    1.5375,
    -4.1,
    -4.6125
  ],
  "4_7": [
    -6.6625,
    -6.15,
    -5.6375,
    -5.125,
    -4.6125,
    -4.1,
    1.5375,
    5.125,
    1.5375,
    -4.1
  ],