{
  "0": [
    0.50625,
    0.406875,
    0.163534,
    -0.106665,
    -0.312361,
    -0.429732,
    -0.481688,
    -0.499838,
    -0.504888,
    -0.506015
  ],
  "1": [
    0.406875,
    0.50625,
    0.406875,
    0.163534,
    -0.106665,
    -0.312361,
    -0.429732,
    -0.481688,
    -0.499838,
    -0.504888
  ],
  "2": [
    0.163534,
    0.406875,
    0.50625,
    0.406875,
    0.163534,
    -0.106665,
    -0.312361,
    -0.429732,
    -0.481688,
    -0.499838
  ],
  "3": [
    -0.106665,
    0.163534,
    0.406875,
    0.50625,
    0.406875,
    0.163534,
    -0.106665,
    -0.312361,
    -0.429732,
    -0.481688
  ],
  "4": [
    -0.312361,
    -0.106665,
    0.163534,
    0.406875,
    0.50625,
    0.406875,
    0.163534,
    -0.106665,
    -0.312361,
    -0.429732
  ],
  "5": [
    -0.429732,
    -0.312361,
    -0.106665,
    0.163534,
    0.406875,
    0.50625,
    0.406875,
    0.163534,
    -0.106665,
    -0.312361
  ],
  "6": [
    -0.481688,
    -0.429732,
    -0.312361,
    -0.106665,
    0.163534,
    0.406875,
    0.50625,
    0.406875,
    0.163534,
    -0.106665
  ],
  "7": [
    -0.499838,
    -0.481688,
    -0.429732,
    -0.312361,
    -0.106665,
    0.163534,
    0.406875,
    0.50625,
    0.406875,
    0.163534
  ],
  "8": [
    -0.504888,
    -0.499838,
    -0.481688,
    -0.429732,
    -0.312361,
    -0.106665,
    0.163534,
    0.406875,
    0.50625,
    0.406875
  ],
  "9": [
    -0.506015,
    -0.504888,
    -0.499838,
    -0.481688,
    -0.429732,
    -0.312361,
    -0.106665,
    0.163534,
    0.406875,
    0.50625
  ],
  "0_0": [
    8.4375,
    2.53125,
    -6.75,
    -7.59375,
    -8.4375,
    -9.28125,
    -10.125,
    -10.96875,
    -11.8125,
    -12.65625
  ],
  "0_1": [
    2.53125,
    8.4375,
    2.53125,
    -6.75,
    -7.59375,
    -8.4375,
    -9.28125,
    -10.125,
    -10.96875,
    -11.8125
  ],
  "0_2": [
    -6.75,
    2.53125,
    8.4375,
    2.53125,
    -6.75,
    -7.59375,
    -8.4375,
    -9.28125,
    -10.125,
    -10.96875
  ],
  "0_3": [
    -7.59375,
    -6.75,
    2.53125,
    8.4375,
    2.53125,
    -6.75,
    -7.59375,
    -8.4375,
    -9.28125,
    -10.125
  ],
  "0_4": [
    -8.4375,
    -7.59375,
    -6.75,
    2.53125,
    8.4375,
    2.53125,
    -6.75,
    -7.59375,
    -8.4375,
    -9.28125
  ],
  "0_5": [
    -9.28125,
    -8.4375,
    -7.59375,
    -6.75,
    2.53125,
    8.4375,
    2.53125,
    -6.75,
    -7.59375,
    -8.4375
  ],
  "0_6": [
    -10.125,
    -9.28125,
    -8.4375,
    -7.59375,
    -6.75,
    2.53125,
    8.4375,
    2.53125,
    -6.75,
    -7.59375
  ],
  "0_7": [
    -10.96875,
    -10.125,
    -9.28125,
    -8.4375,
    -7.59375,
    -6.75,
    2.53125,
    8.4375,
    2.53125,
    -6.75
  ],
  "0_8": [
    -11.8125,
    -10.96875,
    -10.125,
    -9.28125,
    -8.4375,
    -7.59375,
    -6.75,
    2.53125,
    8.4375,
    2.53125
  ],
  "0_9": [
    -12.65625,
    -11.8125,
    -10.96875,
    -10.125,
    -9.28125,
    -8.4375,
    -7.59375,
    -6.75,
    2.53125,
    8.4375
  ],
  "1_0": [
    8.4375,
    2.53125,
    -6.75,
    -7.59375,
    -8.4375,
    -9.28125,
    -10.125,
    -10.96875,
    -11.8125,
    -12.65625
  ],
  "1_1": [
    2.53125,
    8.4375,
    2.53125,
    -6.75,
    -7.59375,
    -8.4375,
    -9.28125,
    -10.125,
    -10.96875,
    -11.8125
  ],
  "1_2": [
    -6.75,
    2.53125,
    8.4375,
    2.53125,
    -6.75,
    -7.59375,
    -8.4375,
    -9.28125,
    -10.125,
    -10.96875
  ],
  "1_3": [
    -7.59375,
    -6.75,
    2.53125,
    8.4375,
    2.53125,
    -6.75,
    -7.59375,
    -8.4375,
    -9.28125,
    -10.125
  ],
  "1_4": [
    -8.4375,
    -7.59375,
    -6.75,
    2.53125,
    8.4375,
    2.53125,
    -6.75,
    -7.59375,
    -8.4375,
    -9.28125
  ],
  "1_5": [
    -9.28125,
    -8.4375,
    -7.59375,
    -6.75,
    2.53125,
    8.4375,
    2.53125,
    -6.75,
    -7.59375,
    -8.4375
  ],
  "1_6": [
    -10.125,
    -9.28125,
    -8.4375,
    -7.59375,
    -6.75,
    2.53125,
    8.4375,
    2.53125,
    -6.75,
    -7.59375
  ],
  "1_7": [
    -10.96875,
    -10.125,
    -9.28125,
    -8.4375,
    -7.59375,
    -6.75,
    2.53125,
    8.4375,
    2.53125,
    -6.75
  ],
  "1_8": [
    -11.8125,
    -10.96875,
    -10.125,
    -9.28125,
    -8.4375,
    -7.59375,
    -6.75,
    2.53125,
    8.4375,
    2.53125
  ],
  "1_9": [
    -12.65625,
    -11.8125,
    -10.96875,
    -10.125,
    -9.28125,
    -8.4375,
    -7.59375,
    -6.75,
    2.53125,
    8.4375
  ],
  "2_0": [
    8.4375,
    2.53125,
    -6.75,
    -7.59375,
    -8.4375,
    -9.28125,
    -10.125,
    -10.96875,
    -11.8125,
    -12.65625
  ],
  "2_1": [
    2.53125,
    8.4375,
    2.53125,
    -6.75,
    -7.59375,
    -8.4375,
    -9.28125,
    -10.125,
    -10.96875,
    -11.8125
  ],
  "2_2": [
    -6.75,
    2.53125,
    8.4375,
    2.53125,
    -6.75,
    -7.59375,
    -8.4375,
    -9.28125,
    -10.125,
    -10.96875
  ],
  "2_3": [
    -7.59375,
    -6.75,
    2.53125,
    8.4375,
    2.53125,
    -6.75,
    -7.59375,
    -8.4375,
    -9.28125,
    -10.125
  ],
  "2_4": [
    -8.4375,
    -7.59375,
    -6.75,
    2.53125,
    8.4375,
    2.53125,
    -6.75,
    -7.59375,
    -8.4375,
    -9.28125
  ],
  "2_5": [
    -9.28125,
    -8.4375,
    -7.59375,
    -6.75,
    2.53125,
    8.4375,
    2.53125,
    -6.75,
    -7.59375,
    -8.4375
  ],
  "2_6": [
    -10.125,
    -9.28125,
    -8.4375,
    -7.59375,
    -6.75,
    2.53125,
    8.4375,
    2.53125,
    -6.75,
    -7.59375
  ],
  "2_7": [
    -10.96875,
    -10.125,
    -9.28125,
    -8.4375,
    -7.59375,
    -6.75,
    2.53125,
    8.4375,
    2.53125,
    -6.75
  ],
  "2_8": [
    -11.8125,
    -10.96875,
    -10.125,
    -9.28125,
    -8.4375,
    -7.59375,
    -6.75,
    2.53125,
    8.4375,
    2.53125
  ],
  "2_9": [
    -12.65625,
    -11.8125,
    -10.96875,
    -10.125,
    -9.28125,
    -8.4375,
    -7.59375,
    -6.75,
    2.53125,
    8.4375
  ],
  "3_0": [
    8.4375,
    2.53125,
    -6.75,
    -7.59375,
    -8.4375,
    -9.28125,
    -10.125,
    -10.96875,
    -11.8125,
    -12.65625
  ],
  "3_1": [
    2.53125,
    8.4375,
    2.53125,
    -6.75,
    -7.59375,
    -8.4375,
    -9.28125,
    -10.125,
    -10.96875,
    -11.8125
  ],
  "3_2": [
    -6.75,
    2.53125,
    8.4375,
    2.53125,
    -6.75,
    -7.59375,
    -8.4375,
    -9.28125,
    -10.125,
    -10.96875
  ],
  "3_3": [
    -7.59375,
    -6.75,
    2.53125,
    8.4375,
    2.53125,
    -6.75,
    -7.59375,
    -8.4375,
    -9.28125,
    -10.125
  ],
  "3_4": [
    -8.4375,
    -7.59375,
    -6.75,
    2.53125,
    8.4375,
    2.53125,
    -6.75,
    -7.59375,
    -8.4375,
    -9.28125
  ],
  "3_5": [
    -9.28125,
    -8.4375,
    -7.59375,
    -6.75,
    2.53125,
    8.4375,
    2.53125,
    -6.75,
    -7.59375,
    -8.4375
  ],
  "3_6": [
    -10.125,
    -9.28125,
    -8.4375,
    -7.59375,
    -6.75,
    2.53125,
    8.4375,
    2.53125,
    -6.75,
    -7.59375
  ],
  "3_7": [
    -10.96875,
    -10.125,
    -9.28125,
    -8.4375,
    -7.59375,
    -6.75,
    2.53125,
    8.4375,
    2.53125,
    -6.75
  ],
  "3_8": [
    -11.8125,
    -10.96875,
    -10.125,
    -9.28125,
    -8.4375,
    -7.59375,
    -6.75,
    2.53125,
    8.4375,
    2.53125
  ],
  "3_9": [
    -12.65625,
    -11.8125,
    -10.96875,
    -10.125,
    -9.28125,
    -8.4375,
    -7.59375,
    -6.75,
    2.53125,
    8.4375
  ],
  "4_0": [
    8.4375,
    2.53125,
    -6.75,
    -7.59375,
    -8.4375,
    -9.28125,
    -10.125,
    -10.96875,
    -11.8125,
    -12.65625
  ],
  "4_1": [
    2.53125,
    8.4375,
    2.53125,
    -6.75,
    -7.59375,
    -8.4375,
    -9.28125,
    -10.125,
    -10.96875,
    -11.8125
  ],
  "4_2": [
    -6.75,
    2.53125,
    8.4375,
    2.53125,
    -6.75,
    -7.59375,
    -8.4375,
    -9.28125,
    -10.125,
    -10.96875
  ],
  "4_3": [
    -7.59375,
    -6.75,
    2.53125,
    8.4375,
    2.53125,
    -6.75,
    -7.59375,
    -8.4375,
    -9.28125,
    -10.125
  ],