{
  "0": [
    0.4725,
    0.37975,
    0.152632,
    -0.099554,
    -0.291537,
    -0.401083,
    -0.449576,
    -0.466515,
    -0.471229,
    -0.472281
  ],
  "1": [
    0.37975,
    0.4725,
    0.37975,
    0.152632,
    -0.099554,
    -0.291537,
    -0.401083,
    -0.449576,
    -0.466515,
    -0.471229
  ],
  "2": [
    0.152632,
    0.37975,
    0.4725,
    0.37975,
    0.152632,
    -0.099554,
    -0.291537,
    -0.401083,
    -0.449576,
    -0.466515
  ],
  "3": [
    -0.099554,
    0.152632,
    0.37975,
    0.4725,
    0.37975,
    0.152632,
    -0.099554,
    -0.291537,
    -0.401083,
    -0.449576
  ],
  "4": [
    -0.291537,
    -0.099554,
    0.152632,
    0.37975,
    0.4725,
    0.37975,
    0.152632,
    -0.099554,
    -0.291537,
    -0.401083
  ],
  "5": [
    -0.401083,
    -0.291537,
    -0.099554,
    0.152632,
    0.37975,
    0.4725,
    0.37975,
    0.152632,
    -0.099554,
    -0.291537
  ],
  "6": [
    -0.449576,
    -0.401083,
    -0.291537,
    -0.099554,
    0.152632,
    0.37975,
    0.4725,
    0.37975,
    0.152632,
    -0.099554
  ],
  "7": [
    -0.466515,
    -0.449576,
    -0.401083,
    -0.291537,
    -0.099554,
    0.152632,
    0.37975,
    0.4725,
    0.37975,
    0.152632
  ],
  "8": [
    -0.471229,
    -0.466515,
    -0.449576,
    -0.401083,
    -0.291537,
    -0.099554,
    0.152632,
    0.37975,
    0.4725,
    0.37975
  ],
  "9": [
    -0.472281,
    -0.471229,
    -0.466515,
    -0.449576,
    -0.401083,
    -0.291537,
    -0.099554,
    0.152632,
    0.37975,
    0.4725
  ],
  "0_0": [
    7.875,
    2.3625,
    -6.3,
    -7.0875,
    -7.875,
    -8.6625,
    -9.45,
    -10.2375,
    -11.025,
    -11.8125
  ],
  "0_1": [
    2.3625,
    7.875,
    2.3625,
    -6.3,
    -7.0875,
    -7.875,
    -8.6625,
    -9.45,
    -10.2375,
    -11.025
  ],
  "0_2": [
    -6.3,
    2.3625,
    7.875,
    2.3625,
    -6.3,
    -7.0875,
    -7.875,
    -8.6625,
    -9.45,
    -10.2375
  ],
  "0_3": [
    -7.0875,
    -6.3,
    2.3625,
    7.875,
    2.3625,
    -6.3,
    -7.0875,
    -7.875,
    -8.6625,
    -9.45
  ],
  "0_4": [
    -7.875,
    -7.0875,
    -6.3,
    2.3625,
    7.875,
    2.3625,
    -6.3,
    -7.0875,
    -7.875,
    -8.6625
  ],
  "0_5": [
    -8.6625,
    -7.875,
    -7.0875,
    -6.3,
    2.3625,
    7.875,
    2.3625,
    -6.3,
    -7.0875,
    -7.875
  ],
  "0_6": [
    -9.45,
    -8.6625,
    -7.875,
    -7.0875,
    -6.3,
    2.3625,
    7.875,
    2.3625,
    -6.3,
    -7.0875
  ],
  "0_7": [
    -10.2375,
    -9.45,
    -8.6625,
    -7.875,
    -7.0875,
    -6.3,
    2.3625,
    7.875,
    2.3625,
    -6.3
  ],
  "0_8": [
    -11.025,
    -10.2375,
    -9.45,
    -8.6625,
    -7.875,
    -7.0875,
    -6.3,
    2.3625,
    7.875,
    2.3625
  ],
  "0_9": [
    -11.8125,
    -11.025,
    -10.2375,
    -9.45,
    -8.6625,
    -7.875,
    -7.0875,
    -6.3,
    2.3625,
    7.875
  ],
  "1_0": [
    7.875,
    2.3625,
    -6.3,
    -7.0875,
    -7.875,
    -8.6625,
    -9.45,
    -10.2375,
    -11.025,
    -11.8125
  ],
  "1_1": [
    2.3625,
    7.875,
    2.3625,
    -6.3,
    -7.0875,
    -7.875,
    -8.6625,
    -9.45,
    -10.2375,
    -11.025
  ],
  "1_2": [
    -6.3,
    2.3625,
    7.875,
    2.3625,
    -6.3,
    -7.0875,
    -7.875,
    -8.6625,
    -9.45,
    -10.2375
  ],
  "1_3": [
    -7.0875,
    -6.3,
    2.3625,
    7.875,
    2.3625,
    -6.3,
    -7.0875,
    -7.875,
    -8.6625,
    -9.45
  ],
  "1_4": [
    -7.875,
    -7.0875,
    -6.3,
    2.3625,
    7.875,
    2.3625,
    -6.3,
    -7.0875,
    -7.875,
    -8.6625
  ],
  "1_5": [
    -8.6625,
    -7.875,
    -7.0875,
    -6.3,
    2.3625,
    7.875,
    2.3625,
    -6.3,
    -7.0875,
    -7.875
  ],
  "1_6": [
    -9.45,
    -8.6625,
    -7.875,
    -7.0875,
    -6.3,
    2.3625,
    7.875,
    2.3625,
    -6.3,
    -7.0875
  ],
  "1_7": [
    -10.2375,
    -9.45,
    -8.6625,
    -7.875,
    -7.0875,
    -6.3,
    2.3625,
    7.875,
    2.3625,
    -6.3
  ],
  "1_8": [
    -11.025,
    -10.2375,
    -9.45,
    -8.6625,
    -7.875,
    -7.0875,
    -6.3,
    2.3625,
    7.875,
    2.3625
  ],
  "1_9": [
    -11.8125,
    -11.025,
    -10.2375,
    -9.45,
    -8.6625,
    -7.875,
    -7.0875,
    -6.3,
    2.3625,
    7.875
  ],
  "2_0": [
    7.875,
    2.3625,
    -6.3,
    -7.0875,
    -7.875,
    -8.6625,
    -9.45,
    -10.2375,
    -11.025,
    -11.8125
  ],
  "2_1": [
    2.3625,
    7.875,
    2.3625,
    -6.3,
    -7.0875,
    -7.875,
    -8.6625,
    -9.45,
    -10.2375,
    -11.025
  ],
  "2_2": [
    -6.3,
    2.3625,
    7.875,
    2.3625,
    -6.3,
    -7.0875,
    -7.875,
    -8.6625,
    -9.45,
    -10.2375
  ],
  "2_3": [
    -7.0875,
    -6.3,
    2.3625,
    7.875,
    2.3625,
    -6.3,
    -7.0875,
    -7.875,
    -8.6625,
    -9.45
  ],
  "2_4": [
    -7.875,
    -7.0875,
    -6.3,
    2.3625,
    7.875,
    2.3625,
    -6.3,
    -7.0875,
    -7.875,
    -8.6625
  ],
  "2_5": [
    -8.6625,
    -7.875,
    -7.0875,
    -6.3,
    2.3625,
    7.875,
    2.3625,
    -6.3,
    -7.0875,
    -7.875
  ],
  "2_6": [
    -9.45,
    -8.6625,
    -7.875,
    -7.0875,
    -6.3,
    2.3625,
    7.875,
    2.3625,
    -6.3,
    -7.0875
  ],
  "2_7": [
    -10.2375,
    -9.45,
    -8.6625,
    -7.875,
    -7.0875,
    -6.3,
    2.3625,
    7.875,
    2.3625,
    -6.3
  ],
  "2_8": [
    -11.025,
    -10.2375,
    -9.45,
    -8.6625,
    -7.875,
    -7.0875,
    -6.3,
    2.3625,
    7.875,
    2.3625
  ],
  "2_9": [
    -11.8125,
    -11.025,
    -10.2375,
    -9.45,
    -8.6625,
    -7.875,
    -7.0875,
    -6.3,
    2.3625,
    7.875
  ],
  "3_0": [
    7.875,
    2.3625,
    -6.3,
    -7.0875,
    -7.875,
    -8.6625,
    -9.45,
    -10.2375,
    -11.025,
    -11.8125
  ],
  "3_1": [
    2.3625,
    7.875,
    2.3625,
    -6.3,
    -7.0875,
    -7.875,
    -8.6625,
    -9.45,
    -10.2375,
    -11.025
  ],
  "3_2": [
    -6.3,
    2.3625,
    7.875,
    2.3625,
    -6.3,
    -7.0875,
    -7.875,
    -8.6625,
    -9.45,
    -10.2375
  ],
  "3_3": [
    -7.0875,
    -6.3,
    2.3625,
    7.875,
    2.3625,
    -6.3,
    -7.0875,
    -7.875,
    -8.6625,
    -9.45
  ],
  "3_4": [
    -7.875,
    -7.0875,
    -6.3,
    2.3625,
    7.875,
    2.3625,
    -6.3,
    -7.0875,
    -7.875,
    -8.6625
  ],
  "3_5": [
    -8.6625,
    -7.875,
    -7.0875,
    -6.3,
    2.3625,
    7.875,
    2.3625,
    -6.3,
    -7.0875,
    -7.875
  ],
  "3_6": [
    -9.45,
    -8.6625,
    -7.875,
    -7.0875,
    -6.3,
    2.3625,
    7.875,
    2.3625,
    -6.3,
    -7.0875
  ],
  "3_7": [
    -10.2375,
    -9.45,
    -8.6625,
    -7.875,
    -7.0875,
    -6.3,
    2.3625,
    7.875,
    2.3625,
    -6.3
  ],
  "3_8": [
    -11.025,
    -10.2375,
    -9.45,
    -8.6625,
    -7.875,
    -7.0875,
    -6.3,
    2.3625,
    7.875,
    2.3625
  ],
  "3_9": [
    -11.8125,
    -11.025,
    -10.2375,
    -9.45,
    -8.6625,
    -7.875,
    -7.0875,
    -6.3,
    2.3625,
    7.875
  ],
  "4_0": [
    7.875,
    2.3625,
    -6.3,
    -7.0875,
    -7.875,
    -8.6625,
    -9.45,
    -10.2375,
    -11.025,
    -11.8125
  ],
  "4_1": [
    2.3625,
    7.875,
    2.3625,
    -6.3,
    -7.0875,
    -7.875,
    -8.6625,
    -9.45,
    -10.2375,
    -11.025
  ],
  "4_2": [
    -6.3,
    2.3625,
    7.875,
    2.3625,
    -6.3,
    -7.0875,
    -7.875,
    -8.6625,
    -9.45,
    -10.2375
  ],
  "4_3": [
    -7.0875,
    -6.3,
    2.3625,
    7.875,
    2.3625,
    -6.3,
    -7.0875,
    -7.875,
    -8.6625,
    -9.45
  ],
  "4_4": [
    -7.875,
    -7.0875,
    -6.3,
    2.3625,
    7.875,
    2.3625,
    -6.3,
    -7.0875,
    -7.875,
    -8.6625
  ],
  "4_5": [
    -8.6625,
    -7.875,
    -7.0875,
    -6.3,
    2.3625,
    7.875,
    2.3625,
    -6.3,
    -7.0875,
    -7.875
  ],
  "4_6": [
    -9.45,
    -8.6625,
    -7.875,
    -7.0875,
    -6.3,
    2.3625,
    7.875,
    2.3625,
    -6.3,
    -7.0875
  ],
  "4_7": [
    -10.2375,
    -9.45,
    -8.6625,
    -7.875,
    -7.0875,
    -6.3,
    2.3625,
    7.875,
    2.3625,
    -6.3
  ],