{
  "0": [
    0.42375,
    0.340569,
    0.136884,
    -0.089283,
    -0.261458,
    -0.359702,
    -0.403191,
    -0.418383,
    -0.42261,
    -0.423554
  ],
  "1": [
    0.340569,
    0.42375,
    0.340569,
    0.136884,
    -0.089283,
    -0.261458,
    -0.359702,
    -0.403191,
    -0.418383,
    -0.42261
  ],
  "2": [
    0.136884,
    0.340569,
    0.42375,
    0.340569,
    0.136884,
    -0.089283,
    -0.261458,
    -0.359702,
    -0.403191,
    -0.418383
  ],
  "3": [
    -0.089283,
    0.136884,
    0.340569,
    0.42375,
    0.340569,
    0.136884,
    -0.089283,
    -0.261458,
    -0.359702,
    -0.403191
  ],
  "4": [
    -0.261458,
    -0.089283,
    0.136884,
    0.340569,
    0.42375,
    0.340569,
    0.136884,
    -0.089283,
    -0.261458,
    -0.359702
  ],
  "5": [
    -0.359702,
    -0.261458,
    -0.089283,
    0.136884,
    0.340569,
    0.42375,
    0.340569,
    0.136884,
    -0.089283,
    -0.261458
  ],
  "6": [
    -0.403191,
    -0.359702,
    -0.261458,
    -0.089283,
    0.136884,
    0.340569,
    0.42375,
    0.340569,
    0.136884,
    -0.089283
  ],
  "7": [
    -0.418383,
    -0.403191,
    -0.359702,
    -0.261458,
    -0.089283,
    0.136884,
    0.340569,
    0.42375,
    0.340569,
    0.136884
  ],
  "8": [
    -0.42261,
    -0.418383,
    -0.403191,
    -0.359702,
    -0.261458,
    -0.089283,
    0.136884,
    0.340569,
    0.42375,
    0.340569
  ],
  "9": [
    -0.423554,
    -0.42261,
    -0.418383,
    -0.403191,
    -0.359702,
    -0.261458,
    -0.089283,
    0.136884,
    0.340569,
    0.42375
  ],
  "0_0": [
    7.0625,
    2.11875,
    -5.65,
    -6.35625,
    -7.0625,
    -7.76875,
    -8.475,
    -9.18125,
    -9.8875,
    -10.59375
  ],
  "0_1": [
    2.11875,
    7.0625,
    2.11875,
    -5.65,
    -6.35625,
    -7.0625,
    -7.76875,
    -8.475,
    -9.18125,
    -9.8875
  ],
  "0_2": [
    -5.65,
    2.11875,
    7.0625,
    2.11875,
    -5.65,
    -6.35625,
    -7.0625,
    -7.76875,
    -8.475,
    -9.18125
  ],
  "0_3": [
    -6.35625,
    -5.65,
    2.11875,
    7.0625,
    2.11875,
    -5.65,
    -6.35625,
    -7.0625,
    -7.76875,
    -8.475
  ],
  "0_4": [
    -7.0625,
    -6.35625,
    -5.65,
    2.11875,
    7.0625,
    2.11875,
    -5.65,
    -6.35625,
    -7.0625,
    -7.76875
  ],
  "0_5": [
    -7.76875,
    -7.0625,
    -6.35625,
    -5.65,
    2.11875,
    7.0625,
    2.11875,
    -5.65,
    -6.35625,
    -7.0625
  ],
  "0_6": [
    -8.475,
    -7.76875,
    -7.0625,
    -6.35625,
    -5.65,
    2.11875,
    7.0625,
    2.11875,
    -5.65,
    -6.35625
  ],
  "0_7": [
    -9.18125,
    -8.475,
    -7.76875,
    -7.0625,
    -6.35625,
    -5.65,
    2.11875,
    7.0625,
    2.11875,
    -5.65
  ],
  "0_8": [
    -9.8875,
    -9.18125,
    -8.475,
    -7.76875,
    -7.0625,
    -6.35625,
    -5.65,
    2.11875,
    7.0625,
    2.11875
  ],
  "0_9": [
    -10.59375,
    -9.8875,
    -9.18125,
    -8.475,
    -7.76875,
    -7.0625,
    -6.35625,
    -5.65,
    2.11875,
    7.0625
  ],
  "1_0": [
    7.0625,
    2.11875,
    -5.65,
    -6.35625,
    -7.0625,
    -7.76875,
    -8.475,
    -9.18125,
    -9.8875,
    -10.59375
  ],
  "1_1": [
    2.11875,
    7.0625,
    2.11875,
    -5.65,
    -6.35625,
    -7.0625,
    -7.76875,
    -8.475,
    -9.18125,
    -9.8875
  ],
  "1_2": [
    -5.65,
    2.11875,
    7.0625,
    2.11875,
    -5.65,
    -6.35625,
    -7.0625,
    -7.76875,
    -8.475,
    -9.18125
  ],
  "1_3": [
    -6.35625,
    -5.65,
    2.11875,
    7.0625,
    2.11875,
    -5.65,
    -6.35625,
    -7.0625,
    -7.76875,
    -8.475
  ],
  "1_4": [
    -7.0625,
    -6.35625,
    -5.65,
    2.11875,
    7.0625,
    2.11875,
    -5.65,
    -6.35625,
    -7.0625,
    -7.76875
  ],
  "1_5": [
    -7.76875,
    -7.0625,
    -6.35625,
    -5.65,
    2.11875,
    7.0625,
    2.11875,
    -5.65,
    -6.35625,
    -7.0625
  ],
  "1_6": [
    -8.475,
    -7.76875,
    -7.0625,
    -6.35625,
    -5.65,
    2.11875,
    7.0625,
    2.11875,
    -5.65,
    -6.35625
  ],
  "1_7": [
    -9.18125,
    -8.475,
    -7.76875,
    -7.0625,
    -6.35625,
    -5.65,
    2.11875,
    7.0625,
    2.11875,
    -5.65
  ],
  "1_8": [
    -9.8875,
    -9.18125,
    -8.475,
    -7.76875,
    -7.0625,
    -6.35625,
    -5.65,
    2.11875,
    7.0625,
    2.11875
  ],
  "1_9": [
    -10.59375,
    -9.8875,
    -9.18125,
    -8.475,
    -7.76875,
    -7.0625,
    -6.35625,
    -5.65,
    2.11875,
    7.0625
  ],
  "2_0": [
    7.0625,
    2.11875,
    -5.65,
    -6.35625,
    -7.0625,
    -7.76875,
    -8.475,
    -9.18125,
    -9.8875,
    -10.59375
  ],
  "2_1": [
    2.11875,
    7.0625,
    2.11875,
    -5.65,
    -6.35625,
    -7.0625,
    -7.76875,
    -8.475,
    -9.18125,
    -9.8875
  ],
  "2_2": [
    -5.65,
    2.11875,
    7.0625,
    2.11875,
    -5.65,
    -6.35625,
    -7.0625,
    -7.76875,
    -8.475,
    -9.18125
  ],
  "2_3": [
    -6.35625,
    -5.65,
    2.11875,
    7.0625,
    2.11875,
    -5.65,
    -6.35625,
    -7.0625,
    -7.76875,
    -8.475
  ],
  "2_4": [
    -7.0625,
    -6.35625,
    -5.65,
    2.11875,
    7.0625,
    2.11875,
    -5.65,
    -6.35625,
    -7.0625,
    -7.76875
  ],
  "2_5": [
    -7.76875,
    -7.0625,
    -6.35625,
    -5.65,
    2.11875,
    7.0625,
    2.11875,
    -5.65,
    -6.35625,
    -7.0625
  ],
  "2_6": [
    -8.475,
    -7.76875,
    -7.0625,
    -6.35625,
    -5.65,
    2.11875,
    7.0625,
    2.11875,
    -5.65,
    -6.35625
  ],
  "2_7": [
    -9.18125,
    -8.475,
    -7.76875,
    -7.0625,
    -6.35625,
    -5.65,
    2.11875,
    7.0625,
    2.11875,
    -5.65
  ],
  "2_8": [
    -9.8875,
    -9.18125,
    -8.475,
    -7.76875,
    -7.0625,
    -6.35625,
    -5.65,
    2.11875,
    7.0625,
    2.11875
  ],
  "2_9": [
    -10.59375,
    -9.8875,
    -9.18125,
    -8.475,
    -7.76875,
    -7.0625,
    -6.35625,
    -5.65,
    2.11875,
    7.0625
  ],
  "3_0": [
    7.0625,
    2.11875,
    -5.65,
    -6.35625,
    -7.0625,
    -7.76875,
    -8.475,
    -9.18125,
    -9.8875,
    -10.59375
  ],
  "3_1": [
    2.11875,
    7.0625,
    2.11875,
    -5.65,
    -6.35625,
    -7.0625,
    -7.76875,
    -8.475,
    -9.18125,
    -9.8875
  ],
  "3_2": [
    -5.65,
    2.11875,
    7.0625,
    2.11875,
    -5.65,
    -6.35625,
    -7.0625,
    -7.76875,
    -8.475,
    -9.18125
  ],
  "3_3": [
    -6.35625,
    -5.65,
    2.11875,
    7.0625,
    2.11875,
    -5.65,
    -6.35625,
    -7.0625,
    -7.76875,
    -8.475
  ],
  "3_4": [
    -7.0625,
    -6.35625,
    -5.65,
    2.11875,
    7.0625,
    2.11875,
    -5.65,
    -6.35625,
    -7.0625,
    -7.76875
  ],
  "3_5": [
    -7.76875,
    -7.0625,
    -6.35625,
    -5.65,
    2.11875,
    7.0625,
    2.11875,
    -5.65,
    -6.35625,
    -7.0625
  ],
  "3_6": [
    -8.475,
    -7.76875,
    -7.0625,
    -6.35625,
    -5.65,
    2.11875,
    7.0625,
    2.11875,
    -5.65,
    -6.35625
  ],
  "3_7": [
    -9.18125,
    -8.475,
    -7.76875,
    -7.0625,
    -6.35625,
    -5.65,
    2.11875,
    7.0625,
    2.11875,
    -5.65
  ],
  "3_8": [
    -9.8875,
    -9.18125,
    -8.475,
    -7.76875,
    -7.0625,
    -6.35625,
    -5.65,
    2.11875,
    7.0625,
    2.11875
  ],
  "3_9": [
    -10.59375,
    -9.8875,
    -9.18125,
    -8.475,
    -7.76875,
    -7.0625,
    -6.35625,
    -5.65,
    2.11875,
    7.0625
  ],
  "4_0": [
    7.0625,
    2.11875,
    -5.65,
    -6.35625,
    -7.0625,
    -7.76875,
    -8.475,
    -9.18125,
    -9.8875,
    -10.59375
  ],
  "4_1": [
    2.11875,
    7.0625,
    2.11875,
    -5.65,
    -6.35625,
    -7.0625,
    -7.76875,
    -8.475,
    -9.18125,
    -9.8875
  ],
  "4_2": [
    -5.65,
    2.11875,
    7.0625,
    2.11875,
    -5.65,
    -6.35625,
    -7.0625,
    -7.76875,
    -8.475,
    -9.18125
  ],
  "4_3": [
    -6.35625,
    -5.65,
    2.11875,
    7.0625,
    2.11875,
    -5.65,
    -6.35625,
    -7.0625,
    -7.76875,
    -8.475
  ],