{
  "0": [
    0.40875,
    0.328514,
    0.132039,
    -0.086122,
    -0.252203,
    -0.346969,
    -0.388919,
    -0.403573,
    -0.40765,
    -0.408561
  ],
  "1": [
    0.328514,
    0.40875,
    0.328514,
    0.132039,
    -0.086122,
    -0.252203,
    -0.346969,
    -0.388919,
    -0.403573,
    -0.40765
  ],
  "2": [
    0.132039,
    0.328514,
    0.40875,
    0.328514,
    0.132039,
    -0.086122,
    -0.252203,
    -0.346969,
    -0.388919,
    -0.403573
  ],
  "3": [
    -0.086122,
    0.132039,
    0.328514,
    0.40875,
    0.328514,
    0.132039,
    -0.086122,
    -0.252203,
    -0.346969,
    -0.388919
  ],
  "4": [
    -0.252203,
    -0.086122,
    0.132039,
    0.328514,
    0.40875,
    0.328514,
    0.132039,
    -0.086122,
    -0.252203,
    -0.346969
  ],
  "5": [
    -0.346969,
    -0.252203,
    -0.086122,
    0.132039,
    0.328514,
    0.40875,
    0.328514,
    0.132039,
    -0.086122,
    -0.252203
  ],
  "6": [
    -0.388919,
    -0.346969,
    -0.252203,
    -0.086122,
    0.132039,
    0.328514,
    0.40875,
    0.328514,
    0.132039,
    -0.086122
  ],
  "7": [
    -0.403573,
    -0.388919,
    -0.346969,
    -0.252203,
    -0.086122,
    0.132039,
    0.328514,
    0.40875,
    0.328514,
    0.132039
  ],
  "8": [
    -0.40765,
    -0.403573,
    -0.388919,
    -0.346969,
    -0.252203,
    -0.086122,
    0.132039,
    0.328514,
    0.40875,
    0.328514
  ],
  "9": [
    -0.408561,
    -0.40765,
    -0.403573,
    -0.388919,
    -0.346969,
    -0.252203,
    -0.086122,
    0.132039,
    0.328514,
    0.40875
  ],
  "0_0": [
    6.8125,
    2.04375,
    -5.45,
    -6.13125,
    -6.8125,
    -7.49375,
    -8.175,
    -8.85625,
    -9.5375,
    -10.21875
  ],
  "0_1": [
    2.04375,
    6.8125,
    2.04375,
    -5.45,
    -6.13125,
    -6.8125,
    -7.49375,
    -8.175,
    -8.85625,
    -9.5375
  ],
  "0_2": [
    -5.45,
    2.04375,
    6.8125,
    2.04375,
    -5.45,
    -6.13125,
    -6.8125,
    -7.49375,
    -8.175,
    -8.85625
  ],
  "0_3": [
    -6.13125,
    -5.45,
    2.04375,
    6.8125,
    2.04375,
    -5.45,
    -6.13125,
    -6.8125,
    -7.49375,
    -8.175
  ],
  "0_4": [
    -6.8125,
    -6.13125,
    -5.45,
    2.04375,
    6.8125,
    2.04375,
    -5.45,
    -6.13125,
    -6.8125,
    -7.49375
  ],
  "0_5": [
    -7.49375,
    -6.8125,
    -6.13125,
    -5.45,
    2.04375,
    6.8125,
    2.04375,
    -5.45,
    -6.13125,
    -6.8125
  ],
  "0_6": [
    -8.175,
    -7.49375,
    -6.8125,
    -6.13125,
    -5.45,
    2.04375,
    6.8125,
    2.04375,
    -5.45,
    -6.13125
  ],
  "0_7": [
    -8.85625,
    -8.175,
    -7.49375,
    -6.8125,
    -6.13125,
    -5.45,
    2.04375,
    6.8125,
    2.04375,
    -5.45
  ],
  "0_8": [
    -9.5375,
    -8.85625,
    -8.175,
    -7.49375,
    -6.8125,
    -6.13125,
    -5.45,
    2.04375,
    6.8125,
    2.04375
  ],
  "0_9": [
    -10.21875,
    -9.5375,
    -8.85625,
    -8.175,
    -7.49375,
    -6.8125,
    -6.13125,
    -5.45,
    2.04375,
    6.8125
  ],
  "1_0": [
    6.8125,
    2.04375,
    -5.45,
    -6.13125,
    -6.8125,
    -7.49375,
    -8.175,
    -8.85625,
    -9.5375,
    -10.21875
  ],
  "1_1": [
    2.04375,
    6.8125,
    2.04375,
    -5.45,
    -6.13125,
    -6.8125,
    -7.49375,
    -8.175,
    -8.85625,
    -9.5375
  ],
  "1_2": [
    -5.45,
    2.04375,
    6.8125,
    2.04375,
    -5.45,
    -6.13125,
    -6.8125,
    -7.49375,
    -8.175,
    -8.85625
  ],
  "1_3": [
    -6.13125,
    -5.45,
    2.04375,
    6.8125,
    2.04375,
    -5.45,
    -6.13125,
    -6.8125,
    -7.49375,
    -8.175
  ],
  "1_4": [
    -6.8125,
    -6.13125,
    -5.45,
    2.04375,
    6.8125,
    2.04375,
    -5.45,
    -6.13125,
    -6.8125,
    -7.49375
  ],
  "1_5": [
    -7.49375,
    -6.8125,
    -6.13125,
    -5.45,
    2.04375,
    6.8125,
    2.04375,
    -5.45,
    -6.13125,
    -6.8125
  ],
  "1_6": [
    -8.175,
    -7.49375,
    -6.8125,
    -6.13125,
    -5.45,
    2.04375,
    6.8125,
    2.04375,
    -5.45,
    -6.13125
  ],
  "1_7": [
    -8.85625,
    -8.175,
    -7.49375,
    -6.8125,
    -6.13125,
    -5.45,
    2.04375,
    6.8125,
    2.04375,
    -5.45
  ],
  "1_8": [
    -9.5375,
    -8.85625,
    -8.175,
    -7.49375,
    -6.8125,
    -6.13125,
    -5.45,
    2.04375,
    6.8125,
    2.04375
  ],
  "1_9": [
    -10.21875,
    -9.5375,
    -8.85625,
    -8.175,
    -7.49375,
    -6.8125,
    -6.13125,
    -5.45,
    2.04375,
    6.8125
  ],
  "2_0": [
    6.8125,
    2.04375,
    -5.45,
    -6.13125,
    -6.8125,
    -7.49375,
    -8.175,
    -8.85625,
    -9.5375,
    -10.21875
  ],
  "2_1": [
    2.04375,
    6.8125,
    2.04375,
    -5.45,
    -6.13125,
    -6.8125,
    -7.49375,
    -8.175,
    -8.85625,
    -9.5375
  ],
  "2_2": [
    -5.45,
    2.04375,
    6.8125,
    2.04375,
    -5.45,
    -6.13125,
    -6.8125,
    -7.49375,
    -8.175,
    -8.85625
  ],
  "2_3": [
    -6.13125,
    -5.45,
    2.04375,
    6.8125,
    2.04375,
    -5.45,
    -6.13125,
    -6.8125,
    -7.49375,
    -8.175
  ],
  "2_4": [
    -6.8125,
    -6.13125,
    -5.45,
    2.04375,
    6.8125,
    2.04375,
    -5.45,
    -6.13125,
    -6.8125,
    -7.49375
  ],
  "2_5": [
    -7.49375,
    -6.8125,
    -6.13125,
    -5.45,
    2.04375,
    6.8125,
    2.04375,
    -5.45,
    -6.13125,
    -6.8125
  ],
  "2_6": [
    -8.175,
    -7.49375,
    -6.8125,
    -6.13125,
    -5.45,
    2.04375,
    6.8125,
    2.04375,
    -5.45,
    -6.13125
  ],
  "2_7": [
    -8.85625,
    -8.175,
    -7.49375,
    -6.8125,
    -6.13125,
    -5.45,
    2.04375,
    6.8125,
    2.04375,
    -5.45
  ],
  "2_8": [
    -9.5375,
    -8.85625,
    -8.175,
    -7.49375,
    -6.8125,
    -6.13125,
    -5.45,
    2.04375,
    6.8125,
    2.04375
  ],
  "2_9": [
    -10.21875,
    -9.5375,
    -8.85625,
    -8.175,
    -7.49375,
    -6.8125,
    -6.13125,
    -5.45,
    2.04375,
    6.8125
  ],
  "3_0": [
    6.8125,
    2.04375,
    -5.45,
    -6.13125,
    -6.8125,
    -7.49375,
    -8.175,
    -8.85625,
    -9.5375,
    -10.21875
  ],
  "3_1": [
    2.04375,
    6.8125,
    2.04375,
    -5.45,
    -6.13125,
    -6.8125,
    -7.49375,
    -8.175,
    -8.85625,
    -9.5375
  ],
  "3_2": [
    -5.45,
    2.04375,
    6.8125,
    2.04375,
    -5.45,
    -6.13125,
    -6.8125,
    -7.49375,
    -8.175,
    -8.85625
  ],
  "3_3": [
    -6.13125,
    -5.45,
    2.04375,
    6.8125,
    2.04375,
    -5.45,
    -6.13125,
    -6.8125,
    -7.49375,
    -8.175
  ],
  "3_4": [
    -6.8125,
    -6.13125,
    -5.45,
    2.04375,
    6.8125,
    2.04375,
    -5.45,
    -6.13125,
    -6.8125,
    -7.49375
  ],
  "3_5": [
    -7.49375,
    -6.8125,
    -6.13125,
    -5.45,
    2.04375,
    6.8125,
    2.04375,
    -5.45,
    -6.13125,
    -6.8125
  ],
  "3_6": [
    -8.175,
    -7.49375,
    -6.8125,
    -6.13125,
    -5.45,
    2.04375,
    6.8125,
    2.04375,
    -5.45,
    -6.13125
  ],
  "3_7": [
    -8.85625,
    -8.175,
    -7.49375,
    -6.8125,
    -6.13125,
    -5.45,
    2.04375,
    6.8125,
    2.04375,
    -5.45
  ],
  "3_8": [
    -9.5375,
    -8.85625,
    -8.175,
    -7.49375,
    -6.8125,
    -6.13125,
    -5.45,
    2.04375,
    6.8125,
    2.04375
  ],
  "3_9": [
    -10.21875,
    -9.5375,
    -8.85625,
    -8.175,
    -7.49375,
    -6.8125,
    -6.13125,
    -5.45,
    2.04375,
    6.8125
  ],
  "4_0": [
    6.8125,
    2.04375,
    -5.45,
    -6.13125,
    -6.8125,
    -7.49375,
    -8.175,
    -8.85625,
    -9.5375,
    -10.21875
  ],
  "4_1": [
    2.04375,
    6.8125,
    2.04375,
    -5.45,
    -6.13125,
    -6.8125,
    -7.49375,
    -8.175,
    -8.85625,
    -9.5375
  ],
  "4_2": [
    -5.45,
    2.04375,
    6.8125,
    2.04375,
    -5.45,
    -6.13125,
    -6.8125,
    -7.49375,
    -8.175,
    -8.85625
  ],
  "4_3": [
    -6.13125,
    -5.45,
    2.04375,
    6.8125,
    2.04375,
    -5.45,
    -6.13125,
    -6.8125,
    -7.49375,
    -8.175
  ],