{
  "0": [
    0.465,
    0.373722,
    0.150209,
    -0.097974,
    -0.28691,
    -0.394717,
    -0.44244,
    -0.45911,
    -0.463749,
    -0.464785
  ],
  "1": [
    0.373722,
    0.465,
    0.373722,
    0.150209,
    -0.097974,
    -0.28691,
    -0.394717,
    -0.44244,
    -0.45911,
    -0.463749
  ],
  "2": [
    0.150209,
    0.373722,
    0.465,
    0.373722,
    0.150209,
    -0.097974,
    -0.28691,
    -0.394717,
    -0.44244,
    -0.45911
  ],
  "3": [
    -0.097974,
    0.150209,
    0.373722,
    0.465,
    0.373722,
    0.150209,
    -0.097974,
    -0.28691,
    -0.394717,
    -0.44244
  ],
  "4": [
    -0.28691,
    -0.097974,
    0.150209,
    0.373722,
    0.465,
    0.373722,
    0.150209,
    -0.097974,
    -0.28691,
    -0.394717
  ],
  "5": [
    -0.394717,
    -0.28691,
    -0.097974,
    0.150209,
    0.373722,
    0.465,
    0.373722,
    0.150209,
    -0.097974,
    -0.28691
  ],
  "6": [
    -0.44244,
    -0.394717,
    -0.28691,
    -0.097974,
    0.150209,
    0.373722,
    0.465,
    0.373722,
    0.150209,
    -0.097974
  ],
  "7": [
    -0.45911,
    -0.44244,
    -0.394717,
    -0.28691,
    -0.097974,
    0.150209,
    0.373722,
    0.465,
    0.373722,
    0.150209
  ],
  "8": [
    -0.463749,
    -0.45911,
    -0.44244,
    -0.394717,
    -0.28691,
    -0.097974,
    0.150209,
    0.373722,
    0.465,
    0.373722
  ],
  "9": [
    -0.464785,
    -0.463749,
    -0.45911,
    -0.44244,
    -0.394717,
    -0.28691,
    -0.097974,
    0.150209,
    0.373722,
    0.465
  ],
  "0_0": [
    7.75,
    2.325,
    -6.2,
    -6.975,
    -7.75,
    -8.525,
    -9.3,
    -10.075,
    -10.85,
    -11.625
  ],
  "0_1": [
    2.325,
    7.75,
    2.325,
    -6.2,
    -6.975,
    -7.75,
    -8.525,
    -9.3,
    -10.075,
    -10.85
  ],
  "0_2": [
    -6.2,
    2.325,
    7.75,
    2.325,
    -6.2,
    -6.975,
    -7.75,
    -8.525,
    -9.3,
    -10.075
  ],
  "0_3": [
    -6.975,
    -6.2,
    2.325,
    7.75,
    2.325,
    -6.2,
    -6.975,
    -7.75,
    -8.525,
    -9.3
  ],
  "0_4": [
    -7.75,
    -6.975,
    -6.2,
    2.325,
    7.75,
    2.325,
    -6.2,
    -6.975,
    -7.75,
    -8.525
  ],
  "0_5": [
    -8.525,
    -7.75,
    -6.975,
    -6.2,
    2.325,
    7.75,
    2.325,
    -6.2,
    -6.975,
    -7.75
  ],
  "0_6": [
    -9.3,
    -8.525,
    -7.75,
    -6.975,
    -6.2,
    2.325,
    7.75,
    2.325,
    -6.2,
    -6.975
  ],
  "0_7": [
    -10.075,
    -9.3,
    -8.525,
    -7.75,
    -6.975,
    -6.2,
    2.325,
    7.75,
    2.325,
    -6.2
  ],
  "0_8": [
    -10.85,
    -10.075,
    -9.3,
    -8.525,
    -7.75,
    -6.975,
    -6.2,
    2.325,
    7.75,
    2.325
  ],
  "0_9": [
    -11.625,
    -10.85,
    -10.075,
    -9.3,
    -8.525,
    -7.75,
    -6.975,
    -6.2,
    2.325,
    7.75
  ],
  "1_0": [
    7.75,
    2.325,
    -6.2,
    -6.975,
    -7.75,
    -8.525,
    -9.3,
    -10.075,
    -10.85,
    -11.625
  ],
  "1_1": [
    2.325,
    7.75,
    2.325,
    -6.2,
    -6.975,
    -7.75,
    -8.525,
    -9.3,
    -10.075,
    -10.85
  ],
  "1_2": [
    -6.2,
    2.325,
    7.75,
    2.325,
    -6.2,
    -6.975,
    -7.75,
    -8.525,
    -9.3,
    -10.075
  ],
  "1_3": [
    -6.975,
    -6.2,
    2.325,
    7.75,
    2.325,
    -6.2,
    -6.975,
    -7.75,
    -8.525,
    -9.3
  ],
  "1_4": [
    -7.75,
    -6.975,
    -6.2,
    2.325,
    7.75,
    2.325,
    -6.2,
    -6.975,
    -7.75,
    -8.525
  ],
  "1_5": [
    -8.525,
    -7.75,
    -6.975,
    -6.2,
    2.325,
    7.75,
    2.325,
    -6.2,
    -6.975,
    -7.75
  ],
  "1_6": [
    -9.3,
    -8.525,
    -7.75,
    -6.975,
    -6.2,
    2.325,
    7.75,
    2.325,
    -6.2,
    -6.975
  ],
  "1_7": [
    -10.075,
    -9.3,
    -8.525,
    -7.75,
    -6.975,
    -6.2,
    2.325,
    7.75,
    2.325,
    -6.2
  ],
  "1_8": [
    -10.85,
    -10.075,
    -9.3,
    -8.525,
    -7.75,
    -6.975,
    -6.2,
    2.325,
    7.75,
    2.325
  ],
  "1_9": [
    -11.625,
    -10.85,
    -10.075,
    -9.3,
    -8.525,
    -7.75,
    -6.975,
    -6.2,
    2.325,
    7.75
  ],
  "2_0": [
    7.75,
    2.325,
    -6.2,
    -6.975,
    -7.75,
    -8.525,
    -9.3,
    -10.075,
    -10.85,
    -11.625
  ],
  "2_1": [
    2.325,
    7.75,
    2.325,
    -6.2,
    -6.975,
    -7.75,
    -8.525,
    -9.3,
    -10.075,
    -10.85
  ],
  "2_2": [
    -6.2,
    2.325,
    7.75,
    2.325,
    -6.2,
    -6.975,
    -7.75,
    -8.525,
    -9.3,
    -10.075
  ],
  "2_3": [
    -6.975,
    -6.2,
    2.325,
    7.75,
    2.325,
    -6.2,
    -6.975,
    -7.75,
    -8.525,
    -9.3
  ],
  "2_4": [
    -7.75,
    -6.975,
    -6.2,
    2.325,
    7.75,
    2.325,
    -6.2,
    -6.975,
    -7.75,
    -8.525
  ],
  "2_5": [
    -8.525,
    -7.75,
    -6.975,
    -6.2,
    2.325,
    7.75,
    2.325,
    -6.2,
    -6.975,
    -7.75
  ],
  "2_6": [
    -9.3,
    -8.525,
    -7.75,
    -6.975,
    -6.2,
    2.325,
    7.75,
    2.325,
    -6.2,
    -6.975
  ],
  "2_7": [
    -10.075,
    -9.3,
    -8.525,
    -7.75,
    -6.975,
    -6.2,
    2.325,
    7.75,
    2.325,
    -6.2
  ],
  "2_8": [
    -10.85,
    -10.075,
    -9.3,
    -8.525,
    -7.75,
    -6.975,
    -6.2,
    2.325,
    7.75,
    2.325
  ],
  "2_9": [
    -11.625,
    -10.85,
    -10.075,
    -9.3,
    -8.525,
    -7.75,
    -6.975,
    -6.2,
    2.325,
    7.75
  ],
  "3_0": [
    7.75,
    2.325,
    -6.2,
    -6.975,
    -7.75,
    -8.525,
    -9.3,
    -10.075,
    -10.85,
    -11.625
  ],
  "3_1": [
    2.325,
    7.75,
    2.325,
    -6.2,
    -6.975,
    -7.75,
    -8.525,
    -9.3,
    -10.075,
    -10.85
  ],
  "3_2": [
    -6.2,
    2.325,
    7.75,
    2.325,
    -6.2,
    -6.975,
    -7.75,
    -8.525,
    -9.3,
    -10.075
  ],
  "3_3": [
    -6.975,
    -6.2,
    2.325,
    7.75,
    2.325,
    -6.2,
    -6.975,
    -7.75,
    -8.525,
    -9.3
  ],
  "3_4": [
    -7.75,
    -6.975,
    -6.2,
    2.325,
    7.75,
    2.325,
    -6.2,
    -6.975,
    -7.75,
    -8.525
  ],
  "3_5": [
    -8.525,
    -7.75,
    -6.975,
    -6.2,
    2.325,
    7.75,
    2.325,
    -6.2,
    -6.975,
    -7.75
  ],
  "3_6": [
    -9.3,
    -8.525,
    -7.75,
    -6.975,
    -6.2,
    2.325,
    7.75,
    2.325,
    -6.2,
    -6.975
  ],
  "3_7": [
    -10.075,
    -9.3,
    -8.525,
    -7.75,
    -6.975,
    -6.2,
    2.325,
    7.75,
    2.325,
    -6.2
  ],
  "3_8": [
    -10.85,
    -10.075,
    -9.3,
    -8.525,
    -7.75,
    -6.975,
    -6.2,
    2.325,
    7.75,
    2.325
  ],
  "3_9": [
    -11.625,
    -10.85,
    -10.075,
    -9.3,
    -8.525,
    -7.75,
    -6.975,
    -6.2,
    2.325,
    7.75
  ],
  "4_0": [
    7.75,
    2.325,
    -6.2,
    -6.975,
    -7.75,
    -8.525,
    -9.3,
    -10.075,
    -10.85,
    -11.625
  ],
  "4_1": [
    2.325,
    7.75,
    2.325,
    -6.2,
    -6.975,
    -7.75,
    -8.525,
    -9.3,
    -10.075,
    -10.85
  ],
  "4_2": [
    -6.2,
    2.325,
    7.75,
    2.325,
    -6.2,
    -6.975,
    -7.75,
    -8.525,
    -9.3,
    -10.075
  ],
  "4_3": [
    -6.975,
    -6.2,
    2.325,
    7.75,
    2.325,
    -6.2,
    -6.975,
    -7.75,
    -8.525,
    -9.3
  ],
  "4_4": [
    -7.75,
    -6.975,
    -6.2,
    2.325,
    7.75,
    2.325,
    -6.2,
    -6.975,
    -7.75,
    -8.525
  ],
  "4_5": [
    -8.525,
    -7.75,
    -6.975,
    -6.2,
    2.325,
    7.75,
    2.325,
    -6.2,
    -6.975,
    -7.75
  ],
  "4_6": [
    -9.3,
    -8.525,
    -7.75,
    -6.975,
    -6.2,
    2.325,
    7.75,
    2.325,
    -6.2,
    -6.975
  ],
  "4_7": [
    -10.075,
    -9.3,
    -8.525,
    -7.75,
    -6.975,
    -6.2,
    2.325,
    7.75,
    2.325,
    -6.2
  ],
  "4_8": [
    -10.85,
    -10.075,
    -9.3,
    -8.525,
    -7.75,
    -6.975,
    -6.2,
    2.325,
    7.75,
    2.325
  ],
  "4_9": [
    -11.625,
    -10.85,
    -10.075,
    -9.3,
    -8.525,
    -7.75,
    -6.975,
    -6.2,
    2.325,
    7.75
  ],
  "5_0": [
    7.75,
    2.325,
    -6.2,
    -6.975,
    -7.75,
    -8.525,
    -9.3,
    -10.075,
    -10.85,
    -11.625
  ],