{
  "0": [
    0.32625,
    0.262208,
    0.105389,
    -0.06874,
    -0.2013,
    -0.276938,
    -0.310421,
    -0.322118,
    -0.325372,
    -0.326099
  ],
  "1": [
    0.262208,
    0.32625,
    0.262208,
    0.105389,
    -0.06874,
    -0.2013,
    -0.276938,
    -0.310421,
    -0.322118,
    -0.325372
  ],
  "2": [
    0.105389,
    0.262208,
    0.32625,
    0.262208,
    0.105389,
    -0.06874,
    -0.2013,
    -0.276938,
    -0.310421,
    -0.322118
  ],
  "3": [
    -0.06874,
    0.105389,
    0.262208,
    0.32625,
    0.262208,
    0.105389,
    -0.06874,
    -0.2013,
    -0.276938,
    -0.310421
  ],
  "4": [
    -0.2013,
    -0.06874,
    0.105389,
    0.262208,
    0.32625,
    0.262208,
    0.105389,
    -0.06874,
    -0.2013,
    -0.276938
  ],
  "5": [
    -0.276938,
    -0.2013,
    -0.06874,
    0.105389,
    0.262208,
    0.32625,
    0.262208,
    0.105389,
    -0.06874,
    -0.2013
  ],
  "6": [
    -0.310421,
    -0.276938,
    -0.2013,
    -0.06874,
    0.105389,
    0.262208,
    0.32625,
    0.262208,
    0.105389,
    -0.06874
  ],
  "7": [
    -0.322118,
    -0.310421,
    -0.276938,
    -0.2013,
    -0.06874,
    0.105389,
    0.262208,
    0.32625,
    0.262208,
    0.105389
  ],
  "8": [
    -0.325372,
    -0.322118,
    -0.310421,
    -0.276938,
    -0.2013,
    -0.06874,
    0.105389,
    0.262208,
    0.32625,
    0.262208
  ],
  "9": [
    -0.326099,
    -0.325372,
    -0.322118,
    -0.310421,
    -0.276938,
    -0.2013,
    -0.06874,
    0.105389,
    0.262208,
    0.32625
  ],
  "0_0": [
    5.4375,
    1.63125,
    -4.35,
    -4.89375,
    -5.4375,
    -5.98125,
    -6.525,
    -7.06875,
    -7.6125,
    -8.15625
  ],
  "0_1": [
    1.63125,
    5.4375,
    1.63125,
    -4.35,
    -4.89375,
    -5.4375,
    -5.98125,
    -6.525,
    -7.06875,
    -7.6125
  ],
  "0_2": [
    -4.35,
    1.63125,
    5.4375,
    1.63125,
    -4.35,
    -4.89375,
    -5.4375,
    -5.98125,
    -6.525,
    -7.06875
  ],
  "0_3": [
    -4.89375,
    -4.35,
    1.63125,
    5.4375,
    1.63125,
    -4.35,
    -4.89375,
    -5.4375,
    -5.98125,
    -6.525
  ],
  "0_4": [
    -5.4375,
    -4.89375,
    -4.35,
    1.63125,
    5.4375,
    1.63125,
    -4.35,
    -4.89375,
    -5.4375,
    -5.98125
  ],
  "0_5": [
    -5.98125,
    -5.4375,
    -4.89375,
    -4.35,
    1.63125,
    5.4375,
    1.63125,
    -4.35,
    -4.89375,
    -5.4375
  ],
  "0_6": [
    -6.525,
    -5.98125,
    -5.4375,
    -4.89375,
    -4.35,
    1.63125,
    5.4375,
    1.63125,
    -4.35,
    -4.89375
  ],
  "0_7": [
    -7.06875,
    -6.525,
    -5.98125,
    -5.4375,
    -4.89375,
    -4.35,
    1.63125,
    5.4375,
    1.63125,
    -4.35
  ],
  "0_8": [
    -7.6125,
    -7.06875,
    -6.525,
    -5.98125,
    -5.4375,
    -4.89375,
    -4.35,
    1.63125,
    5.4375,
    1.63125
  ],
  "0_9": [
    -8.15625,
    -7.6125,
    -7.06875,
    -6.525,
    -5.98125,
    -5.4375,
    -4.89375,
    -4.35,
    1.63125,
    5.4375
  ],
  "1_0": [
    5.4375,
    1.63125,
    -4.35,
    -4.89375,
    -5.4375,
    -5.98125,
    -6.525,
    -7.06875,
    -7.6125,
    -8.15625
  ],
  "1_1": [
    1.63125,
    5.4375,
    1.63125,
    -4.35,
    -4.89375,
    -5.4375,
    -5.98125,
    -6.525,
    -7.06875,
    -7.6125
  ],
  "1_2": [
    -4.35,
    1.63125,
    5.4375,
    1.63125,
    -4.35,
    -4.89375,
    -5.4375,
    -5.98125,
    -6.525,
    -7.06875
  ],
  "1_3": [
    -4.89375,
    -4.35,
    1.63125,
    5.4375,
    1.63125,
    -4.35,
    -4.89375,
    -5.4375,
    -5.98125,
    -6.525
  ],
  "1_4": [
    -5.4375,
    -4.89375,
    -4.35,
    1.63125,
    5.4375,
    1.63125,
    -4.35,
    -4.89375,
    -5.4375,
    -5.98125
  ],
  "1_5": [
    -5.98125,
    -5.4375,
    -4.89375,
    -4.35,
    1.63125,
    5.4375,
    1.63125,
    -4.35,
    -4.89375,
    -5.4375
  ],
  "1_6": [
    -6.525,
    -5.98125,
    -5.4375,
    -4.89375,
    -4.35,
    1.63125,
    5.4375,
    1.63125,
    -4.35,
    -4.89375
  ],
  "1_7": [
    -7.06875,
    -6.525,
    -5.98125,
    -5.4375,
    -4.89375,
    -4.35,
    1.63125,
    5.4375,
    1.63125,
    -4.35
  ],
  "1_8": [
    -7.6125,
    -7.06875,
    -6.525,
    -5.98125,
    -5.4375,
    -4.89375,
    -4.35,
    1.63125,
    5.4375,
    1.63125
  ],
  "1_9": [
    -8.15625,
    -7.6125,
    -7.06875,
    -6.525,
    -5.98125,
    -5.4375,
    -4.89375,
    -4.35,
    1.63125,
    5.4375
  ],
  "2_0": [
    5.4375,
    1.63125,
    -4.35,
    -4.89375,
    -5.4375,
    -5.98125,
    -6.525,
    -7.06875,
    -7.6125,
    -8.15625
  ],
  "2_1": [
    1.63125,
    5.4375,
    1.63125,
    -4.35,
    -4.89375,
    -5.4375,
    -5.98125,
    -6.525,
    -7.06875,
    -7.6125
  ],
  "2_2": [
    -4.35,
    1.63125,
    5.4375,
    1.63125,
    -4.35,
    -4.89375,
    -5.4375,
    -5.98125,
    -6.525,
    -7.06875
  ],
  "2_3": [
    -4.89375,
    -4.35,
    1.63125,
    5.4375,
    1.63125,
    -4.35,
    -4.89375,
    -5.4375,
    -5.98125,
    -6.525
  ],
  "2_4": [
    -5.4375,
    -4.89375,
    -4.35,
    1.63125,
    5.4375,
    1.63125,
    -4.35,
    -4.89375,
    -5.4375,
    -5.98125
  ],
  "2_5": [
    -5.98125,
    -5.4375,
    -4.89375,
    -4.35,
    1.63125,
    5.4375,
    1.63125,
    -4.35,
    -4.89375,
    -5.4375
  ],
  "2_6": [
    -6.525,
    -5.98125,
    -5.4375,
    -4.89375,
    -4.35,
    1.63125,
    5.4375,
    1.63125,
    -4.35,
    -4.89375
  ],
  "2_7": [
    -7.06875,
    -6.525,
    -5.98125,
    -5.4375,
    -4.89375,
    -4.35,
    1.63125,
    5.4375,
    1.63125,
    -4.35
  ],
  "2_8": [
    -7.6125,
    -7.06875,
    -6.525,
    -5.98125,
    -5.4375,
    -4.89375,
    -4.35,
    1.63125,
    5.4375,
    1.63125
  ],
  "2_9": [
    -8.15625,
    -7.6125,
    -7.06875,
    -6.525,
    -5.98125,
    -5.4375,
    -4.89375,
    -4.35,
    1.63125,
    5.4375
  ],
  "3_0": [
    5.4375,
    1.63125,
    -4.35,
    -4.89375,
    -5.4375,
    -5.98125,
    -6.525,
    -7.06875,
    -7.6125,
    -8.15625
  ],
  "3_1": [
    1.63125,
    5.4375,
    1.63125,
    -4.35,
    -4.89375,
    -5.4375,
    -5.98125,
    -6.525,
    -7.06875,
    -7.6125
  ],
  "3_2": [
    -4.35,
    1.63125,
    5.4375,
    1.63125,
    -4.35,
    -4.89375,
    -5.4375,
    -5.98125,
    -6.525,
    -7.06875
  ],
  "3_3": [
    -4.89375,
    -4.35,
    1.63125,
    5.4375,
    1.63125,
    -4.35,
    -4.89375,
    -5.4375,
    -5.98125,
    -6.525
  ],
  "3_4": [
    -5.4375,
    -4.89375,
    -4.35,
    1.63125,
    5.4375,
    1.63125,
    -4.35,
    -4.89375,
    -5.4375,
    -5.98125
  ],
  "3_5": [
    -5.98125,
    -5.4375,
    -4.89375,
    -4.35,
    1.63125,
    5.4375,
    1.63125,
    -4.35,
    -4.89375,
    -5.4375
  ],
  "3_6": [
    -6.525,
    -5.98125,
    -5.4375,
    -4.89375,
    -4.35,
    1.63125,
    5.4375,
    1.63125,
    -4.35,
    -4.89375
  ],
  "3_7": [
    -7.06875,
    -6.525,
    -5.98125,
    -5.4375,
    -4.89375,
    -4.35,
    1.63125,
    5.4375,
    1.63125,
    -4.35
  ],
  "3_8": [
    -7.6125,
    -7.06875,
    -6.525,
    -5.98125,
    -5.4375,
    -4.89375,
    -4.35,
    1.63125,
    5.4375,
    1.63125
  ],
  "3_9": [
    -8.15625,
    -7.6125,
    -7.06875,
    -6.525,
    -5.98125,
    -5.4375,
    -4.89375,
    -4.35,
    1.63125,
    5.4375
  ],
  "4_0": [
    5.4375,
    1.63125,
    -4.35,
    -4.89375,
    -5.4375,
    -5.98125,
    -6.525,
    -7.06875,
    -7.6125,
    -8.15625
  ],
  "4_1": [
    1.63125,
    5.4375,
    1.63125,
    -4.35,
    -4.89375,
    -5.4375,
    -5.98125,
    -6.525,
    -7.06875,
    -7.6125
  ],
  "4_2": [
    -4.35,
    1.63125,
    5.4375,
    1.63125,
    -4.35,
    -4.89375,
    -5.4375,
    -5.98125,
    -6.525,
    -7.06875
  ],
  "4_3": [
    -4.89375,
    -4.35,
    1.63125,
    5.4375,
    1.63125,
    -4.35,
    -4.89375,
    -5.4375,
    -5.98125,
    -6.525
  ],
  "4_4": [
    -5.4375,
    -4.89375,
    -4.35,
    1.63125,
    5.4375,
    1.63125,
    -4.35,
    -4.89375,
    -5.4375,
    -5.98125
  ],