{
  "0": [
    0.51375,
    0.412903,
    0.165957,
    -0.108245,
    -0.316989,
    -0.436098,
    -0.488825,
    -0.507243,
    -0.512368,
    -0.513512
  ],
  "1": [
    0.412903,
    0.51375,
    0.412903,
    0.165957,
    -0.108245,
    -0.316989,
    -0.436098,
    -0.488825,
    -0.507243,
    -0.512368
  ],
  "2": [
    0.165957,
    0.412903,
    0.51375,
    0.412903,
    0.165957,
    -0.108245,
    -0.316989,
    -0.436098,
    -0.488825,
    -0.507243
  ],
  "3": [
    -0.108245,
    0.165957,
    0.412903,
    0.51375,
    0.412903,
    0.165957,
    -0.108245,
    -0.316989,
    -0.436098,
    -0.488825
  ],
  "4": [
    -0.316989,
    -0.108245,
    0.165957,
    0.412903,
    0.51375,
    0.412903,
    0.165957,
    -0.108245,
    -0.316989,
    -0.436098
  ],
  "5": [
    -0.436098,
    -0.316989,
    -0.108245,
    0.165957,
    0.412903,
    0.51375,
    0.412903,
    0.165957,
    -0.108245,
    -0.316989
  ],
  "6": [
    -0.488825,
    -0.436098,
    -0.316989,
    -0.108245,
    0.165957,
    0.412903,
    0.51375,
    0.412903,
    0.165957,
    -0.108245
  ],
  "7": [
    -0.507243,
    -0.488825,
    -0.436098,
    -0.316989,
    -0.108245,
    0.165957,
    0.412903,
    0.51375,
    0.412903,
    0.165957
  ],
  "8": [
    -0.512368,
    -0.507243,
    -0.488825,
    -0.436098,
    -0.316989,
    -0.108245,
    0.165957,
    0.412903,
    0.51375,
    0.412903
  ],
  "9": [
    -0.513512,
    -0.512368,
    -0.507243,
    -0.488825,
    -0.436098,
    -0.316989,
    -0.108245,
    0.165957,
    0.412903,
    0.51375
  ],
  "0_0": [
    8.5625,
    2.56875,
    -6.85,
    -7.70625,
    -8.5625,
    -9.41875,
    -10.275,
    -11.13125,
    -11.9875,
    -12.84375
  ],
  "0_1": [
    2.56875,
    8.5625,
    2.56875,
    -6.85,
    -7.70625,
    -8.5625,
    -9.41875,
    -10.275,
    -11.13125,
    -11.9875
  ],
  "0_2": [
    -6.85,
    2.56875,
    8.5625,
    2.56875,
    -6.85,
    -7.70625,
    -8.5625,
    -9.41875,
    -10.275,
    -11.13125
  ],
  "0_3": [
    -7.70625,
    -6.85,
    2.56875,
    8.5625,
    2.56875,
    -6.85,
    -7.70625,
    -8.5625,
    -9.41875,
    -10.275
  ],
  "0_4": [
    -8.5625,
    -7.70625,
    -6.85,
    2.56875,
    8.5625,
    2.56875,
    -6.85,
    -7.70625,
    -8.5625,
    -9.41875
  ],
  "0_5": [
    -9.41875,
    -8.5625,
    -7.70625,
    -6.85,
    2.56875,
    8.5625,
    2.56875,
    -6.85,
    -7.70625,
    -8.5625
  ],
  "0_6": [
    -10.275,
    -9.41875,
    -8.5625,
    -7.70625,
    -6.85,
    2.56875,
    8.5625,
    2.56875,
    -6.85,
    -7.70625
  ],
  "0_7": [
    -11.13125,
    -10.275,
    -9.41875,
    -8.5625,
    -7.70625,
    -6.85,
    2.56875,
    8.5625,
    2.56875,
    -6.85
  ],
  "0_8": [
    -11.9875,
    -11.13125,
    -10.275,
    -9.41875,
    -8.5625,
    -7.70625,
    -6.85,
    2.56875,
    8.5625,
    2.56875
  ],
  "0_9": [
    -12.84375,
    -11.9875,
    -11.13125,
    -10.275,
    -9.41875,
    -8.5625,
    -7.70625,
    -6.85,
    2.56875,
    8.5625
  ],
  "1_0": [
    8.5625,
    2.56875,
    -6.85,
    -7.70625,
    -8.5625,
    -9.41875,
    -10.275,
    -11.13125,
    -11.9875,
    -12.84375
  ],
  "1_1": [
    2.56875,
    8.5625,
    2.56875,
    -6.85,
    -7.70625,
    -8.5625,
    -9.41875,
    -10.275,
    -11.13125,
    -11.9875
  ],
  "1_2": [
    -6.85,
    2.56875,
    8.5625,
    2.56875,
    -6.85,
    -7.70625,
    -8.5625,
    -9.41875,
    -10.275,
    -11.13125
  ],
  "1_3": [
    -7.70625,
    -6.85,
    2.56875,
    8.5625,
    2.56875,
    -6.85,
    -7.70625,
    -8.5625,
    -9.41875,
    -10.275
  ],
  "1_4": [
    -8.5625,
    -7.70625,
    -6.85,
    2.56875,
    8.5625,
    2.56875,
    -6.85,
    -7.70625,
    -8.5625,
    -9.41875
  ],
  "1_5": [
    -9.41875,
    -8.5625,
    -7.70625,
    -6.85,
    2.56875,
    8.5625,
    2.56875,
    -6.85,
    -7.70625,
    -8.5625
  ],
  "1_6": [
    -10.275,
    -9.41875,
    -8.5625,
    -7.70625,
    -6.85,
    2.56875,
    8.5625,
    2.56875,
    -6.85,
    -7.70625
  ],
  "1_7": [
    -11.13125,
    -10.275,
    -9.41875,
    -8.5625,
    -7.70625,
    -6.85,
    2.56875,
    8.5625,
    2.56875,
    -6.85
  ],
  "1_8": [
    -11.9875,
    -11.13125,
    -10.275,
    -9.41875,
    -8.5625,
    -7.70625,
    -6.85,
    2.56875,
    8.5625,
    2.56875
  ],
  "1_9": [
    -12.84375,
    -11.9875,
    -11.13125,
    -10.275,
    -9.41875,
    -8.5625,
    -7.70625,
    -6.85,
    2.56875,
    8.5625
  ],
  "2_0": [
    8.5625,
    2.56875,
    -6.85,
    -7.70625,
    -8.5625,
    -9.41875,
    -10.275,
    -11.13125,
    -11.9875,
    -12.84375
  ],
  "2_1": [
    2.56875,
    8.5625,
    2.56875,
    -6.85,
    -7.70625,
    -8.5625,
    -9.41875,
    -10.275,
    -11.13125,
    -11.9875
  ],
  "2_2": [
    -6.85,
    2.56875,
    8.5625,
    2.56875,
    -6.85,
    -7.70625,
    -8.5625,
    -9.41875,
    -10.275,
    -11.13125
  ],
  "2_3": [
    -7.70625,
    -6.85,
    2.56875,
    8.5625,
    2.56875,
    -6.85,
    -7.70625,
    -8.5625,
    -9.41875,
    -10.275
  ],
  "2_4": [
    -8.5625,
    -7.70625,
    -6.85,
    2.56875,
    8.5625,
    2.56875,
    -6.85,
    -7.70625,
    -8.5625,
    -9.41875
  ],
  "2_5": [
    -9.41875,
    -8.5625,
    -7.70625,
    -6.85,
    2.56875,
    8.5625,
    2.56875,
    -6.85,
    -7.70625,
    -8.5625
  ],
  "2_6": [
    -10.275,
    -9.41875,
    -8.5625,
    -7.70625,
    -6.85,
    2.56875,
    8.5625,
    2.56875,
    -6.85,
    -7.70625
  ],
  "2_7": [
    -11.13125,
    -10.275,
    -9.41875,
    -8.5625,
    -7.70625,
    -6.85,
    2.56875,
    8.5625,
    2.56875,
    -6.85
  ],
  "2_8": [
    -11.9875,
    -11.13125,
    -10.275,
    -9.41875,
    -8.5625,
    -7.70625,
    -6.85,
    2.56875,
    8.5625,
    2.56875
  ],
  "2_9": [
    -12.84375,
    -11.9875,
    -11.13125,
    -10.275,
    -9.41875,
    -8.5625,
    -7.70625,
    -6.85,
    2.56875,
    8.5625
  ],
  "3_0": [
    8.5625,
    2.56875,
    -6.85,
    -7.70625,
    -8.5625,
    -9.41875,
    -10.275,
    -11.13125,
    -11.9875,
    -12.84375
  ],
  "3_1": [
    2.56875,
    8.5625,
    2.56875,
    -6.85,
    -7.70625,
    -8.5625,
    -9.41875,
    -10.275,
    -11.13125,
    -11.9875
  ],
  "3_2": [
    -6.85,
    2.56875,
    8.5625,
    2.56875,
    -6.85,
    -7.70625,
    -8.5625,
    -9.41875,
    -10.275,
    -11.13125
  ],
  "3_3": [
    -7.70625,
    -6.85,
    2.56875,
    8.5625,
    2.56875,
    -6.85,
    -7.70625,
    -8.5625,
    -9.41875,
    -10.275
  ],
  "3_4": [
    -8.5625,
    -7.70625,
    -6.85,
    2.56875,
    8.5625,
    2.56875,
    -6.85,
    -7.70625,
    -8.5625,
    -9.41875
  ],
  "3_5": [
    -9.41875,
    -8.5625,
    -7.70625,
    -6.85,
    2.56875,
    8.5625,
    2.56875,
    -6.85,
    -7.70625,
    -8.5625
  ],
  "3_6": [
    -10.275,
    -9.41875,
    -8.5625,
    -7.70625,
    -6.85,
    2.56875,
    8.5625,
    2.56875,
    -6.85,
    -7.70625
  ],
  "3_7": [
    -11.13125,
    -10.275,
    -9.41875,
    -8.5625,
    -7.70625,
    -6.85,
    2.56875,
    8.5625,
    2.56875,
    -6.85
  ],
  "3_8": [
    -11.9875,
    -11.13125,
    -10.275,
    -9.41875,
    -8.5625,
    -7.70625,
    -6.85,
    2.56875,
    8.5625,
    2.56875
  ],
  "3_9": [
    -12.84375,
    -11.9875,
    -11.13125,
    -10.275,
    -9.41875,
    -8.5625,
    -7.70625,
    -6.85,
    2.56875,
    8.5625
  ],
  "4_0": [
    8.5625,
    2.56875,
    -6.85,
    -7.70625,
    -8.5625,
    -9.41875,
    -10.275,
    -11.13125,
    -11.9875,
    -12.84375
  ],
  "4_1": [
    2.56875,
    8.5625,
    2.56875,
    -6.85,
    -7.70625,
    -8.5625,
    -9.41875,
    -10.275,
    -11.13125,
    -11.9875
  ],
  "4_2": [
    -6.85,
    2.56875,
    8.5625,
    2.56875,
    -6.85,
    -7.70625,
    -8.5625,
    -9.41875,
    -10.275,
    -11.13125
  ],
  "4_3": [
    -7.70625,
    -6.85,
    2.56875,
    8.5625,
    2.56875,
    -6.85,
    -7.70625,
    -8.5625,
    -9.41875,
    -10.275
  ],