{
  "0": [
    0.42,
    0.337555,
    0.135673,
    -0.088493,
    -0.259144,
    -0.356518,
    -0.399623,
    -0.41468,
    -0.41887,
    -0.419805
  ],
  "1": [
    0.337555,
    0.42,
    0.337555,
    0.135673,
    -0.088493,
    -0.259144,
    -0.356518,
    -0.399623,
    -0.41468,
    -0.41887
  ],
  "2": [
    0.135673,
    0.337555,
    0.42,
    0.337555,
    0.135673,
    -0.088493,
    -0.259144,
    -0.356518,
    -0.399623,
    -0.41468
  ],
  "3": [
    -0.088493,
    0.135673,
    0.337555,
    0.42,
    0.337555,
    0.135673,
    -0.088493,
    -0.259144,
    -0.356518,
    -0.399623
  ],
  "4": [
    -0.259144,
    -0.088493,
    0.135673,
    0.337555,
    0.42,
    0.337555,
    0.135673,
    -0.088493,
    -0.259144,
    -0.356518
  ],
  "5": [
    -0.356518,
    -0.259144,
    -0.088493,
    0.135673,
    0.337555,
    0.42,
    0.337555,
    0.135673,
    -0.088493,
    -0.259144
  ],
  "6": [
    -0.399623,
    -0.356518,
    -0.259144,
    -0.088493,
    0.135673,
    0.337555,
    0.42,
    0.337555,
    0.135673,
    -0.088493
  ],
  "7": [
    -0.41468,
    -0.399623,
    -0.356518,
    -0.259144,
    -0.088493,
    0.135673,
    0.337555,
    0.42,
    0.337555,
    0.135673
  ],
  "8": [
    -0.41887,
    -0.41468,
    -0.399623,
    -0.356518,
    -0.259144,
    -0.088493,
    0.135673,
    0.337555,
    0.42,
    0.337555
  ],
  "9": [
    -0.419805,
    -0.41887,
    -0.41468,
    -0.399623,
    -0.356518,
    -0.259144,
    -0.088493,
    0.135673,
    0.337555,
    0.42
  ],
  "0_0": [
    7,
    2.1,
    -5.6,
    -6.3,
    -7,
    -7.7,
    -8.4,
    -9.1,
    -9.8,
    -10.5
  ],
  "0_1": [
    2.1,
    7,
    2.1,
    -5.6,
    -6.3,
    -7,
    -7.7,
    -8.4,
    -9.1,
    -9.8
  ],
  "0_2": [
    -5.6,
    2.1,
    7,
    2.1,
    -5.6,
    -6.3,
    -7,
    -7.7,
    -8.4,
    -9.1
  ],
  "0_3": [
    -6.3,
    -5.6,
    2.1,
    7,
    2.1,
    -5.6,
    -6.3,
    -7,
    -7.7,
    -8.4
  ],
  "0_4": [
    -7,
    -6.3,
    -5.6,
    2.1,
    7,
    2.1,
    -5.6,
    -6.3,
    -7,
    -7.7
  ],
  "0_5": [
    -7.7,
    -7,
    -6.3,
    -5.6,
    2.1,
    7,
    2.1,
    -5.6,
    -6.3,
    -7
  ],
  "0_6": [
    -8.4,
    -7.7,
    -7,
    -6.3,
    -5.6,
    2.1,
    7,
    2.1,
    -5.6,
    -6.3
  ],
  "0_7": [
    -9.1,
    -8.4,
    -7.7,
    -7,
    -6.3,
    -5.6,
    2.1,
    7,
    2.1,
    -5.6
  ],
  "0_8": [
    -9.8,
    -9.1,
    -8.4,
    -7.7,
    -7,
    -6.3,
    -5.6,
    2.1,
    7,
    2.1
  ],
  "0_9": [
    -10.5,
    -9.8,
    -9.1,
    -8.4,
    -7.7,
    -7,
    -6.3,
    -5.6,
    2.1,
    7
  ],
  "1_0": [
    7,
    2.1,
    -5.6,
    -6.3,
    -7,
    -7.7,
    -8.4,
    -9.1,
    -9.8,
    -10.5
  ],
  "1_1": [
    2.1,
    7,
    2.1,
    -5.6,
    -6.3,
    -7,
    -7.7,
    -8.4,
    -9.1,
    -9.8
  ],
  "1_2": [
    -5.6,
    2.1,
    7,
    2.1,
    -5.6,
    -6.3,
    -7,
    -7.7,
    -8.4,
    -9.1
  ],
  "1_3": [
    -6.3,
    -5.6,
    2.1,
    7,
    2.1,
    -5.6,
    -6.3,
    -7,
    -7.7,
    -8.4
  ],
  "1_4": [
    -7,
    -6.3,
    -5.6,
    2.1,
    7,
    2.1,
    -5.6,
    -6.3,
    -7,
    -7.7
  ],
  "1_5": [
    -7.7,
    -7,
    -6.3,
    -5.6,
    2.1,
    7,
    2.1,
    -5.6,
    -6.3,
    -7
  ],
  "1_6": [
    -8.4,
    -7.7,
    -7,
    -6.3,
    -5.6,
    2.1,
    7,
    2.1,
    -5.6,
    -6.3
  ],
  "1_7": [
    -9.1,
    -8.4,
    -7.7,
    -7,
    -6.3,
    -5.6,
    2.1,
    7,
    2.1,
    -5.6
  ],
  "1_8": [
    -9.8,
    -9.1,
    -8.4,
    -7.7,
    -7,
    -6.3,
    -5.6,
    2.1,
    7,
    2.1
  ],
  "1_9": [
    -10.5,
    -9.8,
    -9.1,
    -8.4,
    -7.7,
    -7,
    -6.3,
    -5.6,
    2.1,
    7
  ],
  "2_0": [
    7,
    2.1,
    -5.6,
    -6.3,
    -7,
    -7.7,
    -8.4,
    -9.1,
    -9.8,
    -10.5
  ],
  "2_1": [
    2.1,
    7,
    2.1,
    -5.6,
    -6.3,
    -7,
    -7.7,
    -8.4,
    -9.1,
    -9.8
  ],
  "2_2": [
    -5.6,
    2.1,
    7,
    2.1,
    -5.6,
    -6.3,
    -7,
    -7.7,
    -8.4,
    -9.1
  ],
  "2_3": [
    -6.3,
    -5.6,
    2.1,
    7,
    2.1,
    -5.6,
    -6.3,
    -7,
    -7.7,
    -8.4
  ],
  "2_4": [
    -7,
    -6.3,
    -5.6,
    2.1,
    7,
    2.1,
    -5.6,
    -6.3,
    -7,
    -7.7
  ],
  "2_5": [
    -7.7,
    -7,
    -6.3,
    -5.6,
    2.1,
    7,
    2.1,
    -5.6,
    -6.3,
    -7
  ],
  "2_6": [
    -8.4,
    -7.7,
    -7,
    -6.3,
    -5.6,
    2.1,
    7,
    2.1,
    -5.6,
    -6.3
  ],
  "2_7": [
    -9.1,
    -8.4,
    -7.7,
    -7,
    -6.3,
    -5.6,
    2.1,
    7,
    2.1,
    -5.6
  ],
  "2_8": [
    -9.8,
    -9.1,
    -8.4,
    -7.7,
    -7,
    -6.3,
    -5.6,
    2.1,
    7,
    2.1
  ],
  "2_9": [
    -10.5,
    -9.8,
    -9.1,
    -8.4,
    -7.7,
    -7,
    -6.3,
    -5.6,
    2.1,
    7
  ],
  "3_0": [
    7,
    2.1,
    -5.6,
    -6.3,
    -7,
    -7.7,
    -8.4,
    -9.1,
    -9.8,
    -10.5
  ],
  "3_1": [
    2.1,
    7,
    2.1,
    -5.6,
    -6.3,
    -7,
    -7.7,
    -8.4,
    -9.1,
    -9.8
  ],
  "3_2": [
    -5.6,
    2.1,
    7,
    2.1,
    -5.6,
    -6.3,
    -7,
    -7.7,
    -8.4,
    -9.1
  ],
  "3_3": [
    -6.3,
    -5.6,
    2.1,
    7,
    2.1,
    -5.6,
    -6.3,
    -7,
    -7.7,
    -8.4
  ],
  "3_4": [
    -7,
    -6.3,
    -5.6,
    2.1,
    7,
    2.1,
    -5.6,
    -6.3,
    -7,
    -7.7
  ],
  "3_5": [
    -7.7,
    -7,
    -6.3,
    -5.6,
    2.1,
    7,
    2.1,
    -5.6,
    -6.3,
    -7
  ],
  "3_6": [
    -8.4,
    -7.7,
    -7,
    -6.3,
    -5.6,
    2.1,
    7,
    2.1,
    -5.6,
    -6.3
  ],
  "3_7": [
    -9.1,
    -8.4,
    -7.7,
    -7,
    -6.3,
    -5.6,
    2.1,
    7,
    2.1,
    -5.6
  ],
  "3_8": [
    -9.8,
    -9.1,
    -8.4,
    -7.7,
    -7,
    -6.3,
    -5.6,
    2.1,
    7,
    2.1
  ],
  "3_9": [
    -10.5,
    -9.8,
    -9.1,
    -8.4,
    -7.7,
    -7,
    -6.3,
    -5.6,
    2.1,
    7
  ],
  "4_0": [
    7,
    2.1,
    -5.6,
    -6.3,
    -7,
    -7.7,
    -8.4,
    -9.1,
    -9.8,
    -10.5
  ],
  "4_1": [
    2.1,
    7,
    2.1,
    -5.6,
    -6.3,
    -7,
    -7.7,
    -8.4,
    -9.1,
    -9.8
  ],
  "4_2": [
    -5.6,
    2.1,
    7,
    2.1,
    -5.6,
    -6.3,
    -7,
    -7.7,
    -8.4,
    -9.1
  ],
  "4_3": [
    -6.3,
    -5.6,
    2.1,
    7,
    2.1,
    -5.6,
    -6.3,
    -7,
    -7.7,
    -8.4
  ],
  "4_4": [
    -7,
    -6.3,
    -5.6,
    2.1,
    7,
    2.1,
    -5.6,
    -6.3,
    -7,
    -7.7
  ],
  "4_5": [
    -7.7,
    -7,
    -6.3,
    -5.6,
    2.1,
    7,
    2.1,
    -5.6,
    -6.3,
    -7
  ],
  "4_6": [
    -8.4,
    -7.7,
    -7,
    -6.3,
    -5.6,
    2.1,
    7,
    2.1,
    -5.6,
    -6.3
  ],
  "4_7": [
    -9.1,
    -8.4,
    -7.7,
    -7,
    -6.3,
    -5.6,
    2.1,
    7,
    2.1,
    -5.6
  ],
  "4_8": [
    -9.8,
    -9.1,
    -8.4,
    -7.7,
    -7,
    -6.3,
    -5.6,
    2.1,
    7,
    2.1
  ],
  "4_9": [
    -10.5,
    -9.8,
    -9.1,
    -8.4,
    -7.7,
    -7,
    -6.3,
    -5.6,
    2.1,
    7
  ],
  "5_0": [
    7,
    2.1,
    -5.6,
    -6.3,
    -7,
    -7.7,
    -8.4,
    -9.1,
    -9.8,
    -10.5
  ],
  "5_1": [
    2.1,
    7,
    2.1,
    -5.6,
    -6.3,
    -7,
    -7.7,
    -8.4,
    -9.1,
    -9.8
  ],
  "5_2": [
    -5.6,
    2.1,
    7,
    2.1,
    -5.6,
    -6.3,
    -7,
    -7.7,
    -8.4,
    -9.1
  ],
  "5_3": [
    -6.3,
    -5.6,
    2.1,
    7,
    2.1,
    -5.6,
    -6.3,
    -7,
    -7.7,
    -8.4
  ],
  "5_4": [
    -7,
    -6.3,
    -5.6,
    2.1,
    7,
    2.1,
    -5.6,
    -6.3,
    -7,
    -7.7
  ],
  "5_5": [
    -7.7,
    -7,
    -6.3,
    -5.6,
    2.1,
    7,
    2.1,
    -5.6,
    -6.3,
    -7
  ],
  "5_6": [
    -8.4,
    -7.7,
    -7,
    -6.3,
    -5.6,
    2.1,
    7,
    2.1,
    -5.6,
    -6.3
  ],
  "5_7": [
    -9.1,
    -8.4,
    -7.7,
    -7,
    -6.3,
    -5.6,
    2.1,
    7,
    2.1,
    -5.6
  ],
  "5_8": [
    -9.8,
    -9.1,
    -8.4,
    -7.7,
    -7,
    -6.3,
    -5.6,
    2.1,
    7,
    2.1
  ],