{
  "0": [
    0.435,
    0.349611,
    0.140518,
    -0.091653,
    -0.268399,
    -0.369251,
    -0.413895,
    -0.42949,
    -0.43383,
    -0.434798
  ],
  "1": [
    0.349611,
    0.435,
    0.349611,
    0.140518,
    -0.091653,
    -0.268399,
    -0.369251,
    -0.413895,
    -0.42949,
    -0.43383
  ],
  "2": [
    0.140518,
    0.349611,
    0.435,
    0.349611,
    0.140518,
    -0.091653,
    -0.268399,
    -0.369251,
    -0.413895,
    -0.42949
  ],
  "3": [
    -0.091653,
    0.140518,
    0.349611,
    0.435,
    0.349611,
    0.140518,
    -0.091653,
    -0.268399,
    -0.369251,
    -0.413895
  ],
  "4": [
    -0.268399,
    -0.091653,
    0.140518,
    0.349611,
    0.435,
    0.349611,
    0.140518,
    -0.091653,
    -0.268399,
    -0.369251
  ],
  "5": [
    -0.369251,
    -0.268399,
    -0.091653,
    0.140518,
    0.349611,
    0.435,
    0.349611,
    0.140518,
    -0.091653,
    -0.268399
  ],
  "6": [
    -0.413895,
    -0.369251,
    -0.268399,
    -0.091653,
    0.140518,
    0.349611,
    0.435,
    0.349611,
    0.140518,
    -0.091653
  ],
  "7": [
    -0.42949,
    -0.413895,
    -0.369251,
    -0.268399,
    -0.091653,
    0.140518,
    0.349611,
    0.435,
    0.349611,
    0.140518
  ],
  "8": [
    -0.43383,
    -0.42949,
    -0.413895,
    -0.369251,
    -0.268399,
    -0.091653,
    0.140518,
    0.349611,
    0.435,
    0.349611
  ],
  "9": [
    -0.434798,
    -0.43383,
    -0.42949,
    -0.413895,
    -0.369251,
    -0.268399,
    -0.091653,
    0.140518,
    0.349611,
    0.435
  ],
  "0_0": [
    7.25,
    2.175,
    -5.8,
    -6.525,
    -7.25,
    -7.975,
    -8.7,
    -9.425,
    -10.15,
    -10.875
  ],
  "0_1": [
    2.175,
    7.25,
    2.175,
    -5.8,
    -6.525,
    -7.25,
    -7.975,
    -8.7,
    -9.425,
    -10.15
  ],
  "0_2": [
    -5.8,
    2.175,
    7.25,
    2.175,
    -5.8,
    -6.525,
    -7.25,
    -7.975,
    -8.7,
    -9.425
  ],
  "0_3": [
    -6.525,
    -5.8,
    2.175,
    7.25,
    2.175,
    -5.8,
    -6.525,
    -7.25,
    -7.975,
    -8.7
  ],
  "0_4": [
    -7.25,
    -6.525,
    -5.8,
    2.175,
    7.25,
    2.175,
    -5.8,
    -6.525,
    -7.25,
    -7.975
  ],
  "0_5": [
    -7.975,
    -7.25,
    -6.525,
    -5.8,
    2.175,
    7.25,
    2.175,
    -5.8,
    -6.525,
    -7.25
  ],
  "0_6": [
    -8.7,
    -7.975,
    -7.25,
    -6.525,
    -5.8,
    2.175,
    7.25,
    2.175,
    -5.8,
    -6.525
  ],
  "0_7": [
    -9.425,
    -8.7,
    -7.975,
    -7.25,
    -6.525,
    -5.8,
    2.175,
    7.25,
    2.175,
    -5.8
  ],
  "0_8": [
    -10.15,
    -9.425,
    -8.7,
    -7.975,
    -7.25,
    -6.525,
    -5.8,
    2.175,
    7.25,
    2.175
  ],
  "0_9": [
    -10.875,
    -10.15,
    -9.425,
    -8.7,
    -7.975,
    -7.25,
    -6.525,
    -5.8,
    2.175,
    7.25
  ],
  "1_0": [
    7.25,
    2.175,
    -5.8,
    -6.525,
    -7.25,
    -7.975,
    -8.7,
    -9.425,
    -10.15,
    -10.875
  ],
  "1_1": [
    2.175,
    7.25,
    2.175,
    -5.8,
    -6.525,
    -7.25,
    -7.975,
    -8.7,
    -9.425,
    -10.15
  ],
  "1_2": [
    -5.8,
    2.175,
    7.25,
    2.175,
    -5.8,
    -6.525,
    -7.25,
    -7.975,
    -8.7,
    -9.425
  ],
  "1_3": [
    -6.525,
    -5.8,
    2.175,
    7.25,
    2.175,
    -5.8,
    -6.525,
    -7.25,
    -7.975,
    -8.7
  ],
  "1_4": [
    -7.25,
    -6.525,
    -5.8,
    2.175,
    7.25,
    2.175,
    -5.8,
    -6.525,
    -7.25,
    -7.975
  ],
  "1_5": [
    -7.975,
    -7.25,
    -6.525,
    -5.8,
    2.175,
    7.25,
    2.175,
    -5.8,
    -6.525,
    -7.25
  ],
  "1_6": [
    -8.7,
    -7.975,
    -7.25,
    -6.525,
    -5.8,
    2.175,
    7.25,
    2.175,
    -5.8,
    -6.525
  ],
  "1_7": [
    -9.425,
    -8.7,
    -7.975,
    -7.25,
    -6.525,
    -5.8,
    2.175,
    7.25,
    2.175,
    -5.8
  ],
  "1_8": [
    -10.15,
    -9.425,
    -8.7,
    -7.975,
    -7.25,
    -6.525,
    -5.8,
    2.175,
    7.25,
    2.175
  ],
  "1_9": [
    -10.875,
    -10.15,
    -9.425,
    -8.7,
    -7.975,
    -7.25,
    -6.525,
    -5.8,
    2.175,
    7.25
  ],
  "2_0": [
    7.25,
    2.175,
    -5.8,
    -6.525,
    -7.25,
    -7.975,
    -8.7,
    -9.425,
    -10.15,
    -10.875
  ],
  "2_1": [
    2.175,
    7.25,
    2.175,
    -5.8,
    -6.525,
    -7.25,
    -7.975,
    -8.7,
    -9.425,
    -10.15
  ],
  "2_2": [
    -5.8,
    2.175,
    7.25,
    2.175,
    -5.8,
    -6.525,
    -7.25,
    -7.975,
    -8.7,
    -9.425
  ],
  "2_3": [
    -6.525,
    -5.8,
    2.175,
    7.25,
    2.175,
    -5.8,
    -6.525,
    -7.25,
    -7.975,
    -8.7
  ],
  "2_4": [
    -7.25,
    -6.525,
    -5.8,
    2.175,
    7.25,
    2.175,
    -5.8,
    -6.525,
    -7.25,
    -7.975
  ],
  "2_5": [
    -7.975,
    -7.25,
    -6.525,
    -5.8,
    2.175,
    7.25,
    2.175,
    -5.8,
    -6.525,
    -7.25
  ],
  "2_6": [
    -8.7,
    -7.975,
    -7.25,
    -6.525,
    -5.8,
    2.175,
    7.25,
    2.175,
    -5.8,
    -6.525
  ],
  "2_7": [
    -9.425,
    -8.7,
    -7.975,
    -7.25,
    -6.525,
    -5.8,
    2.175,
    7.25,
    2.175,
    -5.8
  ],
  "2_8": [
    -10.15,
    -9.425,
    -8.7,
    -7.975,
    -7.25,
    -6.525,
    -5.8,
    2.175,
    7.25,
    2.175
  ],
  "2_9": [
    -10.875,
    -10.15,
    -9.425,
    -8.7,
    -7.975,
    -7.25,
    -6.525,
    -5.8,
    2.175,
    7.25
  ],
  "3_0": [
    7.25,
    2.175,
    -5.8,
    -6.525,
    -7.25,
    -7.975,
    -8.7,
    -9.425,
    -10.15,
    -10.875
  ],
  "3_1": [
    2.175,
    7.25,
    2.175,
    -5.8,
    -6.525,
    -7.25,
    -7.975,
    -8.7,
    -9.425,
    -10.15
  ],
  "3_2": [
    -5.8,
    2.175,
    7.25,
    2.175,
    -5.8,
    -6.525,
    -7.25,
    -7.975,
    -8.7,
    -9.425
  ],
  "3_3": [
    -6.525,
    -5.8,
    2.175,
    7.25,
    2.175,
    -5.8,
    -6.525,
    -7.25,
    -7.975,
    -8.7
  ],
  "3_4": [
    -7.25,
    -6.525,
    -5.8,
    2.175,
    7.25,
    2.175,
    -5.8,
    -6.525,
    -7.25,
    -7.975
  ],
  "3_5": [
    -7.975,
    -7.25,
    -6.525,
    -5.8,
    2.175,
    7.25,
    2.175,
    -5.8,
    -6.525,
    -7.25
  ],
  "3_6": [
    -8.7,
    -7.975,
    -7.25,
    -6.525,
    -5.8,
    2.175,
    7.25,
    2.175,
    -5.8,
    -6.525
  ],
  "3_7": [
    -9.425,
    -8.7,
    -7.975,
    -7.25,
    -6.525,
    -5.8,
    2.175,
    7.25,
    2.175,
    -5.8
  ],
  "3_8": [
    -10.15,
    -9.425,
    -8.7,
    -7.975,
    -7.25,
    -6.525,
    -5.8,
    2.175,
    7.25,
    2.175
  ],
  "3_9": [
    -10.875,
    -10.15,
    -9.425,
    -8.7,
    -7.975,
    -7.25,
    -6.525,
    -5.8,
    2.175,
    7.25
  ],
  "4_0": [
    7.25,
    2.175,
    -5.8,
    -6.525,
    -7.25,
    -7.975,
    -8.7,
    -9.425,
    -10.15,
    -10.875
  ],
  "4_1": [
    2.175,
    7.25,
    2.175,
    -5.8,
    -6.525,
    -7.25,
    -7.975,
    -8.7,
    -9.425,
    -10.15
  ],
  "4_2": [
    -5.8,
    2.175,
    7.25,
    2.175,
    -5.8,
    -6.525,
    -7.25,
    -7.975,
    -8.7,
    -9.425
  ],
  "4_3": [
    -6.525,
    -5.8,
    2.175,
    7.25,
    2.175,
    -5.8,
    -6.525,
    -7.25,
    -7.975,
    -8.7
  ],
  "4_4": [
    -7.25,
    -6.525,
    -5.8,
    2.175,
    7.25,
    2.175,
    -5.8,
    -6.525,
    -7.25,
    -7.975
  ],
  "4_5": [
    -7.975,
    -7.25,
    -6.525,
    -5.8,
    2.175,
    7.25,
    2.175,
    -5.8,
    -6.525,
    -7.25
  ],
  "4_6": [
    -8.7,
    -7.975,
    -7.25,
    -6.525,
    -5.8,
    2.175,
    7.25,
    2.175,
    -5.8,
    -6.525
  ],
  "4_7": [
    -9.425,
    -8.7,
    -7.975,
    -7.25,
    -6.525,
    -5.8,
    2.175,
    7.25,
    2.175,
    -5.8
  ],
  "4_8": [
    -10.15,
    -9.425,
    -8.7,
    -7.975,
    -7.25,
    -6.525,
    -5.8,
    2.175,
    7.25,
    2.175
  ],
  "4_9": [
    -10.875,
    -10.15,
    -9.425,
    -8.7,
    -7.975,
    -7.25,
    -6.525,
    -5.8,
    2.175,
    7.25
  ],
  "5_0": [
    7.25,
    2.175,
    -5.8,
    -6.525,
    -7.25,
    -7.975,
    -8.7,
    -9.425,
    -10.15,
    -10.875
  ],