{
  "0": [
    0.36375,
    0.292347,
    0.117502,
    -0.076641,
    -0.224437,
    -0.30877,
    -0.346102,
    -0.359142,
    -0.362772,
    -0.363581
  ],
  "1": [
    0.292347,
    0.36375,
    0.292347,
    0.117502,
    -0.076641,
    -0.224437,
    -0.30877,
    -0.346102,
    -0.359142,
    -0.362772
  ],
  "2": [
    0.117502,
    0.292347,
    0.36375,
    0.292347,
    0.117502,
    -0.076641,
    -0.224437,
    -0.30877,
    -0.346102,
    -0.359142
  ],
  "3": [
    -0.076641,
    0.117502,
    0.292347,
    0.36375,
    0.292347,
    0.117502,
    -0.076641,
    -0.224437,
    -0.30877,
    -0.346102
  ],
  "4": [
    -0.224437,
    -0.076641,
    0.117502,
    0.292347,
    0.36375,
    0.292347,
    0.117502,
    -0.076641,
    -0.224437,
    -0.30877
  ],
  "5": [
    -0.30877,
    -0.224437,
    -0.076641,
    0.117502,
    0.292347,
    0.36375,
    0.292347,
    0.117502,
    -0.076641,
    -0.224437
  ],
  "6": [
    -0.346102,
    -0.30877,
    -0.224437,
    -0.076641,
    0.117502,
    0.292347,
    0.36375,
    0.292347,
    0.117502,
    -0.076641
  ],
  "7": [
    -0.359142,
    -0.346102,
    -0.30877,
    -0.224437,
    -0.076641,
    0.117502,
    0.292347,
    0.36375,
    0.292347,
    0.117502
  ],
  "8": [
    -0.362772,
    -0.359142,
    -0.346102,
    -0.30877,
    -0.224437,
    -0.076641,
    0.117502,
    0.292347,
    0.36375,
    0.292347
  ],
  "9": [
    -0.363581,
    -0.362772,
    -0.359142,
    -0.346102,
    -0.30877,
    -0.224437,
    -0.076641,
    0.117502,
    0.292347,
    0.36375
  ],
  "0_0": [
    6.0625,
    1.81875,
    -4.85,
    -5.45625,
    -6.0625,
    -6.66875,
    -7.275,
    -7.88125,
    -8.4875,
    -9.09375
  ],
  "0_1": [
    1.81875,
    6.0625,
    1.81875,
    -4.85,
    -5.45625,
    -6.0625,
    -6.66875,
    -7.275,
    -7.88125,
    -8.4875
  ],
  "0_2": [
    -4.85,
    1.81875,
    6.0625,
    1.81875,
    -4.85,
    -5.45625,
    -6.0625,
    -6.66875,
    -7.275,
    -7.88125
  ],
  "0_3": [
    -5.45625,
    -4.85,
    1.81875,
    6.0625,
    1.81875,
    -4.85,
    -5.45625,
    -6.0625,
    -6.66875,
    -7.275
  ],
  "0_4": [
    -6.0625,
    -5.45625,
    -4.85,
    1.81875,
    6.0625,
    1.81875,
    -4.85,
    -5.45625,
    -6.0625,
    -6.66875
  ],
  "0_5": [
    -6.66875,
    -6.0625,
    -5.45625,
    -4.85,
    1.81875,
    6.0625,
    1.81875,
    -4.85,
    -5.45625,
    -6.0625
  ],
  "0_6": [
    -7.275,
    -6.66875,
    -6.0625,
    -5.45625,
    -4.85,
    1.81875,
    6.0625,
    1.81875,
    -4.85,
    -5.45625
  ],
  "0_7": [
    -7.88125,
    -7.275,
    -6.66875,
    -6.0625,
    -5.45625,
    -4.85,
    1.81875,
    6.0625,
    1.81875,
    -4.85
  ],
  "0_8": [
    -8.4875,
    -7.88125,
    -7.275,
    -6.66875,
    -6.0625,
    -5.45625,
    -4.85,
    1.81875,
    6.0625,
    1.81875
  ],
  "0_9": [
    -9.09375,
    -8.4875,
    -7.88125,
    -7.275,
    -6.66875,
    -6.0625,
    -5.45625,
    -4.85,
    1.81875,
    6.0625
  ],
  "1_0": [
    6.0625,
    1.81875,
    -4.85,
    -5.45625,
    -6.0625,
    -6.66875,
    -7.275,
    -7.88125,
    -8.4875,
    -9.09375
  ],
  "1_1": [
    1.81875,
    6.0625,
    1.81875,
    -4.85,
    -5.45625,
    -6.0625,
    -6.66875,
    -7.275,
    -7.88125,
    -8.4875
  ],
  "1_2": [
    -4.85,
    1.81875,
    6.0625,
    1.81875,
    -4.85,
    -5.45625,
    -6.0625,
    -6.66875,
    -7.275,
    -7.88125
  ],
  "1_3": [
    -5.45625,
    -4.85,
    1.81875,
    6.0625,
    1.81875,
    -4.85,
    -5.45625,
    -6.0625,
    -6.66875,
    -7.275
  ],
  "1_4": [
    -6.0625,
    -5.45625,
    -4.85,
    1.81875,
    6.0625,
    1.81875,
    -4.85,
    -5.45625,
    -6.0625,
    -6.66875
  ],
  "1_5": [
    -6.66875,
    -6.0625,
    -5.45625,
    -4.85,
    1.81875,
    6.0625,
    1.81875,
    -4.85,
    -5.45625,
    -6.0625
  ],
  "1_6": [
    -7.275,
    -6.66875,
    -6.0625,
    -5.45625,
    -4.85,
    1.81875,
    6.0625,
    1.81875,
    -4.85,
    -5.45625
  ],
  "1_7": [
    -7.88125,
    -7.275,
    -6.66875,
    -6.0625,
    -5.45625,
    -4.85,
    1.81875,
    6.0625,
    1.81875,
    -4.85
  ],
  "1_8": [
    -8.4875,
    -7.88125,
    -7.275,
    -6.66875,
    -6.0625,
    -5.45625,
    -4.85,
    1.81875,
    6.0625,
    1.81875
  ],
  "1_9": [
    -9.09375,
    -8.4875,
    -7.88125,
    -7.275,
    -6.66875,
    -6.0625,
    -5.45625,
    -4.85,
    1.81875,
    6.0625
  ],
  "2_0": [
    6.0625,
    1.81875,
    -4.85,
    -5.45625,
    -6.0625,
    -6.66875,
    -7.275,
    -7.88125,
    -8.4875,
    -9.09375
  ],
  "2_1": [
    1.81875,
    6.0625,
    1.81875,
    -4.85,
    -5.45625,
    -6.0625,
    -6.66875,
    -7.275,
    -7.88125,
    -8.4875
  ],
  "2_2": [
    -4.85,
    1.81875,
    6.0625,
    1.81875,
    -4.85,
    -5.45625,
    -6.0625,
    -6.66875,
    -7.275,
    -7.88125
  ],
  "2_3": [
    -5.45625,
    -4.85,
    1.81875,
    6.0625,
    1.81875,
    -4.85,
    -5.45625,
    -6.0625,
    -6.66875,
    -7.275
  ],
  "2_4": [
    -6.0625,
    -5.45625,
    -4.85,
    1.81875,
    6.0625,
    1.81875,
    -4.85,
    -5.45625,
    -6.0625,
    -6.66875
  ],
  "2_5": [
    -6.66875,
    -6.0625,
    -5.45625,
    -4.85,
    1.81875,
    6.0625,
    1.81875,
    -4.85,
    -5.45625,
    -6.0625
  ],
  "2_6": [
    -7.275,
    -6.66875,
    -6.0625,
    -5.45625,
    -4.85,
    1.81875,
    6.0625,
    1.81875,
    -4.85,
    -5.45625
  ],
  "2_7": [
    -7.88125,
    -7.275,
    -6.66875,
    -6.0625,
    -5.45625,
    -4.85,
    1.81875,
    6.0625,
    1.81875,
    -4.85
  ],
  "2_8": [
    -8.4875,
    -7.88125,
    -7.275,
    -6.66875,
    -6.0625,
    -5.45625,
    -4.85,
    1.81875,
    6.0625,
    1.81875
  ],
  "2_9": [
    -9.09375,
    -8.4875,
    -7.88125,
    -7.275,
    -6.66875,
    -6.0625,
    -5.45625,
    -4.85,
    1.81875,
    6.0625
  ],
  "3_0": [
    6.0625,
    1.81875,
    -4.85,
    -5.45625,
    -6.0625,
    -6.66875,
    -7.275,
    -7.88125,
    -8.4875,
    -9.09375
  ],
  "3_1": [
    1.81875,
    6.0625,
    1.81875,
    -4.85,
    -5.45625,
    -6.0625,
    -6.66875,
    -7.275,
    -7.88125,
    -8.4875
  ],
  "3_2": [
    -4.85,
    1.81875,
    6.0625,
    1.81875,
    -4.85,
    -5.45625,
    -6.0625,
    -6.66875,
    -7.275,
    -7.88125
  ],
  "3_3": [
    -5.45625,
    -4.85,
    1.81875,
    6.0625,
    1.81875,
    -4.85,
    -5.45625,
    -6.0625,
    -6.66875,
    -7.275
  ],
  "3_4": [
    -6.0625,
    -5.45625,
    -4.85,
    1.81875,
    6.0625,
    1.81875,
    -4.85,
    -5.45625,
    -6.0625,
    -6.66875
  ],
  "3_5": [
    -6.66875,
    -6.0625,
    -5.45625,
    -4.85,
    1.81875,
    6.0625,
    1.81875,
    -4.85,
    -5.45625,
    -6.0625
  ],
  "3_6": [
    -7.275,
    -6.66875,
    -6.0625,
    -5.45625,
    -4.85,
    1.81875,
    6.0625,
    1.81875,
    -4.85,
    -5.45625
  ],
  "3_7": [
    -7.88125,
    -7.275,
    -6.66875,
    -6.0625,
    -5.45625,
    -4.85,
    1.81875,
    6.0625,
    1.81875,
    -4.85
  ],
  "3_8": [
    -8.4875,
    -7.88125,
    -7.275,
    -6.66875,
    -6.0625,
    -5.45625,
    -4.85,
    1.81875,
    6.0625,
    1.81875
  ],
  "3_9": [
    -9.09375,
    -8.4875,
    -7.88125,
    -7.275,
    -6.66875,
    -6.0625,
    -5.45625,
    -4.85,
    1.81875,
    6.0625
  ],
  "4_0": [
    6.0625,
    1.81875,
    -4.85,
    -5.45625,
    -6.0625,
    -6.66875,
    -7.275,
    -7.88125,
    -8.4875,
    -9.09375
  ],
  "4_1": [
    1.81875,
    6.0625,
    1.81875,
    -4.85,
    -5.45625,
    -6.0625,
    -6.66875,
    -7.275,
    -7.88125,
    -8.4875
  ],
  "4_2": [
    -4.85,
    1.81875,
    6.0625,
    1.81875,
    -4.85,
    -5.45625,
    -6.0625,
    -6.66875,
    -7.275,
    -7.88125
  ],
  "4_3": [
    -5.45625,
    -4.85,
    1.81875,
    6.0625,
    1.81875,
    -4.85,
    -5.45625,
    -6.0625,
    -6.66875,
    -7.275
  ],