{
  "0": [
    0.4875,
    0.391805,
    0.157477,
    -0.102715,
    -0.300792,
    -0.413816,
    -0.463848,
    -0.481325,
    -0.486189,
    -0.487274
  ],
  "1": [
    0.391805,
    0.4875,
    0.391805,
    0.157477,
    -0.102715,
    -0.300792,
    -0.413816,
    -0.463848,
    -0.481325,
    -0.486189
  ],
  "2": [
    0.157477,
    0.391805,
    0.4875,
    0.391805,
    0.157477,
    -0.102715,
    -0.300792,
    -0.413816,
    -0.463848,
    -0.481325
  ],
  "3": [
    -0.102715,
    0.157477,
    0.391805,
    0.4875,
    0.391805,
    0.157477,
    -0.102715,
    -0.300792,
    -0.413816,
    -0.463848
  ],
  "4": [
    -0.300792,
    -0.102715,
    0.157477,
    0.391805,
    0.4875,
    0.391805,
    0.157477,
    -0.102715,
    -0.300792,
    -0.413816
  ],
  "5": [
    -0.413816,
    -0.300792,
    -0.102715,
    0.157477,
    0.391805,
    0.4875,
    0.391805,
    0.157477,
    -0.102715,
    -0.300792
  ],
  "6": [
    -0.463848,
    -0.413816,
    -0.300792,
    -0.102715,
    0.157477,
    0.391805,
    0.4875,
    0.391805,
    0.157477,
    -0.102715
  ],
  "7": [
    -0.481325,
    -0.463848,
    -0.413816,
    -0.300792,
    -0.102715,
    0.157477,
    0.391805,
    0.4875,
    0.391805,
    0.157477
  ],
  "8": [
    -0.486189,
    -0.481325,
    -0.463848,
    -0.413816,
    -0.300792,
    -0.102715,
    0.157477,
    0.391805,
    0.4875,
    0.391805
  ],
  "9": [
    -0.487274,
    -0.486189,
    -0.481325,
    -0.463848,
    -0.413816,
    -0.300792,
    -0.102715,
    0.157477,
    0.391805,
    0.4875
  ],
  "0_0": [
    8.125,
    2.4375,
    -6.5,
    -7.3125,
    -8.125,
    -8.9375,
    -9.75,
    -10.5625,
    -11.375,
    -12.1875
  ],
  "0_1": [
    2.4375,
    8.125,
    2.4375,
    -6.5,
    -7.3125,
    -8.125,
    -8.9375,
    -9.75,
    -10.5625,
    -11.375
  ],
  "0_2": [
    -6.5,
    2.4375,
    8.125,
    2.4375,
    -6.5,
    -7.3125,
    -8.125,
    -8.9375,
    -9.75,
    -10.5625
  ],
  "0_3": [
    -7.3125,
    -6.5,
    2.4375,
    8.125,
    2.4375,
    -6.5,
    -7.3125,
    -8.125,
    -8.9375,
    -9.75
  ],
  "0_4": [
    -8.125,
    -7.3125,
    -6.5,
    2.4375,
    8.125,
    2.4375,
    -6.5,
    -7.3125,
    -8.125,
    -8.9375
  ],
  "0_5": [
    -8.9375,
    -8.125,
    -7.3125,
    -6.5,
    2.4375,
    8.125,
    2.4375,
    -6.5,
    -7.3125,
    -8.125
  ],
  "0_6": [
    -9.75,
    -8.9375,
    -8.125,
    -7.3125,
    -6.5,
    2.4375,
    8.125,
    2.4375,
    -6.5,
    -7.3125
  ],
  "0_7": [
    -10.5625,
    -9.75,
    -8.9375,
    -8.125,
    -7.3125,
    -6.5,
    2.4375,
    8.125,
    2.4375,
    -6.5
  ],
  "0_8": [
    -11.375,
    -10.5625,
    -9.75,
    -8.9375,
    -8.125,
    -7.3125,
    -6.5,
    2.4375,
    8.125,
    2.4375
  ],
  "0_9": [
    -12.1875,
    -11.375,
    -10.5625,
    -9.75,
    -8.9375,
    -8.125,
    -7.3125,
    -6.5,
    2.4375,
    8.125
  ],
  "1_0": [
    8.125,
    2.4375,
    -6.5,
    -7.3125,
    -8.125,
    -8.9375,
    -9.75,
    -10.5625,
    -11.375,
    -12.1875
  ],
  "1_1": [
    2.4375,
    8.125,
    2.4375,
    -6.5,
    -7.3125,
    -8.125,
    -8.9375,
    -9.75,
    -10.5625,
    -11.375
  ],
  "1_2": [
    -6.5,
    2.4375,
    8.125,
    2.4375,
    -6.5,
    -7.3125,
    -8.125,
    -8.9375,
    -9.75,
    -10.5625
  ],
  "1_3": [
    -7.3125,
    -6.5,
    2.4375,
    8.125,
    2.4375,
    -6.5,
    -7.3125,
    -8.125,
    -8.9375,
    -9.75
  ],
  "1_4": [
    -8.125,
    -7.3125,
    -6.5,
    2.4375,
    8.125,
    2.4375,
    -6.5,
    -7.3125,
    -8.125,
    -8.9375
  ],
  "1_5": [
    -8.9375,
    -8.125,
    -7.3125,
    -6.5,
    2.4375,
    8.125,
    2.4375,
    -6.5,
    -7.3125,
    -8.125
  ],
  "1_6": [
    -9.75,
    -8.9375,
    -8.125,
    -7.3125,
    -6.5,
    2.4375,
    8.125,
    2.4375,
    -6.5,
    -7.3125
  ],
  "1_7": [
    -10.5625,
    -9.75,
    -8.9375,
    -8.125,
    -7.3125,
    -6.5,
    2.4375,
    8.125,
    2.4375,
    -6.5
  ],
  "1_8": [
    -11.375,
    -10.5625,
    -9.75,
    -8.9375,
    -8.125,
    -7.3125,
    -6.5,
    2.4375,
    8.125,
    2.4375
  ],
  "1_9": [
    -12.1875,
    -11.375,
    -10.5625,
    -9.75,
    -8.9375,
    -8.125,
    -7.3125,
    -6.5,
    2.4375,
    8.125
  ],
  "2_0": [
    8.125,
    2.4375,
    -6.5,
    -7.3125,
    -8.125,
    -8.9375,
    -9.75,
    -10.5625,
    -11.375,
    -12.1875
  ],
  "2_1": [
    2.4375,
    8.125,
    2.4375,
    -6.5,
    -7.3125,
    -8.125,
    -8.9375,
    -9.75,
    -10.5625,
    -11.375
  ],
  "2_2": [
    -6.5,
    2.4375,
    8.125,
    2.4375,
    -6.5,
    -7.3125,
    -8.125,
    -8.9375,
    -9.75,
    -10.5625
  ],
  "2_3": [
    -7.3125,
    -6.5,
    2.4375,
    8.125,
    2.4375,
    -6.5,
    -7.3125,
    -8.125,
    -8.9375,
    -9.75
  ],
  "2_4": [
    -8.125,
    -7.3125,
    -6.5,
    2.4375,
    8.125,
    2.4375,
    -6.5,
    -7.3125,
    -8.125,
    -8.9375
  ],
  "2_5": [
    -8.9375,
    -8.125,
    -7.3125,
    -6.5,
    2.4375,
    8.125,
    2.4375,
    -6.5,
    -7.3125,
    -8.125
  ],
  "2_6": [
    -9.75,
    -8.9375,
    -8.125,
    -7.3125,
    -6.5,
    2.4375,
    8.125,
    2.4375,
    -6.5,
    -7.3125
  ],
  "2_7": [
    -10.5625,
    -9.75,
    -8.9375,
    -8.125,
    -7.3125,
    -6.5,
    2.4375,
    8.125,
    2.4375,
    -6.5
  ],
  "2_8": [
    -11.375,
    -10.5625,
    -9.75,
    -8.9375,
    -8.125,
    -7.3125,
    -6.5,
    2.4375,
    8.125,
    2.4375
  ],
  "2_9": [
    -12.1875,
    -11.375,
    -10.5625,
    -9.75,
    -8.9375,
    -8.125,
    -7.3125,
    -6.5,
    2.4375,
    8.125
  ],
  "3_0": [
    8.125,
    2.4375,
    -6.5,
    -7.3125,
    -8.125,
    -8.9375,
    -9.75,
    -10.5625,
    -11.375,
    -12.1875
  ],
  "3_1": [
    2.4375,
    8.125,
    2.4375,
    -6.5,
    -7.3125,
    -8.125,
    -8.9375,
    -9.75,
    -10.5625,
    -11.375
  ],
  "3_2": [
    -6.5,
    2.4375,
    8.125,
    2.4375,
    -6.5,
    -7.3125,
    -8.125,
    -8.9375,
    -9.75,
    -10.5625
  ],
  "3_3": [
    -7.3125,
    -6.5,
    2.4375,
    8.125,
    2.4375,
    -6.5,
    -7.3125,
    -8.125,
    -8.9375,
    -9.75
  ],
  "3_4": [
    -8.125,
    -7.3125,
    -6.5,
    2.4375,
    8.125,
    2.4375,
    -6.5,
    -7.3125,
    -8.125,
    -8.9375
  ],
  "3_5": [
    -8.9375,
    -8.125,
    -7.3125,
    -6.5,
    2.4375,
    8.125,
    2.4375,
    -6.5,
    -7.3125,
    -8.125
  ],
  "3_6": [
    -9.75,
    -8.9375,
    -8.125,
    -7.3125,
    -6.5,
    2.4375,
    8.125,
    2.4375,
    -6.5,
    -7.3125
  ],
  "3_7": [
    -10.5625,
    -9.75,
    -8.9375,
    -8.125,
    -7.3125,
    -6.5,
    2.4375,
    8.125,
    2.4375,
    -6.5
  ],
  "3_8": [
    -11.375,
    -10.5625,
    -9.75,
    -8.9375,
    -8.125,
    -7.3125,
    -6.5,
    2.4375,
    8.125,
    2.4375
  ],
  "3_9": [
    -12.1875,
    -11.375,
    -10.5625,
    -9.75,
    -8.9375,
    -8.125,
    -7.3125,
    -6.5,
    2.4375,
    8.125
  ],
  "4_0": [
    8.125,
    2.4375,
    -6.5,
    -7.3125,
    -8.125,
    -8.9375,
    -9.75,
    -10.5625,
    -11.375,
    -12.1875
  ],
  "4_1": [
    2.4375,
    8.125,
    2.4375,
    -6.5,
    -7.3125,
    -8.125,
    -8.9375,
    -9.75,
    -10.5625,
    -11.375
  ],
  "4_2": [
    -6.5,
    2.4375,
    8.125,
    2.4375,
    -6.5,
    -7.3125,
    -8.125,
    -8.9375,
    -9.75,
    -10.5625
  ],
  "4_3": [
    -7.3125,
    -6.5,
    2.4375,
    8.125,
    2.4375,
    -6.5,
    -7.3125,
    -8.125,
    -8.9375,
    -9.75
  ],
  "4_4": [
    -8.125,
    -7.3125,
    -6.5,
    2.4375,
    8.125,
    2.4375,
    -6.5,
    -7.3125,
    -8.125,
    -8.9375
  ],
  "4_5": [
    -8.9375,
    -8.125,
    -7.3125,
    -6.5,
    2.4375,
    8.125,
    2.4375,
    -6.5,
    -7.3125,
    -8.125
  ],
  "4_6": [
    -9.75,
    -8.9375,
    -8.125,
    -7.3125,
    -6.5,
    2.4375,
    8.125,
    2.4375,
    -6.5,
    -7.3125
  ],