{
  "0": [
    0.39,
    0.313444,
    0.125982,
    -0.082172,
    -0.240634,
    -0.331053,
    -0.371079,
    -0.38506,
    -0.388951,
    -0.389819
  ],
  "1": [
    0.313444,
    0.39,
    0.313444,
    0.125982,
    -0.082172,
    -0.240634,
    -0.331053,
    -0.371079,
    -0.38506,
    -0.388951
  ],
  "2": [
    0.125982,
    0.313444,
    0.39,
    0.313444,
    0.125982,
    -0.082172,
    -0.240634,
    -0.331053,
    -0.371079,
    -0.38506
  ],
  "3": [
    -0.082172,
    0.125982,
    0.313444,
    0.39,
    0.313444,
    0.125982,
    -0.082172,
    -0.240634,
    -0.331053,
    -0.371079
  ],
  "4": [
    -0.240634,
    -0.082172,
    0.125982,
    0.313444,
    0.39,
    0.313444,
    0.125982,
    -0.082172,
    -0.240634,
    -0.331053
  ],
  "5": [
    -0.331053,
    -0.240634,
    -0.082172,
    0.125982,
    0.313444,
    0.39,
    0.313444,
    0.125982,
    -0.082172,
    -0.240634
  ],
  "6": [
    -0.371079,
    -0.331053,
    -0.240634,
    -0.082172,
    0.125982,
    0.313444,
    0.39,
    0.313444,
    0.125982,
    -0.082172
  ],
  "7": [
    -0.38506,
    -0.371079,
    -0.331053,
    -0.240634,
    -0.082172,
    0.125982,
    0.313444,
    0.39,
    0.313444,
    0.125982
  ],
  "8": [
    -0.388951,
    -0.38506,
    -0.371079,
    -0.331053,
    -0.240634,
    -0.082172,
    0.125982,
    0.313444,
    0.39,
    0.313444
  ],
  "9": [
    -0.389819,
    -0.388951,
    -0.38506,
    -0.371079,
    -0.331053,
    -0.240634,
    -0.082172,
    0.125982,
    0.313444,
    0.39
  ],
  "0_0": [
    6.5,
    1.95,
    -5.2,
    -5.85,
    -6.5,
    -7.15,
    -7.8,
    -8.45,
    -9.1,
    -9.75
  ],
  "0_1": [
    1.95,
    6.5,
    1.95,
    -5.2,
    -5.85,
    -6.5,
    -7.15,
    -7.8,
    -8.45,
    -9.1
  ],
  "0_2": [
    -5.2,
    1.95,
    6.5,
    1.95,
    -5.2,
    -5.85,
    -6.5,
    -7.15,
    -7.8,
    -8.45
  ],
  "0_3": [
    -5.85,
    -5.2,
    1.95,
    6.5,
    1.95,
    -5.2,
    -5.85,
    -6.5,
    -7.15,
    -7.8
  ],
  "0_4": [
    -6.5,
    -5.85,
    -5.2,
    1.95,
    6.5,
    1.95,
    -5.2,
    -5.85,
    -6.5,
    -7.15
  ],
  "0_5": [
    -7.15,
    -6.5,
    -5.85,
    -5.2,
    1.95,
    6.5,
    1.95,
    -5.2,
    -5.85,
    -6.5
  ],
  "0_6": [
    -7.8,
    -7.15,
    -6.5,
    -5.85,
    -5.2,
    1.95,
    6.5,
    1.95,
    -5.2,
    -5.85
  ],
  "0_7": [
    -8.45,
    -7.8,
    -7.15,
    -6.5,
    -5.85,
    -5.2,
    1.95,
    6.5,
    1.95,
    -5.2
  ],
  "0_8": [
    -9.1,
    -8.45,
    -7.8,
    -7.15,
    -6.5,
    -5.85,
    -5.2,
    1.95,
    6.5,
    1.95
  ],
  "0_9": [
    -9.75,
    -9.1,
    -8.45,
    -7.8,
    -7.15,
    -6.5,
    -5.85,
    -5.2,
    1.95,
    6.5
  ],
  "1_0": [
    6.5,
    1.95,
    -5.2,
    -5.85,
    -6.5,
    -7.15,
    -7.8,
    -8.45,
    -9.1,
    -9.75
  ],
  "1_1": [
    1.95,
    6.5,
    1.95,
    -5.2,
    -5.85,
    -6.5,
    -7.15,
    -7.8,
    -8.45,
    -9.1
  ],
  "1_2": [
    -5.2,
    1.95,
    6.5,
    1.95,
    -5.2,
    -5.85,
    -6.5,
    -7.15,
    -7.8,
    -8.45
  ],
  "1_3": [
    -5.85,
    -5.2,
    1.95,
    6.5,
    1.95,
    -5.2,
    -5.85,
    -6.5,
    -7.15,
    -7.8
  ],
  "1_4": [
    -6.5,
    -5.85,
    -5.2,
    1.95,
    6.5,
    1.95,
    -5.2,
    -5.85,
    -6.5,
    -7.15
  ],
  "1_5": [
    -7.15,
    -6.5,
    -5.85,
    -5.2,
    1.95,
    6.5,
    1.95,
    -5.2,
    -5.85,
    -6.5
  ],
  "1_6": [
    -7.8,
    -7.15,
    -6.5,
    -5.85,
    -5.2,
    1.95,
    6.5,
    1.95,
    -5.2,
    -5.85
  ],
  "1_7": [
    -8.45,
    -7.8,
    -7.15,
    -6.5,
    -5.85,
    -5.2,
    1.95,
    6.5,
    1.95,
    -5.2
  ],
  "1_8": [
    -9.1,
    -8.45,
    -7.8,
    -7.15,
    -6.5,
    -5.85,
    -5.2,
    1.95,
    6.5,
    1.95
  ],
  "1_9": [
    -9.75,
    -9.1,
    -8.45,
    -7.8,
    -7.15,
    -6.5,
    -5.85,
    -5.2,
    1.95,
    6.5
  ],
  "2_0": [
    6.5,
    1.95,
    -5.2,
    -5.85,
    -6.5,
    -7.15,
    -7.8,
    -8.45,
    -9.1,
    -9.75
  ],
  "2_1": [
    1.95,
    6.5,
    1.95,
    -5.2,
    -5.85,
    -6.5,
    -7.15,
    -7.8,
    -8.45,
    -9.1
  ],
  "2_2": [
    -5.2,
    1.95,
    6.5,
    1.95,
    -5.2,
    -5.85,
    -6.5,
    -7.15,
    -7.8,
    -8.45
  ],
  "2_3": [
    -5.85,
    -5.2,
    1.95,
    6.5,
    1.95,
    -5.2,
    -5.85,
    -6.5,
    -7.15,
    -7.8
  ],
  "2_4": [
    -6.5,
    -5.85,
    -5.2,
    1.95,
    6.5,
    1.95,
    -5.2,
    -5.85,
    -6.5,
    -7.15
  ],
  "2_5": [
    -7.15,
    -6.5,
    -5.85,
    -5.2,
    1.95,
    6.5,
    1.95,
    -5.2,
    -5.85,
    -6.5
  ],
  "2_6": [
    -7.8,
    -7.15,
    -6.5,
    -5.85,
    -5.2,
    1.95,
    6.5,
    1.95,
    -5.2,
    -5.85
  ],
  "2_7": [
    -8.45,
    -7.8,
    -7.15,
    -6.5,
    -5.85,
    -5.2,
    1.95,
    6.5,
    1.95,
    -5.2
  ],
  "2_8": [
    -9.1,
    -8.45,
    -7.8,
    -7.15,
    -6.5,
    -5.85,
    -5.2,
    1.95,
    6.5,
    1.95
  ],
  "2_9": [
    -9.75,
    -9.1,
    -8.45,
    -7.8,
    -7.15,
    -6.5,
    -5.85,
    -5.2,
    1.95,
    6.5
  ],
  "3_0": [
    6.5,
    1.95,
    -5.2,
    -5.85,
    -6.5,
    -7.15,
    -7.8,
    -8.45,
    -9.1,
    -9.75
  ],
  "3_1": [
    1.95,
    6.5,
    1.95,
    -5.2,
    -5.85,
    -6.5,
    -7.15,
    -7.8,
    -8.45,
    -9.1
  ],
  "3_2": [
    -5.2,
    1.95,
    6.5,
    1.95,
    -5.2,
    -5.85,
    -6.5,
    -7.15,
    -7.8,
    -8.45
  ],
  "3_3": [
    -5.85,
    -5.2,
    1.95,
    6.5,
    1.95,
    -5.2,
    -5.85,
    -6.5,
    -7.15,
    -7.8
  ],
  "3_4": [
    -6.5,
    -5.85,
    -5.2,
    1.95,
    6.5,
    1.95,
    -5.2,
    -5.85,
    -6.5,
    -7.15
  ],
  "3_5": [
    -7.15,
    -6.5,
    -5.85,
    -5.2,
    1.95,
    6.5,
    1.95,
    -5.2,
    -5.85,
    -6.5
  ],
  "3_6": [
    -7.8,
    -7.15,
    -6.5,
    -5.85,
    -5.2,
    1.95,
    6.5,
    1.95,
    -5.2,
    -5.85
  ],
  "3_7": [
    -8.45,
    -7.8,
    -7.15,
    -6.5,
    -5.85,
    -5.2,
    1.95,
    6.5,
    1.95,
    -5.2
  ],
  "3_8": [
    -9.1,
    -8.45,
    -7.8,
    -7.15,
    -6.5,
    -5.85,
    -5.2,
    1.95,
    6.5,
    1.95
  ],
  "3_9": [
    -9.75,
    -9.1,
    -8.45,
    -7.8,
    -7.15,
    -6.5,
    -5.85,
    -5.2,
    1.95,
    6.5
  ],
  "4_0": [
    6.5,
    1.95,
    -5.2,
    -5.85,
    -6.5,
    -7.15,
    -7.8,
    -8.45,
    -9.1,
    -9.75
  ],
  "4_1": [
    1.95,
    6.5,
    1.95,
    -5.2,
    -5.85,
    -6.5,
    -7.15,
    -7.8,
    -8.45,
    -9.1
  ],
  "4_2": [
    -5.2,
    1.95,
    6.5,
    1.95,
    -5.2,
    -5.85,
    -6.5,
    -7.15,
    -7.8,
    -8.45
  ],
  "4_3": [
    -5.85,
    -5.2,
    1.95,
    6.5,
    1.95,
    -5.2,
    -5.85,
    -6.5,
    -7.15,
    -7.8
  ],
  "4_4": [
    -6.5,
    -5.85,
    -5.2,
    1.95,
    6.5,
    1.95,
    -5.2,
    -5.85,
    -6.5,
    -7.15
  ],
  "4_5": [
    -7.15,
    -6.5,
    -5.85,
    -5.2,
    1.95,
    6.5,
    1.95,
    -5.2,
    -5.85,
    -6.5
  ],
  "4_6": [
    -7.8,
    -7.15,
    -6.5,
    -5.85,
    -5.2,
    1.95,
    6.5,
    1.95,
    -5.2,
    -5.85
  ],
  "4_7": [
    -8.45,
    -7.8,
    -7.15,
    -6.5,
    -5.85,
    -5.2,
    1.95,
    6.5,
    1.95,
    -5.2
  ],
  "4_8": [
    -9.1,
    -8.45,
    -7.8,
    -7.15,
    -6.5,
    -5.85,
    -5.2,
    1.95,
    6.5,
    1.95
  ],
  "4_9": [
    -9.75,
    -9.1,
    -8.45,
    -7.8,
    -7.15,
    -6.5,
    -5.85,
    -5.2,
    1.95,
    6.5
  ],
  "5_0": [
    6.5,
    1.95,
    -5.2,
    -5.85,
    -6.5,
    -7.15,
    -7.8,
    -8.45,
    -9.1,
    -9.75
  ],
  "5_1": [
    1.95,
    6.5,
    1.95,
    -5.2,
    -5.85,
    -6.5,
    -7.15,
    -7.8,
    -8.45,
    -9.1
  ],
  "5_2": [
    -5.2,
    1.95,
    6.5,
    1.95,
    -5.2,
    -5.85,
    -6.5,
    -7.15,
    -7.8,
    -8.45
  ],
  "5_3": [
    -5.85,
    -5.2,
    1.95,
    6.5,
    1.95,
    -5.2,
    -5.85,
    -6.5,
    -7.15,
    -7.8
  ],
  "5_4": [
    -6.5,
    -5.85,
    -5.2,
    1.95,
    6.5,
    1.95,
    -5.2,
    -5.85,
    -6.5,
    -7.15
  ],