{
  "0": [
    0.375,
    0.301389,
    0.121136,
    -0.079011,
    -0.231379,
    -0.31832,
    -0.356806,
    -0.37025,
    -0.373991,
    -0.374826
  ],
  "1": [
    0.301389,
    0.375,
    0.301389,
    0.121136,
    -0.079011,
    -0.231379,
    -0.31832,
    -0.356806,
    -0.37025,
    -0.373991
  ],
  "2": [
    0.121136,
    0.301389,
    0.375,
    0.301389,
    0.121136,
    -0.079011,
    -0.231379,
    -0.31832,
    -0.356806,
    -0.37025
  ],
  "3": [
    -0.079011,
    0.121136,
    0.301389,
    0.375,
    0.301389,
    0.121136,
    -0.079011,
    -0.231379,
    -0.31832,
    -0.356806
  ],
  "4": [
    -0.231379,
    -0.079011,
    0.121136,
    0.301389,
    0.375,
    0.301389,
    0.121136,
    -0.079011,
    -0.231379,
    -0.31832
  ],
  "5": [
    -0.31832,
    -0.231379,
    -0.079011,
    0.121136,
    0.301389,
    0.375,
    0.301389,
    0.121136,
    -0.079011,
    -0.231379
  ],
  "6": [
    -0.356806,
    -0.31832,
    -0.231379,
    -0.079011,
    0.121136,
    0.301389,
    0.375,
    0.301389,
    0.121136,
    -0.079011
  ],
  "7": [
    -0.37025,
    -0.356806,
    -0.31832,
    -0.231379,
    -0.079011,
    0.121136,
    0.301389,
    0.375,
    0.301389,
    0.121136
  ],
  "8": [
    -0.373991,
    -0.37025,
    -0.356806,
    -0.31832,
    -0.231379,
    -0.079011,
    0.121136,
    0.301389,
    0.375,
    0.301389
  ],
  "9": [
    -0.374826,
    -0.373991,
    -0.37025,
    -0.356806,
    -0.31832,
    -0.231379,
    -0.079011,
    0.121136,
    0.301389,
    0.375
  ],
  "0_0": [
    6.25,
    1.875,
    -5,
    -5.625,
    -6.25,
    -6.875,
    -7.5,
    -8.125,
    -8.75,
    -9.375
  ],
  "0_1": [
    1.875,
    6.25,
    1.875,
    -5,
    -5.625,
    -6.25,
    -6.875,
    -7.5,
    -8.125,
    -8.75
  ],
  "0_2": [
    -5,
    1.875,
    6.25,
    1.875,
    -5,
    -5.625,
    -6.25,
    -6.875,
    -7.5,
    -8.125
  ],
  "0_3": [
    -5.625,
    -5,
    1.875,
    6.25,
    1.875,
    -5,
    -5.625,
    -6.25,
    -6.875,
    -7.5
  ],
  "0_4": [
    -6.25,
    -5.625,
    -5,
    1.875,
    6.25,
    1.875,
    -5,
    -5.625,
    -6.25,
    -6.875
  ],
  "0_5": [
    -6.875,
    -6.25,
    -5.625,
    -5,
    1.875,
    6.25,
    1.875,
    -5,
    -5.625,
    -6.25
  ],
  "0_6": [
    -7.5,
    -6.875,
    -6.25,
    -5.625,
    -5,
    1.875,
    6.25,
    1.875,
    -5,
    -5.625
  ],
  "0_7": [
    -8.125,
    -7.5,
    -6.875,
    -6.25,
    -5.625,
    -5,
    1.875,
    6.25,
    1.875,
    -5
  ],
  "0_8": [
    -8.75,
    -8.125,
    -7.5,
    -6.875,
    -6.25,
    -5.625,
    -5,
    1.875,
    6.25,
    1.875
  ],
  "0_9": [
    -9.375,
    -8.75,
    -8.125,
    -7.5,
    -6.875,
    -6.25,
    -5.625,
    -5,
    1.875,
    6.25
  ],
  "1_0": [
    6.25,
    1.875,
    -5,
    -5.625,
    -6.25,
    -6.875,
    -7.5,
    -8.125,
    -8.75,
    -9.375
  ],
  "1_1": [
    1.875,
    6.25,
    1.875,
    -5,
    -5.625,
    -6.25,
    -6.875,
    -7.5,
    -8.125,
    -8.75
  ],
  "1_2": [
    -5,
    1.875,
    6.25,
    1.875,
    -5,
    -5.625,
    -6.25,
    -6.875,
    -7.5,
    -8.125
  ],
  "1_3": [
    -5.625,
    -5,
    1.875,
    6.25,
    1.875,
    -5,
    -5.625,
    -6.25,
    -6.875,
    -7.5
  ],
  "1_4": [
    -6.25,
    -5.625,
    -5,
    1.875,
    6.25,
    1.875,
    -5,
    -5.625,
    -6.25,
    -6.875
  ],
  "1_5": [
    -6.875,
    -6.25,
    -5.625,
    -5,
    1.875,
    6.25,
    1.875,
    -5,
    -5.625,
    -6.25
  ],
  "1_6": [
    -7.5,
    -6.875,
    -6.25,
    -5.625,
    -5,
    1.875,
    6.25,
    1.875,
    -5,
    -5.625
  ],
  "1_7": [
    -8.125,
    -7.5,
    -6.875,
    -6.25,
    -5.625,
    -5,
    1.875,
    6.25,
    1.875,
    -5
  ],
  "1_8": [
    -8.75,
    -8.125,
    -7.5,
    -6.875,
    -6.25,
    -5.625,
    -5,
    1.875,
    6.25,
    1.875
  ],
  "1_9": [
    -9.375,
    -8.75,
    -8.125,
    -7.5,
    -6.875,
    -6.25,
    -5.625,
    -5,
    1.875,
    6.25
  ],
  "2_0": [
    6.25,
    1.875,
    -5,
    -5.625,
    -6.25,
    -6.875,
    -7.5,
    -8.125,
    -8.75,
    -9.375
  ],
  "2_1": [
    1.875,
    6.25,
    1.875,
    -5,
    -5.625,
    -6.25,
    -6.875,
    -7.5,
    -8.125,
    -8.75
  ],
  "2_2": [
    -5,
    1.875,
    6.25,
    1.875,
    -5,
    -5.625,
    -6.25,
    -6.875,
    -7.5,
    -8.125
  ],
  "2_3": [
    -5.625,
    -5,
    1.875,
    6.25,
    1.875,
    -5,
    -5.625,
    -6.25,
    -6.875,
    -7.5
  ],
  "2_4": [
    -6.25,
    -5.625,
    -5,
    1.875,
    6.25,
    1.875,
    -5,
    -5.625,
    -6.25,
    -6.875
  ],
  "2_5": [
    -6.875,
    -6.25,
    -5.625,
    -5,
    1.875,
    6.25,
    1.875,
    -5,
    -5.625,
    -6.25
  ],
  "2_6": [
    -7.5,
    -6.875,
    -6.25,
    -5.625,
    -5,
    1.875,
    6.25,
    1.875,
    -5,
    -5.625
  ],
  "2_7": [
    -8.125,
    -7.5,
    -6.875,
    -6.25,
    -5.625,
    -5,
    1.875,
    6.25,
    1.875,
    -5
  ],
  "2_8": [
    -8.75,
    -8.125,
    -7.5,
    -6.875,
    -6.25,
    -5.625,
    -5,
    1.875,
    6.25,
    1.875
  ],
  "2_9": [
    -9.375,
    -8.75,
    -8.125,
    -7.5,
    -6.875,
    -6.25,
    -5.625,
    -5,
    1.875,
    6.25
  ],
  "3_0": [
    6.25,
    1.875,
    -5,
    -5.625,
    -6.25,
    -6.875,
    -7.5,
    -8.125,
    -8.75,
    -9.375
  ],
  "3_1": [
    1.875,
    6.25,
    1.875,
    -5,
    -5.625,
    -6.25,
    -6.875,
    -7.5,
    -8.125,
    -8.75
  ],
  "3_2": [
    -5,
    1.875,
    6.25,
    1.875,
    -5,
    -5.625,
    -6.25,
    -6.875,
    -7.5,
    -8.125
  ],
  "3_3": [
    -5.625,
    -5,
    1.875,
    6.25,
    1.875,
    -5,
    -5.625,
    -6.25,
    -6.875,
    -7.5
  ],
  "3_4": [
    -6.25,
    -5.625,
    -5,
    1.875,
    6.25,
    1.875,
    -5,
    -5.625,
    -6.25,
    -6.875
  ],
  "3_5": [
    -6.875,
    -6.25,
    -5.625,
    -5,
    1.875,
    6.25,
    1.875,
    -5,
    -5.625,
    -6.25
  ],
  "3_6": [
    -7.5,
    -6.875,
    -6.25,
    -5.625,
    -5,
    1.875,
    6.25,
    1.875,
    -5,
    -5.625
  ],
  "3_7": [
    -8.125,
    -7.5,
    -6.875,
    -6.25,
    -5.625,
    -5,
    1.875,
    6.25,
    1.875,
    -5
  ],
  "3_8": [
    -8.75,
    -8.125,
    -7.5,
    -6.875,
    -6.25,
    -5.625,
    -5,
    1.875,
    6.25,
    1.875
  ],
  "3_9": [
    -9.375,
    -8.75,
    -8.125,
    -7.5,
    -6.875,
    -6.25,
    -5.625,
    -5,
    1.875,
    6.25
  ],
  "4_0": [
    6.25,
    1.875,
    -5,
    -5.625,
    -6.25,
    -6.875,
    -7.5,
    -8.125,
    -8.75,
    -9.375
  ],
  "4_1": [
    1.875,
    6.25,
    1.875,
    -5,
    -5.625,
    -6.25,
    -6.875,
    -7.5,
    -8.125,
    -8.75
  ],
  "4_2": [
    -5,
    1.875,
    6.25,
    1.875,
    -5,
    -5.625,
    -6.25,
    -6.875,
    -7.5,
    -8.125
  ],
  "4_3": [
    -5.625,
    -5,
    1.875,
    6.25,
    1.875,
    -5,
    -5.625,
    -6.25,
    -6.875,
    -7.5
  ],
  "4_4": [
    -6.25,
    -5.625,
    -5,
    1.875,
    6.25,
    1.875,
    -5,
    -5.625,
    -6.25,
    -6.875
  ],
  "4_5": [
    -6.875,
    -6.25,
    -5.625,
    -5,
    1.875,
    6.25,
    1.875,
    -5,
    -5.625,
    -6.25
  ],
  "4_6": [
    -7.5,
    -6.875,
    -6.25,
    -5.625,
    -5,
    1.875,
    6.25,
    1.875,
    -5,
    -5.625
  ],
  "4_7": [
    -8.125,
    -7.5,
    -6.875,
    -6.25,
    -5.625,
    -5,
    1.875,
    6.25,
    1.875,
    -5
  ],
  "4_8": [
    -8.75,
    -8.125,
    -7.5,
    -6.875,
    -6.25,
    -5.625,
    -5,
    1.875,
    6.25,
    1.875
  ],
  "4_9": [
    -9.375,
    -8.75,
    -8.125,
    -7.5,
    -6.875,
    -6.25,
    -5.625,
    -5,
    1.875,
    6.25
  ],
  "5_0": [
    6.25,
    1.875,
    -5,
    -5.625,
    -6.25,
    -6.875,
    -7.5,
    -8.125,
    -8.75,
    -9.375
  ],
  "5_1": [
    1.875,
    6.25,
    1.875,
    -5,
    -5.625,
    -6.25,
    -6.875,
    -7.5,
    -8.125,
    -8.75
  ],
  "5_2": [
    -5,
    1.875,
    6.25,
    1.875,
    -5,
    -5.625,
    -6.25,
    -6.875,
    -7.5,
    -8.125
  ],