{
  "0": [
    0.40125,
    0.322486,
    0.129616,
    -0.084542,
    -0.247575,
    -0.340602,
    -0.381783,
    -0.396168,
    -0.400171,
    -0.401064
  ],
  "1": [
    0.322486,
    0.40125,
    0.322486,
    0.129616,
    -0.084542,
    -0.247575,
    -0.340602,
    -0.381783,
    -0.396168,
    -0.400171
  ],
  "2": [
    0.129616,
    0.322486,
    0.40125,
    0.322486,
    0.129616,
    -0.084542,
    -0.247575,
    -0.340602,
    -0.381783,
    -0.396168
  ],
  "3": [
    -0.084542,
    0.129616,
    0.322486,
    0.40125,
    0.322486,
    0.129616,
    -0.084542,
    -0.247575,
    -0.340602,
    -0.381783
  ],
  "4": [
    -0.247575,
    -0.084542,
    0.129616,
    0.322486,
    0.40125,
    0.322486,
    0.129616,
    -0.084542,
    -0.247575,
    -0.340602
  ],
  "5": [
    -0.340602,
    -0.247575,
    -0.084542,
    0.129616,
    0.322486,
    0.40125,
    0.322486,
    0.129616,
    -0.084542,
    -0.247575
  ],
  "6": [
    -0.381783,
    -0.340602,
    -0.247575,
    -0.084542,
    0.129616,
    0.322486,
    0.40125,
    0.322486,
    0.129616,
    -0.084542
  ],
  "7": [
    -0.396168,
    -0.381783,
    -0.340602,
    -0.247575,
    -0.084542,
    0.129616,
    0.322486,
    0.40125,
    0.322486,
    0.129616
  ],
  "8": [
    -0.400171,
    -0.396168,
    -0.381783,
    -0.340602,
    -0.247575,
    -0.084542,
    0.129616,
    0.322486,
    0.40125,
    0.322486
  ],
  "9": [
    -0.401064,
    -0.400171,
    -0.396168,
    -0.381783,
    -0.340602,
    -0.247575,
    -0.084542,
    0.129616,
    0.322486,
    0.40125
  ],
  "0_0": [
    6.6875,
    2.00625,
    -5.35,
    -6.01875,
    -6.6875,
    -7.35625,
    -8.025,
    -8.69375,
    -9.3625,
    -10.03125
  ],
  "0_1": [
    2.00625,
    6.6875,
    2.00625,
    -5.35,
    -6.01875,
    -6.6875,
    -7.35625,
    -8.025,
    -8.69375,
    -9.3625
  ],
  "0_2": [
    -5.35,
    2.00625,
    6.6875,
    2.00625,
    -5.35,
    -6.01875,
    -6.6875,
    -7.35625,
    -8.025,
    -8.69375
  ],
  "0_3": [
    -6.01875,
    -5.35,
    2.00625,
    6.6875,
    2.00625,
    -5.35,
    -6.01875,
    -6.6875,
    -7.35625,
    -8.025
  ],
  "0_4": [
    -6.6875,
    -6.01875,
    -5.35,
    2.00625,
    6.6875,
    2.00625,
    -5.35,
    -6.01875,
    -6.6875,
    -7.35625
  ],
  "0_5": [
    -7.35625,
    -6.6875,
    -6.01875,
    -5.35,
    2.00625,
    6.6875,
    2.00625,
    -5.35,
    -6.01875,
    -6.6875
  ],
  "0_6": [
    -8.025,
    -7.35625,
    -6.6875,
    -6.01875,
    -5.35,
    2.00625,
    6.6875,
    2.00625,
    -5.35,
    -6.01875
  ],
  "0_7": [
    -8.69375,
    -8.025,
    -7.35625,
    -6.6875,
    -6.01875,
    -5.35,
    2.00625,
    6.6875,
    2.00625,
    -5.35
  ],
  "0_8": [
    -9.3625,
    -8.69375,
    -8.025,
    -7.35625,
    -6.6875,
    -6.01875,
    -5.35,
    2.00625,
    6.6875,
    2.00625
  ],
  "0_9": [
    -10.03125,
    -9.3625,
    -8.69375,
    -8.025,
    -7.35625,
    -6.6875,
    -6.01875,
    -5.35,
    2.00625,
    6.6875
  ],
  "1_0": [
    6.6875,
    2.00625,
    -5.35,
    -6.01875,
    -6.6875,
    -7.35625,
    -8.025,
    -8.69375,
    -9.3625,
    -10.03125
  ],
  "1_1": [
    2.00625,
    6.6875,
    2.00625,
    -5.35,
    -6.01875,
    -6.6875,
    -7.35625,
    -8.025,
    -8.69375,
    -9.3625
  ],
  "1_2": [
    -5.35,
    2.00625,
    6.6875,
    2.00625,
    -5.35,
    -6.01875,
    -6.6875,
    -7.35625,
    -8.025,
    -8.69375
  ],
  "1_3": [
    -6.01875,
    -5.35,
    2.00625,
    6.6875,
    2.00625,
    -5.35,
    -6.01875,
    -6.6875,
    -7.35625,
    -8.025
  ],
  "1_4": [
    -6.6875,
    -6.01875,
    -5.35,
    2.00625,
    6.6875,
    2.00625,
    -5.35,
    -6.01875,
    -6.6875,
    -7.35625
  ],
  "1_5": [
    -7.35625,
    -6.6875,
    -6.01875,
    -5.35,
    2.00625,
    6.6875,
    2.00625,
    -5.35,
    -6.01875,
    -6.6875
  ],
  "1_6": [
    -8.025,
    -7.35625,
    -6.6875,
    -6.01875,
    -5.35,
    2.00625,
    6.6875,
    2.00625,
    -5.35,
    -6.01875
  ],
  "1_7": [
    -8.69375,
    -8.025,
    -7.35625,
    -6.6875,
    -6.01875,
    -5.35,
    2.00625,
    6.6875,
    2.00625,
    -5.35
  ],
  "1_8": [
    -9.3625,
    -8.69375,
    -8.025,
    -7.35625,
    -6.6875,
    -6.01875,
    -5.35,
    2.00625,
    6.6875,
    2.00625
  ],
  "1_9": [
    -10.03125,
    -9.3625,
    -8.69375,
    -8.025,
    -7.35625,
    -6.6875,
    -6.01875,
    -5.35,
    2.00625,
    6.6875
  ],
  "2_0": [
    6.6875,
    2.00625,
    -5.35,
    -6.01875,
    -6.6875,
    -7.35625,
    -8.025,
    -8.69375,
    -9.3625,
    -10.03125
  ],
  "2_1": [
    2.00625,
    6.6875,
    2.00625,
    -5.35,
    -6.01875,
    -6.6875,
    -7.35625,
    -8.025,
    -8.69375,
    -9.3625
  ],
  "2_2": [
    -5.35,
    2.00625,
    6.6875,
    2.00625,
    -5.35,
    -6.01875,
    -6.6875,
    -7.35625,
    -8.025,
    -8.69375
  ],
  "2_3": [
    -6.01875,
    -5.35,
    2.00625,
    6.6875,
    2.00625,
    -5.35,
    -6.01875,
    -6.6875,
    -7.35625,
    -8.025
  ],
  "2_4": [
    -6.6875,
    -6.01875,
    -5.35,
    2.00625,
    6.6875,
    2.00625,
    -5.35,
    -6.01875,
    -6.6875,
    -7.35625
  ],
  "2_5": [
    -7.35625,
    -6.6875,
    -6.01875,
    -5.35,
    2.00625,
    6.6875,
    2.00625,
    -5.35,
    -6.01875,
    -6.6875
  ],
  "2_6": [
    -8.025,
    -7.35625,
    -6.6875,
    -6.01875,
    -5.35,
    2.00625,
    6.6875,
    2.00625,
    -5.35,
    -6.01875
  ],
  "2_7": [
    -8.69375,
    -8.025,
    -7.35625,
    -6.6875,
    -6.01875,
    -5.35,
    2.00625,
    6.6875,
    2.00625,
    -5.35
  ],
  "2_8": [
    -9.3625,
    -8.69375,
    -8.025,
    -7.35625,
    -6.6875,
    -6.01875,
    -5.35,
    2.00625,
    6.6875,
    2.00625
  ],
  "2_9": [
    -10.03125,
    -9.3625,
    -8.69375,
    -8.025,
    -7.35625,
    -6.6875,
    -6.01875,
    -5.35,
    2.00625,
    6.6875
  ],
  "3_0": [
    6.6875,
    2.00625,
    -5.35,
    -6.01875,
    -6.6875,
    -7.35625,
    -8.025,
    -8.69375,
    -9.3625,
    -10.03125
  ],
  "3_1": [
    2.00625,
    6.6875,
    2.00625,
    -5.35,
    -6.01875,
    -6.6875,
    -7.35625,
    -8.025,
    -8.69375,
    -9.3625
  ],
  "3_2": [
    -5.35,
    2.00625,
    6.6875,
    2.00625,
    -5.35,
    -6.01875,
    -6.6875,
    -7.35625,
    -8.025,
    -8.69375
  ],
  "3_3": [
    -6.01875,
    -5.35,
    2.00625,
    6.6875,
    2.00625,
    -5.35,
    -6.01875,
    -6.6875,
    -7.35625,
    -8.025
  ],
  "3_4": [
    -6.6875,
    -6.01875,
    -5.35,
    2.00625,
    6.6875,
    2.00625,
    -5.35,
    -6.01875,
    -6.6875,
    -7.35625
  ],
  "3_5": [
    -7.35625,
    -6.6875,
    -6.01875,
    -5.35,
    2.00625,
    6.6875,
    2.00625,
    -5.35,
    -6.01875,
    -6.6875
  ],
  "3_6": [
    -8.025,
    -7.35625,
    -6.6875,
    -6.01875,
    -5.35,
    2.00625,
    6.6875,
    2.00625,
    -5.35,
    -6.01875
  ],
  "3_7": [
    -8.69375,
    -8.025,
    -7.35625,
    -6.6875,
    -6.01875,
    -5.35,
    2.00625,
    6.6875,
    2.00625,
    -5.35
  ],
  "3_8": [
    -9.3625,
    -8.69375,
    -8.025,
    -7.35625,
    -6.6875,
    -6.01875,
    -5.35,
    2.00625,
    6.6875,
    2.00625
  ],
  "3_9": [
    -10.03125,
    -9.3625,
    -8.69375,
    -8.025,
    -7.35625,
    -6.6875,
    -6.01875,
    -5.35,
    2.00625,
    6.6875
  ],
  "4_0": [
    6.6875,
    2.00625,
    -5.35,
    -6.01875,
    -6.6875,
    -7.35625,
    -8.025,
    -8.69375,
    -9.3625,
    -10.03125
  ],
  "4_1": [
    2.00625,
    6.6875,
    2.00625,
    -5.35,
    -6.01875,
    -6.6875,
    -7.35625,
    -8.025,
    -8.69375,
    -9.3625
  ],
  "4_2": [
    -5.35,
    2.00625,
    6.6875,
    2.00625,
    -5.35,
    -6.01875,
    -6.6875,
    -7.35625,
    -8.025,
    -8.69375
  ],
  "4_3": [
    -6.01875,
    -5.35,
    2.00625,
    6.6875,
    2.00625,
    -5.35,
    -6.01875,
    -6.6875,
    -7.35625,
    -8.025
  ],