{
  "0": [
    0.31125,
    0.250153,
    0.100543,
    -0.065579,
    -0.192044,
    -0.264206,
    -0.296149,
    -0.307308,
    -0.310413,
    -0.311106
  ],
  "1": [
    0.250153,
    0.31125,
    0.250153,
    0.100543,
    -0.065579,
    -0.192044,
    -0.264206,
    -0.296149,
    -0.307308,
    -0.310413
  ],
  "2": [
    0.100543,
    0.250153,
    0.31125,
    0.250153,
    0.100543,
    -0.065579,
    -0.192044,
    -0.264206,
    -0.296149,
    -0.307308
  ],
  "3": [
    -0.065579,
    0.100543,
    0.250153,
    0.31125,
    0.250153,
    0.100543,
    -0.065579,
    -0.192044,
    -0.264206,
    -0.296149
  ],
  "4": [
    -0.192044,
    -0.065579,
    0.100543,
    0.250153,
    0.31125,
    0.250153,
    0.100543,
    -0.065579,
    -0.192044,
    -0.264206
  ],
  "5": [
    -0.264206,
    -0.192044,
    -0.065579,
    0.100543,
    0.250153,
    0.31125,
    0.250153,
    0.100543,
    -0.065579,
    -0.192044
  ],
  "6": [
    -0.296149,
    -0.264206,
    -0.192044,
    -0.065579,
    0.100543,
    0.250153,
    0.31125,
    0.250153,
    0.100543,
    -0.065579
  ],
  "7": [
    -0.307308,
    -0.296149,
    -0.264206,
    -0.192044,
    -0.065579,
    0.100543,
    0.250153,
    0.31125,
    0.250153,
    0.100543
  ],
  "8": [
    -0.310413,
    -0.307308,
    -0.296149,
    -0.264206,
    -0.192044,
    -0.065579,
    0.100543,
    0.250153,
    0.31125,
    0.250153
  ],
  "9": [
    -0.311106,
    -0.310413,
    -0.307308,
    -0.296149,
    -0.264206,
    -0.192044,
    -0.065579,
    0.100543,
    0.250153,
    0.31125
  ],
  "0_0": [
    5.1875,
    1.55625,
    -4.15,
    -4.66875,
    -5.1875,
    -5.70625,
    -6.225,
    -6.74375,
    -7.2625,
    -7.78125
  ],
  "0_1": [
    1.55625,
    5.1875,
    1.55625,
    -4.15,
    -4.66875,
    -5.1875,
    -5.70625,
    -6.225,
    -6.74375,
    -7.2625
  ],
  "0_2": [
    -4.15,
    1.55625,
    5.1875,
    1.55625,
    -4.15,
    -4.66875,
    -5.1875,
    -5.70625,
    -6.225,
    -6.74375
  ],
  "0_3": [
    -4.66875,
    -4.15,
    1.55625,
    5.1875,
    1.55625,
    -4.15,
    -4.66875,
    -5.1875,
    -5.70625,
    -6.225
  ],
  "0_4": [
    -5.1875,
    -4.66875,
    -4.15,
    1.55625,
    5.1875,
    1.55625,
    -4.15,
    -4.66875,
    -5.1875,
    -5.70625
  ],
  "0_5": [
    -5.70625,
    -5.1875,
    -4.66875,
    -4.15,
    1.55625,
    5.1875,
    1.55625,
    -4.15,
    -4.66875,
    -5.1875
  ],
  "0_6": [
    -6.225,
    -5.70625,
    -5.1875,
    -4.66875,
    -4.15,
    1.55625,
    5.1875,
    1.55625,
    -4.15,
    -4.66875
  ],
  "0_7": [
    -6.74375,
    -6.225,
    -5.70625,
    -5.1875,
    -4.66875,
    -4.15,
    1.55625,
    5.1875,
    1.55625,
    -4.15
  ],
  "0_8": [
    -7.2625,
    -6.74375,
    -6.225,
    -5.70625,
    -5.1875,
    -4.66875,
    -4.15,
    1.55625,
    5.1875,
    1.55625
  ],
  "0_9": [
    -7.78125,
    -7.2625,
    -6.74375,
    -6.225,
    -5.70625,
    -5.1875,
    -4.66875,
    -4.15,
    1.55625,
    5.1875
  ],
  "1_0": [
    5.1875,
    1.55625,
    -4.15,
    -4.66875,
    -5.1875,
    -5.70625,
    -6.225,
    -6.74375,
    -7.2625,
    -7.78125
  ],
  "1_1": [
    1.55625,
    5.1875,
    1.55625,
    -4.15,
    -4.66875,
    -5.1875,
    -5.70625,
    -6.225,
    -6.74375,
    -7.2625
  ],
  "1_2": [
    -4.15,
    1.55625,
    5.1875,
    1.55625,
    -4.15,
    -4.66875,
    -5.1875,
    -5.70625,
    -6.225,
    -6.74375
  ],
  "1_3": [
    -4.66875,
    -4.15,
    1.55625,
    5.1875,
    1.55625,
    -4.15,
    -4.66875,
    -5.1875,
    -5.70625,
    -6.225
  ],
  "1_4": [
    -5.1875,
    -4.66875,
    -4.15,
    1.55625,
    5.1875,
    1.55625,
    -4.15,
    -4.66875,
    -5.1875,
    -5.70625
  ],
  "1_5": [
    -5.70625,
    -5.1875,
    -4.66875,
    -4.15,
    1.55625,
    5.1875,
    1.55625,
    -4.15,
    -4.66875,
    -5.1875
  ],
  "1_6": [
    -6.225,
    -5.70625,
    -5.1875,
    -4.66875,
    -4.15,
    1.55625,
    5.1875,
    1.55625,
    -4.15,
    -4.66875
  ],
  "1_7": [
    -6.74375,
    -6.225,
    -5.70625,
    -5.1875,
    -4.66875,
    -4.15,
    1.55625,
    5.1875,
    1.55625,
    -4.15
  ],
  "1_8": [
    -7.2625,
    -6.74375,
    -6.225,
    -5.70625,
    -5.1875,
    -4.66875,
    -4.15,
    1.55625,
    5.1875,
    1.55625
  ],
  "1_9": [
    -7.78125,
    -7.2625,
    -6.74375,
    -6.225,
    -5.70625,
    -5.1875,
    -4.66875,
    -4.15,
    1.55625,
    5.1875
  ],
  "2_0": [
    5.1875,
    1.55625,
    -4.15,
    -4.66875,
    -5.1875,
    -5.70625,
    -6.225,
    -6.74375,
    -7.2625,
    -7.78125
  ],
  "2_1": [
    1.55625,
    5.1875,
    1.55625,
    -4.15,
    -4.66875,
    -5.1875,
    -5.70625,
    -6.225,
    -6.74375,
    -7.2625
  ],
  "2_2": [
    -4.15,
    1.55625,
    5.1875,
    1.55625,
    -4.15,
    -4.66875,
    -5.1875,
    -5.70625,
    -6.225,
    -6.74375
  ],
  "2_3": [
    -4.66875,
    -4.15,
    1.55625,
    5.1875,
    1.55625,
    -4.15,
    -4.66875,
    -5.1875,
    -5.70625,
    -6.225
  ],
  "2_4": [
    -5.1875,
    -4.66875,
    -4.15,
    1.55625,
    5.1875,
    1.55625,
    -4.15,
    -4.66875,
    -5.1875,
    -5.70625
  ],
  "2_5": [
    -5.70625,
    -5.1875,
    -4.66875,
    -4.15,
    1.55625,
    5.1875,
    1.55625,
    -4.15,
    -4.66875,
    -5.1875
  ],
  "2_6": [
    -6.225,
    -5.70625,
    -5.1875,
    -4.66875,
    -4.15,
    1.55625,
    5.1875,
    1.55625,
    -4.15,
    -4.66875
  ],
  "2_7": [
    -6.74375,
    -6.225,
    -5.70625,
    -5.1875,
    -4.66875,
    -4.15,
    1.55625,
    5.1875,
    1.55625,
    -4.15
  ],
  "2_8": [
    -7.2625,
    -6.74375,
    -6.225,
    -5.70625,
    -5.1875,
    -4.66875,
    -4.15,
    1.55625,
    5.1875,
    1.55625
  ],
  "2_9": [
    -7.78125,
    -7.2625,
    -6.74375,
    -6.225,
    -5.70625,
    -5.1875,
    -4.66875,
    -4.15,
    1.55625,
    5.1875
  ],
  "3_0": [
    5.1875,
    1.55625,
    -4.15,
    -4.66875,
    -5.1875,
    -5.70625,
    -6.225,
    -6.74375,
    -7.2625,
    -7.78125
  ],
  "3_1": [
    1.55625,
    5.1875,
    1.55625,
    -4.15,
    -4.66875,
    -5.1875,
    -5.70625,
    -6.225,
    -6.74375,
    -7.2625
  ],
  "3_2": [
    -4.15,
    1.55625,
    5.1875,
    1.55625,
    -4.15,
    -4.66875,
    -5.1875,
    -5.70625,
    -6.225,
    -6.74375
  ],
  "3_3": [
    -4.66875,
    -4.15,
    1.55625,
    5.1875,
    1.55625,
    -4.15,
    -4.66875,
    -5.1875,
    -5.70625,
    -6.225
  ],
  "3_4": [
    -5.1875,
    -4.66875,
    -4.15,
    1.55625,
    5.1875,
    1.55625,
    -4.15,
    -4.66875,
    -5.1875,
    -5.70625
  ],
  "3_5": [
    -5.70625,
    -5.1875,
    -4.66875,
    -4.15,
    1.55625,
    5.1875,
    1.55625,
    -4.15,
    -4.66875,
    -5.1875
  ],
  "3_6": [
    -6.225,
    -5.70625,
    -5.1875,
    -4.66875,
    -4.15,
    1.55625,
    5.1875,
    1.55625,
    -4.15,
    -4.66875
  ],
  "3_7": [
    -6.74375,
    -6.225,
    -5.70625,
    -5.1875,
    -4.66875,
    -4.15,
    1.55625,
    5.1875,
    1.55625,
    -4.15
  ],
  "3_8": [
    -7.2625,
    -6.74375,
    -6.225,
    -5.70625,
    -5.1875,
    -4.66875,
    -4.15,
    1.55625,
    5.1875,
    1.55625
  ],
  "3_9": [
    -7.78125,
    -7.2625,
    -6.74375,
    -6.225,
    -5.70625,
    -5.1875,
    -4.66875,
    -4.15,
    1.55625,
    5.1875
  ],
  "4_0": [
    5.1875,
    1.55625,
    -4.15,
    -4.66875,
    -5.1875,
    -5.70625,
    -6.225,
    -6.74375,
    -7.2625,
    -7.78125
  ],
  "4_1": [
    1.55625,
    5.1875,
    1.55625,
    -4.15,
    -4.66875,
    -5.1875,
    -5.70625,
    -6.225,
    -6.74375,
    -7.2625
  ],
  "4_2": [
    -4.15,
    1.55625,
    5.1875,
    1.55625,
    -4.15,
    -4.66875,
    -5.1875,
    -5.70625,
    -6.225,
    -6.74375
  ],
  "4_3": [
    -4.66875,
    -4.15,
    1.55625,
    5.1875,
    1.55625,
    -4.15,
    -4.66875,
    -5.1875,
    -5.70625,
    -6.225
  ],