{
  "0": [
    0.525,
    0.421944,
    0.169591,
    -0.110616,
    -0.32393,
    -0.445648,
    -0.499529,
    -0.51835,
    -0.523588,
    -0.524757
  ],
  "1": [
    0.421944,
    0.525,
    0.421944,
    0.169591,
    -0.110616,
    -0.32393,
    -0.445648,
    -0.499529,
    -0.51835,
    -0.523588
  ],
  "2": [
    0.169591,
    0.421944,
    0.525,
    0.421944,
    0.169591,
    -0.110616,
    -0.32393,
    -0.445648,
    -0.499529,
    -0.51835
  ],
  "3": [
    -0.110616,
    0.169591,
    0.421944,
    0.525,
    0.421944,
    0.169591,
    -0.110616,
    -0.32393,
    -0.445648,
    -0.499529
  ],
  "4": [
    -0.32393,
    -0.110616,
    0.169591,
    0.421944,
    0.525,
    0.421944,
    0.169591,
    -0.110616,
    -0.32393,
    -0.445648
  ],
  "5": [
    -0.445648,
    -0.32393,
    -0.110616,
    0.169591,
    0.421944,
    0.525,
    0.421944,
    0.169591,
    -0.110616,
    -0.32393
  ],
  "6": [
    -0.499529,
    -0.445648,
    -0.32393,
    -0.110616,
    0.169591,
    0.421944,
    0.525,
    0.421944,
    0.169591,
    -0.110616
  ],
  "7": [
    -0.51835,
    -0.499529,
    -0.445648,
    -0.32393,
    -0.110616,
    0.169591,
    0.421944,
    0.525,
    0.421944,
    0.169591
  ],
  "8": [
    -0.523588,
    -0.51835,
    -0.499529,
    -0.445648,
    -0.32393,
    -0.110616,
    0.169591,
    0.421944,
    0.525,
    0.421944
  ],
  "9": [
    -0.524757,
    -0.523588,
    -0.51835,
    -0.499529,
    -0.445648,
    -0.32393,
    -0.110616,
    0.169591,
    0.421944,
    0.525
  ],
  "0_0": [
    8.75,
    2.625,
    -7,
    -7.875,
    -8.75,
    -9.625,
    -10.5,
    -11.375,
    -12.25,
    -13.125
  ],
  "0_1": [
    2.625,
    8.75,
    2.625,
    -7,
    -7.875,
    -8.75,
    -9.625,
    -10.5,
    -11.375,
    -12.25
  ],
  "0_2": [
    -7,
    2.625,
    8.75,
    2.625,
    -7,
    -7.875,
    -8.75,
    -9.625,
    -10.5,
    -11.375
  ],
  "0_3": [
    -7.875,
    -7,
    2.625,
    8.75,
    2.625,
    -7,
    -7.875,
    -8.75,
    -9.625,
    -10.5
  ],
  "0_4": [
    -8.75,
    -7.875,
    -7,
    2.625,
    8.75,
    2.625,
    -7,
    -7.875,
    -8.75,
    -9.625
  ],
  "0_5": [
    -9.625,
    -8.75,
    -7.875,
    -7,
    2.625,
    8.75,
    2.625,
    -7,
    -7.875,
    -8.75
  ],
  "0_6": [
    -10.5,
    -9.625,
    -8.75,
    -7.875,
    -7,
    2.625,
    8.75,
    2.625,
    -7,
    -7.875
  ],
  "0_7": [
    -11.375,
    -10.5,
    -9.625,
    -8.75,
    -7.875,
    -7,
    2.625,
    8.75,
    2.625,
    -7
  ],
  "0_8": [
    -12.25,
    -11.375,
    -10.5,
    -9.625,
    -8.75,
    -7.875,
    -7,
    2.625,
    8.75,
    2.625
  ],
  "0_9": [
    -13.125,
    -12.25,
    -11.375,
    -10.5,
    -9.625,
    -8.75,
    -7.875,
    -7,
    2.625,
    8.75
  ],
  "1_0": [
    8.75,
    2.625,
    -7,
    -7.875,
    -8.75,
    -9.625,
    -10.5,
    -11.375,
    -12.25,
    -13.125
  ],
  "1_1": [
    2.625,
    8.75,
    2.625,
    -7,
    -7.875,
    -8.75,
    -9.625,
    -10.5,
    -11.375,
    -12.25
  ],
  "1_2": [
    -7,
    2.625,
    8.75,
    2.625,
    -7,
    -7.875,
    -8.75,
    -9.625,
    -10.5,
    -11.375
  ],
  "1_3": [
    -7.875,
    -7,
    2.625,
    8.75,
    2.625,
    -7,
    -7.875,
    -8.75,
    -9.625,
    -10.5
  ],
  "1_4": [
    -8.75,
    -7.875,
    -7,
    2.625,
    8.75,
    2.625,
    -7,
    -7.875,
    -8.75,
    -9.625
  ],
  "1_5": [
    -9.625,
    -8.75,
    -7.875,
    -7,
    2.625,
    8.75,
    2.625,
    -7,
    -7.875,
    -8.75
  ],
  "1_6": [
    -10.5,
    -9.625,
    -8.75,
    -7.875,
    -7,
    2.625,
    8.75,
    2.625,
    -7,
    -7.875
  ],
  "1_7": [
    -11.375,
    -10.5,
    -9.625,
    -8.75,
    -7.875,
    -7,
    2.625,
    8.75,
    2.625,
    -7
  ],
  "1_8": [
    -12.25,
    -11.375,
    -10.5,
    -9.625,
    -8.75,
    -7.875,
    -7,
    2.625,
    8.75,
    2.625
  ],
  "1_9": [
    -13.125,
    -12.25,
    -11.375,
    -10.5,
    -9.625,
    -8.75,
    -7.875,
    -7,
    2.625,
    8.75
  ],
  "2_0": [
    8.75,
    2.625,
    -7,
    -7.875,
    -8.75,
    -9.625,
    -10.5,
    -11.375,
    -12.25,
    -13.125
  ],
  "2_1": [
    2.625,
    8.75,
    2.625,
    -7,
    -7.875,
    -8.75,
    -9.625,
    -10.5,
    -11.375,
    -12.25
  ],
  "2_2": [
    -7,
    2.625,
    8.75,
    2.625,
    -7,
    -7.875,
    -8.75,
    -9.625,
    -10.5,
    -11.375
  ],
  "2_3": [
    -7.875,
    -7,
    2.625,
    8.75,
    2.625,
    -7,
    -7.875,
    -8.75,
    -9.625,
    -10.5
  ],
  "2_4": [
    -8.75,
    -7.875,
    -7,
    2.625,
    8.75,
    2.625,
    -7,
    -7.875,
    -8.75,
    -9.625
  ],
  "2_5": [
    -9.625,
    -8.75,
    -7.875,
    -7,
    2.625,
    8.75,
    2.625,
    -7,
    -7.875,
    -8.75
  ],
  "2_6": [
    -10.5,
    -9.625,
    -8.75,
    -7.875,
    -7,
    2.625,
    8.75,
    2.625,
    -7,
    -7.875
  ],
  "2_7": [
    -11.375,
    -10.5,
    -9.625,
    -8.75,
    -7.875,
    -7,
    2.625,
    8.75,
    2.625,
    -7
  ],
  "2_8": [
    -12.25,
    -11.375,
    -10.5,
    -9.625,
    -8.75,
    -7.875,
    -7,
    2.625,
    8.75,
    2.625
  ],
  "2_9": [
    -13.125,
    -12.25,
    -11.375,
    -10.5,
    -9.625,
    -8.75,
    -7.875,
    -7,
    2.625,
    8.75
  ],
  "3_0": [
    8.75,
    2.625,
    -7,
    -7.875,
    -8.75,
    -9.625,
    -10.5,
    -11.375,
    -12.25,
    -13.125
  ],
  "3_1": [
    2.625,
    8.75,
    2.625,
    -7,
    -7.875,
    -8.75,
    -9.625,
    -10.5,
    -11.375,
    -12.25
  ],
  "3_2": [
    -7,
    2.625,
    8.75,
    2.625,
    -7,
    -7.875,
    -8.75,
    -9.625,
    -10.5,
    -11.375
  ],
  "3_3": [
    -7.875,
    -7,
    2.625,
    8.75,
    2.625,
    -7,
    -7.875,
    -8.75,
    -9.625,
    -10.5
  ],
  "3_4": [
    -8.75,
    -7.875,
    -7,
    2.625,
    8.75,
    2.625,
    -7,
    -7.875,
    -8.75,
    -9.625
  ],
  "3_5": [
    -9.625,
    -8.75,
    -7.875,
    -7,
    2.625,
    8.75,
    2.625,
    -7,
    -7.875,
    -8.75
  ],
  "3_6": [
    -10.5,
    -9.625,
    -8.75,
    -7.875,
    -7,
    2.625,
    8.75,
    2.625,
    -7,
    -7.875
  ],
  "3_7": [
    -11.375,
    -10.5,
    -9.625,
    -8.75,
    -7.875,
    -7,
    2.625,
    8.75,
    2.625,
    -7
  ],
  "3_8": [
    -12.25,
    -11.375,
    -10.5,
    -9.625,
    -8.75,
    -7.875,
    -7,
    2.625,
    8.75,
    2.625
  ],
  "3_9": [
    -13.125,
    -12.25,
    -11.375,
    -10.5,
    -9.625,
    -8.75,
    -7.875,
    -7,
    2.625,
    8.75
  ],
  "4_0": [
    8.75,
    2.625,
    -7,
    -7.875,
    -8.75,
    -9.625,
    -10.5,
    -11.375,
    -12.25,
    -13.125
  ],
  "4_1": [
    2.625,
    8.75,
    2.625,
    -7,
    -7.875,
    -8.75,
    -9.625,
    -10.5,
    -11.375,
    -12.25
  ],
  "4_2": [
    -7,
    2.625,
    8.75,
    2.625,
    -7,
    -7.875,
    -8.75,
    -9.625,
    -10.5,
    -11.375
  ],
  "4_3": [
    -7.875,
    -7,
    2.625,
    8.75,
    2.625,
    -7,
    -7.875,
    -8.75,
    -9.625,
    -10.5
  ],
  "4_4": [
    -8.75,
    -7.875,
    -7,
    2.625,
    8.75,
    2.625,
    -7,
    -7.875,
    -8.75,
    -9.625
  ],
  "4_5": [
    -9.625,
    -8.75,
    -7.875,
    -7,
    2.625,
    8.75,
    2.625,
    -7,
    -7.875,
    -8.75
  ],
  "4_6": [
    -10.5,
    -9.625,
    -8.75,
    -7.875,
    -7,
    2.625,
    8.75,
    2.625,
    -7,
    -7.875
  ],
  "4_7": [
    -11.375,
    -10.5,
    -9.625,
    -8.75,
    -7.875,
    -7,
    2.625,
    8.75,
    2.625,
    -7
  ],
  "4_8": [
    -12.25,
    -11.375,
    -10.5,
    -9.625,
    -8.75,
    -7.875,
    -7,
    2.625,
    8.75,
    2.625
  ],
  "4_9": [
    -13.125,
    -12.25,
    -11.375,
    -10.5,
    -9.625,
    -8.75,
    -7.875,
    -7,
    2.625,
    8.75
  ],
  "5_0": [
    8.75,
    2.625,
    -7,
    -7.875,
    -8.75,
    -9.625,
    -10.5,
    -11.375,
    -12.25,
    -13.125
  ],
  "5_1": [
    2.625,
    8.75,
    2.625,
    -7,
    -7.875,
    -8.75,
    -9.625,
    -10.5,
    -11.375,
    -12.25
  ],