{
  "0": [
    0.3975,
    0.319472,
    0.128404,
    -0.083752,
    -0.245261,
    -0.337419,
    -0.378215,
    -0.392465,
    -0.396431,
    -0.397316
  ],
  "1": [
    0.319472,
    0.3975,
    0.319472,
    0.128404,
    -0.083752,
    -0.245261,
    -0.337419,
    -0.378215,
    -0.392465,
    -0.396431
  ],
  "2": [
    0.128404,
    0.319472,
    0.3975,
    0.319472,
    0.128404,
    -0.083752,
    -0.245261,
    -0.337419,
    -0.378215,
    -0.392465
  ],
  "3": [
    -0.083752,
    0.128404,
    0.319472,
    0.3975,
    0.319472,
    0.128404,
    -0.083752,
    -0.245261,
    -0.337419,
    -0.378215
  ],
  "4": [
    -0.245261,
    -0.083752,
    0.128404,
    0.319472,
    0.3975,
    0.319472,
    0.128404,
    -0.083752,
    -0.245261,
    -0.337419
  ],
  "5": [
    -0.337419,
    -0.245261,
    -0.083752,
    0.128404,
    0.319472,
    0.3975,
    0.319472,
    0.128404,
    -0.083752,
    -0.245261
  ],
  "6": [
    -0.378215,
    -0.337419,
    -0.245261,
    -0.083752,
    0.128404,
    0.319472,
    0.3975,
    0.319472,
    0.128404,
    -0.083752
  ],
  "7": [
    -0.392465,
    -0.378215,
    -0.337419,
    -0.245261,
    -0.083752,
    0.128404,
    0.319472,
    0.3975,
    0.319472,
    0.128404
  ],
  "8": [
    -0.396431,
    -0.392465,
    -0.378215,
    -0.337419,
    -0.245261,
    -0.083752,
    0.128404,
    0.319472,
    0.3975,
    0.319472
  ],
  "9": [
    -0.397316,
    -0.396431,
    -0.392465,
    -0.378215,
    -0.337419,
    -0.245261,
    -0.083752,
    0.128404,
    0.319472,
    0.3975
  ],
  "0_0": [
    6.625,
    1.9875,
    -5.3,
    -5.9625,
    -6.625,
    -7.2875,
    -7.95,
    -8.6125,
    -9.275,
    -9.9375
  ],
  "0_1": [
    1.9875,
    6.625,
    1.9875,
    -5.3,
    -5.9625,
    -6.625,
    -7.2875,
    -7.95,
    -8.6125,
    -9.275
  ],
  "0_2": [
    -5.3,
    1.9875,
    6.625,
    1.9875,
    -5.3,
    -5.9625,
    -6.625,
    -7.2875,
    -7.95,
    -8.6125
  ],
  "0_3": [
    -5.9625,
    -5.3,
    1.9875,
    6.625,
    1.9875,
    -5.3,
    -5.9625,
    -6.625,
    -7.2875,
    -7.95
  ],
  "0_4": [
    -6.625,
    -5.9625,
    -5.3,
    1.9875,
    6.625,
    1.9875,
    -5.3,
    -5.9625,
    -6.625,
    -7.2875
  ],
  "0_5": [
    -7.2875,
    -6.625,
    -5.9625,
    -5.3,
    1.9875,
    6.625,
    1.9875,
    -5.3,
    -5.9625,
    -6.625
  ],
  "0_6": [
    -7.95,
    -7.2875,
    -6.625,
    -5.9625,
    -5.3,
    1.9875,
    6.625,
    1.9875,
    -5.3,
    -5.9625
  ],
  "0_7": [
    -8.6125,
    -7.95,
    -7.2875,
    -6.625,
    -5.9625,
    -5.3,
    1.9875,
    6.625,
    1.9875,
    -5.3
  ],
  "0_8": [
    -9.275,
    -8.6125,
    -7.95,
    -7.2875,
    -6.625,
    -5.9625,
    -5.3,
    1.9875,
    6.625,
    1.9875
  ],
  "0_9": [
    -9.9375,
    -9.275,
    -8.6125,
    -7.95,
    -7.2875,
    -6.625,
    -5.9625,
    -5.3,
    1.9875,
    6.625
  ],
  "1_0": [
    6.625,
    1.9875,
    -5.3,
    -5.9625,
    -6.625,
    -7.2875,
    -7.95,
    -8.6125,
    -9.275,
    -9.9375
  ],
  "1_1": [
    1.9875,
    6.625,
    1.9875,
    -5.3,
    -5.9625,
    -6.625,
    -7.2875,
    -7.95,
    -8.6125,
    -9.275
  ],
  "1_2": [
    -5.3,
    1.9875,
    6.625,
    1.9875,
    -5.3,
    -5.9625,
    -6.625,
    -7.2875,
    -7.95,
    -8.6125
  ],
  "1_3": [
    -5.9625,
    -5.3,
    1.9875,
    6.625,
    1.9875,
    -5.3,
    -5.9625,
    -6.625,
    -7.2875,
    -7.95
  ],
  "1_4": [
    -6.625,
    -5.9625,
    -5.3,
    1.9875,
    6.625,
    1.9875,
    -5.3,
    -5.9625,
    -6.625,
    -7.2875
  ],
  "1_5": [
    -7.2875,
    -6.625,
    -5.9625,
    -5.3,
    1.9875,
    6.625,
    1.9875,
    -5.3,
    -5.9625,
    -6.625
  ],
  "1_6": [
    -7.95,
    -7.2875,
    -6.625,
    -5.9625,
    -5.3,
    1.9875,
    6.625,
    1.9875,
    -5.3,
    -5.9625
  ],
  "1_7": [
    -8.6125,
    -7.95,
    -7.2875,
    -6.625,
    -5.9625,
    -5.3,
    1.9875,
    6.625,
    1.9875,
    -5.3
  ],
  "1_8": [
    -9.275,
    -8.6125,
    -7.95,
    -7.2875,
    -6.625,
    -5.9625,
    -5.3,
    1.9875,
    6.625,
    1.9875
  ],
  "1_9": [
    -9.9375,
    -9.275,
    -8.6125,
    -7.95,
    -7.2875,
    -6.625,
    -5.9625,
    -5.3,
    1.9875,
    6.625
  ],
  "2_0": [
    6.625,
    1.9875,
    -5.3,
    -5.9625,
    -6.625,
    -7.2875,
    -7.95,
    -8.6125,
    -9.275,
    -9.9375
  ],
  "2_1": [
    1.9875,
    6.625,
    1.9875,
    -5.3,
    -5.9625,
    -6.625,
    -7.2875,
    -7.95,
    -8.6125,
    -9.275
  ],
  "2_2": [
    -5.3,
    1.9875,
    6.625,
    1.9875,
    -5.3,
    -5.9625,
    -6.625,
    -7.2875,
    -7.95,
    -8.6125
  ],
  "2_3": [
    -5.9625,
    -5.3,
    1.9875,
    6.625,
    1.9875,
    -5.3,
    -5.9625,
    -6.625,
    -7.2875,
    -7.95
  ],
  "2_4": [
    -6.625,
    -5.9625,
    -5.3,
    1.9875,
    6.625,
    1.9875,
    -5.3,
    -5.9625,
    -6.625,
    -7.2875
  ],
  "2_5": [
    -7.2875,
    -6.625,
    -5.9625,
    -5.3,
    1.9875,
    6.625,
    1.9875,
    -5.3,
    -5.9625,
    -6.625
  ],
  "2_6": [
    -7.95,
    -7.2875,
    -6.625,
    -5.9625,
    -5.3,
    1.9875,
    6.625,
    1.9875,
    -5.3,
    -5.9625
  ],
  "2_7": [
    -8.6125,
    -7.95,
    -7.2875,
    -6.625,
    -5.9625,
    -5.3,
    1.9875,
    6.625,
    1.9875,
    -5.3
  ],
  "2_8": [
    -9.275,
    -8.6125,
    -7.95,
    -7.2875,
    -6.625,
    -5.9625,
    -5.3,
    1.9875,
    6.625,
    1.9875
  ],
  "2_9": [
    -9.9375,
    -9.275,
    -8.6125,
    -7.95,
    -7.2875,
    -6.625,
    -5.9625,
    -5.3,
    1.9875,
    6.625
  ],
  "3_0": [
    6.625,
    1.9875,
    -5.3,
    -5.9625,
    -6.625,
    -7.2875,
    -7.95,
    -8.6125,
    -9.275,
    -9.9375
  ],
  "3_1": [
    1.9875,
    6.625,
    1.9875,
    -5.3,
    -5.9625,
    -6.625,
    -7.2875,
    -7.95,
    -8.6125,
    -9.275
  ],
  "3_2": [
    -5.3,
    1.9875,
    6.625,
    1.9875,
    -5.3,
    -5.9625,
    -6.625,
    -7.2875,
    -7.95,
    -8.6125
  ],
  "3_3": [
    -5.9625,
    -5.3,
    1.9875,
    6.625,
    1.9875,
    -5.3,
    -5.9625,
    -6.625,
    -7.2875,
    -7.95
  ],
  "3_4": [
    -6.625,
    -5.9625,
    -5.3,
    1.9875,
    6.625,
    1.9875,
    -5.3,
    -5.9625,
    -6.625,
    -7.2875
  ],
  "3_5": [
    -7.2875,
    -6.625,
    -5.9625,
    -5.3,
    1.9875,
    6.625,
    1.9875,
    -5.3,
    -5.9625,
    -6.625
  ],
  "3_6": [
    -7.95,
    -7.2875,
    -6.625,
    -5.9625,
    -5.3,
    1.9875,
    6.625,
    1.9875,
    -5.3,
    -5.9625
  ],
  "3_7": [
    -8.6125,
    -7.95,
    -7.2875,
    -6.625,
    -5.9625,
    -5.3,
    1.9875,
    6.625,
    1.9875,
    -5.3
  ],
  "3_8": [
    -9.275,
    -8.6125,
    -7.95,
    -7.2875,
    -6.625,
    -5.9625,
    -5.3,
    1.9875,
    6.625,
    1.9875
  ],
  "3_9": [
    -9.9375,
    -9.275,
    -8.6125,
    -7.95,
    -7.2875,
    -6.625,
    -5.9625,
    -5.3,
    1.9875,
    6.625
  ],
  "4_0": [
    6.625,
    1.9875,
    -5.3,
    -5.9625,
    -6.625,
    -7.2875,
    -7.95,
    -8.6125,
    -9.275,
    -9.9375
  ],
  "4_1": [
    1.9875,
    6.625,
    1.9875,
    -5.3,
    -5.9625,
    -6.625,
    -7.2875,
    -7.95,
    -8.6125,
    -9.275
  ],
  "4_2": [
    -5.3,
    1.9875,
    6.625,
    1.9875,
    -5.3,
    -5.9625,
    -6.625,
    -7.2875,
    -7.95,
    -8.6125
  ],
  "4_3": [
    -5.9625,
    -5.3,
    1.9875,
    6.625,
    1.9875,
    -5.3,
    -5.9625,
    -6.625,
    -7.2875,
    -7.95
  ],
  "4_4": [
    -6.625,
    -5.9625,
    -5.3,
    1.9875,
    6.625,
    1.9875,
    -5.3,
    -5.9625,
    -6.625,
    -7.2875
  ],
  "4_5": [
    -7.2875,
    -6.625,
    -5.9625,
    -5.3,
    1.9875,
    6.625,
    1.9875,
    -5.3,
    -5.9625,
    -6.625
  ],
  "4_6": [
    -7.95,
    -7.2875,
    -6.625,
    -5.9625,
    -5.3,
    1.9875,
    6.625,
    1.9875,
    -5.3,
    -5.9625
  ],
  "4_7": [
    -8.6125,
    -7.95,
    -7.2875,
    -6.625,
    -5.9625,
    -5.3,
    1.9875,
    6.625,
    1.9875,
    -5.3
  ],