{
  "0": [
    0.45,
    0.361667,
    0.145363,
    -0.094813,
    -0.277654,
    -0.381984,
    -0.428168,
    -0.4443,
    -0.448789,
    -0.449792
  ],
  "1": [
    0.361667,
    0.45,
    0.361667,
    0.145363,
    -0.094813,
    -0.277654,
    -0.381984,
    -0.428168,
    -0.4443,
    -0.448789
  ],
  "2": [
    0.145363,
    0.361667,
    0.45,
    0.361667,
    0.145363,
    -0.094813,
    -0.277654,
    -0.381984,
    -0.428168,
    -0.4443
  ],
  "3": [
    -0.094813,
    0.145363,
    0.361667,
    0.45,
    0.361667,
    0.145363,
    -0.094813,
    -0.277654,
    -0.381984,
    -0.428168
  ],
  "4": [
    -0.277654,
    -0.094813,
    0.145363,
    0.361667,
    0.45,
    0.361667,
    0.145363,
    -0.094813,
    -0.277654,
    -0.381984
  ],
  "5": [
    -0.381984,
    -0.277654,
    -0.094813,
    0.145363,
    0.361667,
    0.45,
    0.361667,
    0.145363,
    -0.094813,
    -0.277654
  ],
  "6": [
    -0.428168,
    -0.381984,
    -0.277654,
    -0.094813,
    0.145363,
    0.361667,
    0.45,
    0.361667,
    0.145363,
    -0.094813
  ],
  "7": [
    -0.4443,
    -0.428168,
    -0.381984,
    -0.277654,
    -0.094813,
    0.145363,
    0.361667,
    0.45,
    0.361667,
    0.145363
  ],
  "8": [
    -0.448789,
    -0.4443,
    -0.428168,
    -0.381984,
    -0.277654,
    -0.094813,
    0.145363,
    0.361667,
    0.45,
    0.361667
  ],
  "9": [
    -0.449792,
    -0.448789,
    -0.4443,
    -0.428168,
    -0.381984,
    -0.277654,
    -0.094813,
    0.145363,
    0.361667,
    0.45
  ],
  "0_0": [
    7.5,
    2.25,
    -6,
    -6.75,
    -7.5,
    -8.25,
    -9,
    -9.75,
    -10.5,
    -11.25
  ],
  "0_1": [
    2.25,
    7.5,
    2.25,
    -6,
    -6.75,
    -7.5,
    -8.25,
    -9,
    -9.75,
    -10.5
  ],
  "0_2": [
    -6,
    2.25,
    7.5,
    2.25,
    -6,
    -6.75,
    -7.5,
    -8.25,
    -9,
    -9.75
  ],
  "0_3": [
    -6.75,
    -6,
    2.25,
    7.5,
    2.25,
    -6,
    -6.75,
    -7.5,
    -8.25,
    -9
  ],
  "0_4": [
    -7.5,
    -6.75,
    -6,
    2.25,
    7.5,
    2.25,
    -6,
    -6.75,
    -7.5,
    -8.25
  ],
  "0_5": [
    -8.25,
    -7.5,
    -6.75,
    -6,
    2.25,
    7.5,
    2.25,
    -6,
    -6.75,
    -7.5
  ],
  "0_6": [
    -9,
    -8.25,
    -7.5,
    -6.75,
    -6,
    2.25,
    7.5,
    2.25,
    -6,
    -6.75
  ],
  "0_7": [
    -9.75,
    -9,
    -8.25,
    -7.5,
    -6.75,
    -6,
    2.25,
    7.5,
    2.25,
    -6
  ],
  "0_8": [
    -10.5,
    -9.75,
    -9,
    -8.25,
    -7.5,
    -6.75,
    -6,
    2.25,
    7.5,
    2.25
  ],
  "0_9": [
    -11.25,
    -10.5,
    -9.75,
    -9,
    -8.25,
    -7.5,
    -6.75,
    -6,
    2.25,
    7.5
  ],
  "1_0": [
    7.5,
    2.25,
    -6,
    -6.75,
    -7.5,
    -8.25,
    -9,
    -9.75,
    -10.5,
    -11.25
  ],
  "1_1": [
    2.25,
    7.5,
    2.25,
    -6,
    -6.75,
    -7.5,
    -8.25,
    -9,
    -9.75,
    -10.5
  ],
  "1_2": [
    -6,
    2.25,
    7.5,
    2.25,
    -6,
    -6.75,
    -7.5,
    -8.25,
    -9,
    -9.75
  ],
  "1_3": [
    -6.75,
    -6,
    2.25,
    7.5,
    2.25,
    -6,
    -6.75,
    -7.5,
    -8.25,
    -9
  ],
  "1_4": [
    -7.5,
    -6.75,
    -6,
    2.25,
    7.5,
    2.25,
    -6,
    -6.75,
    -7.5,
    -8.25
  ],
  "1_5": [
    -8.25,
    -7.5,
    -6.75,
    -6,
    2.25,
    7.5,
    2.25,
    -6,
    -6.75,
    -7.5
  ],
  "1_6": [
    -9,
    -8.25,
    -7.5,
    -6.75,
    -6,
    2.25,
    7.5,
    2.25,
    -6,
    -6.75
  ],
  "1_7": [
    -9.75,
    -9,
    -8.25,
    -7.5,
    -6.75,
    -6,
    2.25,
    7.5,
    2.25,
    -6
  ],
  "1_8": [
    -10.5,
    -9.75,
    -9,
    -8.25,
    -7.5,
    -6.75,
    -6,
    2.25,
    7.5,
    2.25
  ],
  "1_9": [
    -11.25,
    -10.5,
    -9.75,
    -9,
    -8.25,
    -7.5,
    -6.75,
    -6,
    2.25,
    7.5
  ],
  "2_0": [
    7.5,
    2.25,
    -6,
    -6.75,
    -7.5,
    -8.25,
    -9,
    -9.75,
    -10.5,
    -11.25
  ],
  "2_1": [
    2.25,
    7.5,
    2.25,
    -6,
    -6.75,
    -7.5,
    -8.25,
    -9,
    -9.75,
    -10.5
  ],
  "2_2": [
    -6,
    2.25,
    7.5,
    2.25,
    -6,
    -6.75,
    -7.5,
    -8.25,
    -9,
    -9.75
  ],
  "2_3": [
    -6.75,
    -6,
    2.25,
    7.5,
    2.25,
    -6,
    -6.75,
    -7.5,
    -8.25,
    -9
  ],
  "2_4": [
    -7.5,
    -6.75,
    -6,
    2.25,
    7.5,
    2.25,
    -6,
    -6.75,
    -7.5,
    -8.25
  ],
  "2_5": [
    -8.25,
    -7.5,
    -6.75,
    -6,
    2.25,
    7.5,
    2.25,
    -6,
    -6.75,
    -7.5
  ],
  "2_6": [
    -9,
    -8.25,
    -7.5,
    -6.75,
    -6,
    2.25,
    7.5,
    2.25,
    -6,
    -6.75
  ],
  "2_7": [
    -9.75,
    -9,
    -8.25,
    -7.5,
    -6.75,
    -6,
    2.25,
    7.5,
    2.25,
    -6
  ],
  "2_8": [
    -10.5,
    -9.75,
    -9,
    -8.25,
    -7.5,
    -6.75,
    -6,
    2.25,
    7.5,
    2.25
  ],
  "2_9": [
    -11.25,
    -10.5,
    -9.75,
    -9,
    -8.25,
    -7.5,
    -6.75,
    -6,
    2.25,
    7.5
  ],
  "3_0": [
    7.5,
    2.25,
    -6,
    -6.75,
    -7.5,
    -8.25,
    -9,
    -9.75,
    -10.5,
    -11.25
  ],
  "3_1": [
    2.25,
    7.5,
    2.25,
    -6,
    -6.75,
    -7.5,
    -8.25,
    -9,
    -9.75,
    -10.5
  ],
  "3_2": [
    -6,
    2.25,
    7.5,
    2.25,
    -6,
    -6.75,
    -7.5,
    -8.25,
    -9,
    -9.75
  ],
  "3_3": [
    -6.75,
    -6,
    2.25,
    7.5,
    2.25,
    -6,
    -6.75,
    -7.5,
    -8.25,
    -9
  ],
  "3_4": [
    -7.5,
    -6.75,
    -6,
    2.25,
    7.5,
    2.25,
    -6,
    -6.75,
    -7.5,
    -8.25
  ],
  "3_5": [
    -8.25,
    -7.5,
    -6.75,
    -6,
    2.25,
    7.5,
    2.25,
    -6,
    -6.75,
    -7.5
  ],
  "3_6": [
    -9,
    -8.25,
    -7.5,
    -6.75,
    -6,
    2.25,
    7.5,
    2.25,
    -6,
    -6.75
  ],
  "3_7": [
    -9.75,
    -9,
    -8.25,
    -7.5,
    -6.75,
    -6,
    2.25,
    7.5,
    2.25,
    -6
  ],
  "3_8": [
    -10.5,
    -9.75,
    -9,
    -8.25,
    -7.5,
    -6.75,
    -6,
    2.25,
    7.5,
    2.25
  ],
  "3_9": [
    -11.25,
    -10.5,
    -9.75,
    -9,
    -8.25,
    -7.5,
    -6.75,
    -6,
    2.25,
    7.5
  ],
  "4_0": [
    7.5,
    2.25,
    -6,
    -6.75,
    -7.5,
    -8.25,
    -9,
    -9.75,
    -10.5,
    -11.25
  ],
  "4_1": [
    2.25,
    7.5,
    2.25,
    -6,
    -6.75,
    -7.5,
    -8.25,
    -9,
    -9.75,
    -10.5
  ],
  "4_2": [
    -6,
    2.25,
    7.5,
    2.25,
    -6,
    -6.75,
    -7.5,
    -8.25,
    -9,
    -9.75
  ],
  "4_3": [
    -6.75,
    -6,
    2.25,
    7.5,
    2.25,
    -6,
    -6.75,
    -7.5,
    -8.25,
    -9
  ],
  "4_4": [
    -7.5,
    -6.75,
    -6,
    2.25,
    7.5,
    2.25,
    -6,
    -6.75,
    -7.5,
    -8.25
  ],
  "4_5": [
    -8.25,
    -7.5,
    -6.75,
    -6,
    2.25,
    7.5,
    2.25,
    -6,
    -6.75,
    -7.5
  ],
  "4_6": [
    -9,
    -8.25,
    -7.5,
    -6.75,
    -6,
    2.25,
    7.5,
    2.25,
    -6,
    -6.75
  ],
  "4_7": [
    -9.75,
    -9,
    -8.25,
    -7.5,
    -6.75,
    -6,
    2.25,
    7.5,
    2.25,
    -6
  ],
  "4_8": [
    -10.5,
    -9.75,
    -9,
    -8.25,
    -7.5,
    -6.75,
    -6,
    2.25,
    7.5,
    2.25
  ],
  "4_9": [
    -11.25,
    -10.5,
    -9.75,
    -9,
    -8.25,
    -7.5,
    -6.75,
    -6,
    2.25,
    7.5
  ],
  "5_0": [
    7.5,
    2.25,
    -6,
    -6.75,
    -7.5,
    -8.25,
    -9,
    -9.75,
    -10.5,
    -11.25
  ],
  "5_1": [
    2.25,
    7.5,
    2.25,
    -6,
    -6.75,
    -7.5,
    -8.25,
    -9,
    -9.75,
    -10.5
  ],
  "5_2": [
    -6,
    2.25,
    7.5,
    2.25,
    -6,
    -6.75,
    -7.5,
    -8.25,
    -9,
    -9.75
  ],
  "5_3": [
    -6.75,
    -6,
    2.25,
    7.5,
    2.25,
    -6,
    -6.75,
    -7.5,
    -8.25,
    -9
  ],
  "5_4": [
    -7.5,
    -6.75,
    -6,
    2.25,
    7.5,
    2.25,
    -6,
    -6.75,
    -7.5,
    -8.25
  ],
  "5_5": [
    -8.25,
    -7.5,
    -6.75,
    -6,
    2.25,
    7.5,
    2.25,
    -6,
    -6.75,
    -7.5
  ],
  "5_6": [
    -9,
    -8.25,
    -7.5,
    -6.75,
    -6,
    2.25,
    7.5,
    2.25,
    -6,
    -6.75
  ],