{
  "0": [
    0.3375,
    0.27125,
    0.109023,
    -0.07111,
    -0.208241,
    -0.286488,
    -0.321126,
    -0.333225,
    -0.336592,
    -0.337344
  ],
  "1": [
    0.27125,
    0.3375,
    0.27125,
    0.109023,
    -0.07111,
    -0.208241,
    -0.286488,
    -0.321126,
    -0.333225,
    -0.336592
  ],
  "2": [
    0.109023,
    0.27125,
    0.3375,
    0.27125,
    0.109023,
    -0.07111,
    -0.208241,
    -0.286488,
    -0.321126,
    -0.333225
  ],
  "3": [
    -0.07111,
    0.109023,
    0.27125,
    0.3375,
    0.27125,
    0.109023,
    -0.07111,
    -0.208241,
    -0.286488,
    -0.321126
  ],
  "4": [
    -0.208241,
    -0.07111,
    0.109023,
    0.27125,
    0.3375,
    0.27125,
    0.109023,
    -0.07111,
    -0.208241,
    -0.286488
  ],
  "5": [
    -0.286488,
    -0.208241,
    -0.07111,
    0.109023,
    0.27125,
    0.3375,
    0.27125,
    0.109023,
    -0.07111,
    -0.208241
  ],
  "6": [
    -0.321126,
    -0.286488,
    -0.208241,
    -0.07111,
    0.109023,
    0.27125,
    0.3375,
    0.27125,
    0.109023,
    -0.07111
  ],
  "7": [
    -0.333225,
    -0.321126,
    -0.286488,
    -0.208241,
    -0.07111,
    0.109023,
    0.27125,
    0.3375,
    0.27125,
    0.109023
  ],
  "8": [
    -0.336592,
    -0.333225,
    -0.321126,
    -0.286488,
    -0.208241,
    -0.07111,
    0.109023,
    0.27125,
    0.3375,
    0.27125
  ],
  "9": [
    -0.337344,
    -0.336592,
    -0.333225,
    -0.321126,
    -0.286488,
    -0.208241,
    -0.07111,
    0.109023,
    0.27125,
    0.3375
  ],
  "0_0": [
    5.625,
    1.6875,
    -4.5,
    -5.0625,
    -5.625,
    -6.1875,
    -6.75,
    -7.3125,
    -7.875,
    -8.4375
  ],
  "0_1": [
    1.6875,
    5.625,
    1.6875,
    -4.5,
    -5.0625,
    -5.625,
    -6.1875,
    -6.75,
    -7.3125,
    -7.875
  ],
  "0_2": [
    -4.5,
    1.6875,
    5.625,
    1.6875,
    -4.5,
    -5.0625,
    -5.625,
    -6.1875,
    -6.75,
    -7.3125
  ],
  "0_3": [
    -5.0625,
    -4.5,
    1.6875,
    5.625,
    1.6875,
    -4.5,
    -5.0625,
    -5.625,
    -6.1875,
    -6.75
  ],
  "0_4": [
    -5.625,
    -5.0625,
    -4.5,
    1.6875,
    5.625,
    1.6875,
    -4.5,
    -5.0625,
    -5.625,
    -6.1875
  ],
  "0_5": [
    -6.1875,
    -5.625,
    -5.0625,
    -4.5,
    1.6875,
    5.625,
    1.6875,
    -4.5,
    -5.0625,
    -5.625
  ],
  "0_6": [
    -6.75,
    -6.1875,
    -5.625,
    -5.0625,
    -4.5,
    1.6875,
    5.625,
    1.6875,
    -4.5,
    -5.0625
  ],
  "0_7": [
    -7.3125,
    -6.75,
    -6.1875,
    -5.625,
    -5.0625,
    -4.5,
    1.6875,
    5.625,
    1.6875,
    -4.5
  ],
  "0_8": [
    -7.875,
    -7.3125,
    -6.75,
    -6.1875,
    -5.625,
    -5.0625,
    -4.5,
    1.6875,
    5.625,
    1.6875
  ],
  "0_9": [
    -8.4375,
    -7.875,
    -7.3125,
    -6.75,
    -6.1875,
    -5.625,
    -5.0625,
    -4.5,
    1.6875,
    5.625
  ],
  "1_0": [
    5.625,
    1.6875,
    -4.5,
    -5.0625,
    -5.625,
    -6.1875,
    -6.75,
    -7.3125,
    -7.875,
    -8.4375
  ],
  "1_1": [
    1.6875,
    5.625,
    1.6875,
    -4.5,
    -5.0625,
    -5.625,
    -6.1875,
    -6.75,
    -7.3125,
    -7.875
  ],
  "1_2": [
    -4.5,
    1.6875,
    5.625,
    1.6875,
    -4.5,
    -5.0625,
    -5.625,
    -6.1875,
    -6.75,
    -7.3125
  ],
  "1_3": [
    -5.0625,
    -4.5,
    1.6875,
    5.625,
    1.6875,
    -4.5,
    -5.0625,
    -5.625,
    -6.1875,
    -6.75
  ],
  "1_4": [
    -5.625,
    -5.0625,
    -4.5,
    1.6875,
    5.625,
    1.6875,
    -4.5,
    -5.0625,
    -5.625,
    -6.1875
  ],
  "1_5": [
    -6.1875,
    -5.625,
    -5.0625,
    -4.5,
    1.6875,
    5.625,
    1.6875,
    -4.5,
    -5.0625,
    -5.625
  ],
  "1_6": [
    -6.75,
    -6.1875,
    -5.625,
    -5.0625,
    -4.5,
    1.6875,
    5.625,
    1.6875,
    -4.5,
    -5.0625
  ],
  "1_7": [
    -7.3125,
    -6.75,
    -6.1875,
    -5.625,
    -5.0625,
    -4.5,
    1.6875,
    5.625,
    1.6875,
    -4.5
  ],
  "1_8": [
    -7.875,
    -7.3125,
    -6.75,
    -6.1875,
    -5.625,
    -5.0625,
    -4.5,
    1.6875,
    5.625,
    1.6875
  ],
  "1_9": [
    -8.4375,
    -7.875,
    -7.3125,
    -6.75,
    -6.1875,
    -5.625,
    -5.0625,
    -4.5,
    1.6875,
    5.625
  ],
  "2_0": [
    5.625,
    1.6875,
    -4.5,
    -5.0625,
    -5.625,
    -6.1875,
    -6.75,
    -7.3125,
    -7.875,
    -8.4375
  ],
  "2_1": [
    1.6875,
    5.625,
    1.6875,
    -4.5,
    -5.0625,
    -5.625,
    -6.1875,
    -6.75,
    -7.3125,
    -7.875
  ],
  "2_2": [
    -4.5,
    1.6875,
    5.625,
    1.6875,
    -4.5,
    -5.0625,
    -5.625,
    -6.1875,
    -6.75,
    -7.3125
  ],
  "2_3": [
    -5.0625,
    -4.5,
    1.6875,
    5.625,
    1.6875,
    -4.5,
    -5.0625,
    -5.625,
    -6.1875,
    -6.75
  ],
  "2_4": [
    -5.625,
    -5.0625,
    -4.5,
    1.6875,
    5.625,
    1.6875,
    -4.5,
    -5.0625,
    -5.625,
    -6.1875
  ],
  "2_5": [
    -6.1875,
    -5.625,
    -5.0625,
    -4.5,
    1.6875,
    5.625,
    1.6875,
    -4.5,
    -5.0625,
    -5.625
  ],
  "2_6": [
    -6.75,
    -6.1875,
    -5.625,
    -5.0625,
    -4.5,
    1.6875,
    5.625,
    1.6875,
    -4.5,
    -5.0625
  ],
  "2_7": [
    -7.3125,
    -6.75,
    -6.1875,
    -5.625,
    -5.0625,
    -4.5,
    1.6875,
    5.625,
    1.6875,
    -4.5
  ],
  "2_8": [
    -7.875,
    -7.3125,
    -6.75,
    -6.1875,
    -5.625,
    -5.0625,
    -4.5,
    1.6875,
    5.625,
    1.6875
  ],
  "2_9": [
    -8.4375,
    -7.875,
    -7.3125,
    -6.75,
    -6.1875,
    -5.625,
    -5.0625,
    -4.5,
    1.6875,
    5.625
  ],
  "3_0": [
    5.625,
    1.6875,
    -4.5,
    -5.0625,
    -5.625,
    -6.1875,
    -6.75,
    -7.3125,
    -7.875,
    -8.4375
  ],
  "3_1": [
    1.6875,
    5.625,
    1.6875,
    -4.5,
    -5.0625,
    -5.625,
    -6.1875,
    -6.75,
    -7.3125,
    -7.875
  ],
  "3_2": [
    -4.5,
    1.6875,
    5.625,
    1.6875,
    -4.5,
    -5.0625,
    -5.625,
    -6.1875,
    -6.75,
    -7.3125
  ],
  "3_3": [
    -5.0625,
    -4.5,
    1.6875,
    5.625,
    1.6875,
    -4.5,
    -5.0625,
    -5.625,
    -6.1875,
    -6.75
  ],
  "3_4": [
    -5.625,
    -5.0625,
    -4.5,
    1.6875,
    5.625,
    1.6875,
    -4.5,
    -5.0625,
    -5.625,
    -6.1875
  ],
  "3_5": [
    -6.1875,
    -5.625,
    -5.0625,
    -4.5,
    1.6875,
    5.625,
    1.6875,
    -4.5,
    -5.0625,
    -5.625
  ],
  "3_6": [
    -6.75,
    -6.1875,
    -5.625,
    -5.0625,
    -4.5,
    1.6875,
    5.625,
    1.6875,
    -4.5,
    -5.0625
  ],
  "3_7": [
    -7.3125,
    -6.75,
    -6.1875,
    -5.625,
    -5.0625,
    -4.5,
    1.6875,
    5.625,
    1.6875,
    -4.5
  ],
  "3_8": [
    -7.875,
    -7.3125,
    -6.75,
    -6.1875,
    -5.625,
    -5.0625,
    -4.5,
    1.6875,
    5.625,
    1.6875
  ],
  "3_9": [
    -8.4375,
    -7.875,
    -7.3125,
    -6.75,
    -6.1875,
    -5.625,
    -5.0625,
    -4.5,
    1.6875,
    5.625
  ],
  "4_0": [
    5.625,
    1.6875,
    -4.5,
    -5.0625,
    -5.625,
    -6.1875,
    -6.75,
    -7.3125,
    -7.875,
    -8.4375
  ],
  "4_1": [
    1.6875,
    5.625,
    1.6875,
    -4.5,
    -5.0625,
    -5.625,
    -6.1875,
    -6.75,
    -7.3125,
    -7.875
  ],
  "4_2": [
    -4.5,
    1.6875,
    5.625,
    1.6875,
    -4.5,
    -5.0625,
    -5.625,
    -6.1875,
    -6.75,
    -7.3125
  ],
  "4_3": [
    -5.0625,
    -4.5,
    1.6875,
    5.625,
    1.6875,
    -4.5,
    -5.0625,
    -5.625,
    -6.1875,
    -6.75
  ],
  "4_4": [
    -5.625,
    -5.0625,
    -4.5,
    1.6875,
    5.625,
    1.6875,
    -4.5,
    -5.0625,
    -5.625,
    -6.1875
  ],
  "4_5": [
    -6.1875,
    -5.625,
    -5.0625,
    -4.5,
    1.6875,
    5.625,
    1.6875,
    -4.5,
    -5.0625,
    -5.625
  ],
  "4_6": [
    -6.75,
    -6.1875,
    -5.625,
    -5.0625,
    -4.5,
    1.6875,
    5.625,
    1.6875,
    -4.5,
    -5.0625
  ],
  "4_7": [
    -7.3125,
    -6.75,
    -6.1875,
    -5.625,
    -5.0625,
    -4.5,
    1.6875,
    5.625,
    1.6875,
    -4.5
  ],