{
  "0": [
    0.51,
    0.409889,
    0.164745,
    -0.107455,
    -0.314675,
    -0.432915,
    -0.485256,
    -0.50354,
    -0.508628,
    -0.509764
  ],
  "1": [
    0.409889,
    0.51,
    0.409889,
    0.164745,
    -0.107455,
    -0.314675,
    -0.432915,
    -0.485256,
    -0.50354,
    -0.508628
  ],
  "2": [
    0.164745,
    0.409889,
    0.51,
    0.409889,
    0.164745,
    -0.107455,
    -0.314675,
    -0.432915,
    -0.485256,
    -0.50354
  ],
  "3": [
    -0.107455,
    0.164745,
    0.409889,
    0.51,
    0.409889,
    0.164745,
    -0.107455,
    -0.314675,
    -0.432915,
    -0.485256
  ],
  "4": [
    -0.314675,
    -0.107455,
    0.164745,
    0.409889,
    0.51,
    0.409889,
    0.164745,
    -0.107455,
    -0.314675,
    -0.432915
  ],
  "5": [
    -0.432915,
    -0.314675,
    -0.107455,
    0.164745,
    0.409889,
    0.51,
    0.409889,
    0.164745,
    -0.107455,
    -0.314675
  ],
  "6": [
    -0.485256,
    -0.432915,
    -0.314675,
    -0.107455,
    0.164745,
    0.409889,
    0.51,
    0.409889,
    0.164745,
    -0.107455
  ],
  "7": [
    -0.50354,
    -0.485256,
    -0.432915,
    -0.314675,
    -0.107455,
    0.164745,
    0.409889,
    0.51,
    0.409889,
    0.164745
  ],
  "8": [
    -0.508628,
    -0.50354,
    -0.485256,
    -0.432915,
    -0.314675,
    -0.107455,
    0.164745,
    0.409889,
    0.51,
    0.409889
  ],
  "9": [
    -0.509764,
    -0.508628,
    -0.50354,
    -0.485256,
    -0.432915,
    -0.314675,
    -0.107455,
    0.164745,
    0.409889,
    0.51
  ],
  "0_0": [
    8.5,
    2.55,
    -6.8,
    -7.65,
    -8.5,
    -9.35,
    -10.2,
    -11.05,
    -11.9,
    -12.75
  ],
  "0_1": [
    2.55,
    8.5,
    2.55,
    -6.8,
    -7.65,
    -8.5,
    -9.35,
    -10.2,
    -11.05,
    -11.9
  ],
  "0_2": [
    -6.8,
    2.55,
    8.5,
    2.55,
    -6.8,
    -7.65,
    -8.5,
    -9.35,
    -10.2,
    -11.05
  ],
  "0_3": [
    -7.65,
    -6.8,
    2.55,
    8.5,
    2.55,
    -6.8,
    -7.65,
    -8.5,
    -9.35,
    -10.2
  ],
  "0_4": [
    -8.5,
    -7.65,
    -6.8,
    2.55,
    8.5,
    2.55,
    -6.8,
    -7.65,
    -8.5,
    -9.35
  ],
  "0_5": [
    -9.35,
    -8.5,
    -7.65,
    -6.8,
    2.55,
    8.5,
    2.55,
    -6.8,
    -7.65,
    -8.5
  ],
  "0_6": [
    -10.2,
    -9.35,
    -8.5,
    -7.65,
    -6.8,
    2.55,
    8.5,
    2.55,
    -6.8,
    -7.65
  ],
  "0_7": [
    -11.05,
    -10.2,
    -9.35,
    -8.5,
    -7.65,
    -6.8,
    2.55,
    8.5,
    2.55,
    -6.8
  ],
  "0_8": [
    -11.9,
    -11.05,
    -10.2,
    -9.35,
    -8.5,
    -7.65,
    -6.8,
    2.55,
    8.5,
    2.55
  ],
  "0_9": [
    -12.75,
    -11.9,
    -11.05,
    -10.2,
    -9.35,
    -8.5,
    -7.65,
    -6.8,
    2.55,
    8.5
  ],
  "1_0": [
    8.5,
    2.55,
    -6.8,
    -7.65,
    -8.5,
    -9.35,
    -10.2,
    -11.05,
    -11.9,
    -12.75
  ],
  "1_1": [
    2.55,
    8.5,
    2.55,
    -6.8,
    -7.65,
    -8.5,
    -9.35,
    -10.2,
    -11.05,
    -11.9
  ],
  "1_2": [
    -6.8,
    2.55,
    8.5,
    2.55,
    -6.8,
    -7.65,
    -8.5,
    -9.35,
    -10.2,
    -11.05
  ],
  "1_3": [
    -7.65,
    -6.8,
    2.55,
    8.5,
    2.55,
    -6.8,
    -7.65,
    -8.5,
    -9.35,
    -10.2
  ],
  "1_4": [
    -8.5,
    -7.65,
    -6.8,
    2.55,
    8.5,
    2.55,
    -6.8,
    -7.65,
    -8.5,
    -9.35
  ],
  "1_5": [
    -9.35,
    -8.5,
    -7.65,
    -6.8,
    2.55,
    8.5,
    2.55,
    -6.8,
    -7.65,
    -8.5
  ],
  "1_6": [
    -10.2,
    -9.35,
    -8.5,
    -7.65,
    -6.8,
    2.55,
    8.5,
    2.55,
    -6.8,
    -7.65
  ],
  "1_7": [
    -11.05,
    -10.2,
    -9.35,
    -8.5,
    -7.65,
    -6.8,
    2.55,
    8.5,
    2.55,
    -6.8
  ],
  "1_8": [
    -11.9,
    -11.05,
    -10.2,
    -9.35,
    -8.5,
    -7.65,
    -6.8,
    2.55,
    8.5,
    2.55
  ],
  "1_9": [
    -12.75,
    -11.9,
    -11.05,
    -10.2,
    -9.35,
    -8.5,
    -7.65,
    -6.8,
    2.55,
    8.5
  ],
  "2_0": [
    8.5,
    2.55,
    -6.8,
    -7.65,
    -8.5,
    -9.35,
    -10.2,
    -11.05,
    -11.9,
    -12.75
  ],
  "2_1": [
    2.55,
    8.5,
    2.55,
    -6.8,
    -7.65,
    -8.5,
    -9.35,
    -10.2,
    -11.05,
    -11.9
  ],
  "2_2": [
    -6.8,
    2.55,
    8.5,
    2.55,
    -6.8,
    -7.65,
    -8.5,
    -9.35,
    -10.2,
    -11.05
  ],
  "2_3": [
    -7.65,
    -6.8,
    2.55,
    8.5,
    2.55,
    -6.8,
    -7.65,
    -8.5,
    -9.35,
    -10.2
  ],
  "2_4": [
    -8.5,
    -7.65,
    -6.8,
    2.55,
    8.5,
    2.55,
    -6.8,
    -7.65,
    -8.5,
    -9.35
  ],
  "2_5": [
    -9.35,
    -8.5,
    -7.65,
    -6.8,
    2.55,
    8.5,
    2.55,
    -6.8,
    -7.65,
    -8.5
  ],
  "2_6": [
    -10.2,
    -9.35,
    -8.5,
    -7.65,
    -6.8,
    2.55,
    8.5,
    2.55,
    -6.8,
    -7.65
  ],
  "2_7": [
    -11.05,
    -10.2,
    -9.35,
    -8.5,
    -7.65,
    -6.8,
    2.55,
    8.5,
    2.55,
    -6.8
  ],
  "2_8": [
    -11.9,
    -11.05,
    -10.2,
    -9.35,
    -8.5,
    -7.65,
    -6.8,
    2.55,
    8.5,
    2.55
  ],
  "2_9": [
    -12.75,
    -11.9,
    -11.05,
    -10.2,
    -9.35,
    -8.5,
    -7.65,
    -6.8,
    2.55,
    8.5
  ],
  "3_0": [
    8.5,
    2.55,
    -6.8,
    -7.65,
    -8.5,
    -9.35,
    -10.2,
    -11.05,
    -11.9,
    -12.75
  ],
  "3_1": [
    2.55,
    8.5,
    2.55,
    -6.8,
    -7.65,
    -8.5,
    -9.35,
    -10.2,
    -11.05,
    -11.9
  ],
  "3_2": [
    -6.8,
    2.55,
    8.5,
    2.55,
    -6.8,
    -7.65,
    -8.5,
    -9.35,
    -10.2,
    -11.05
  ],
  "3_3": [
    -7.65,
    -6.8,
    2.55,
    8.5,
    2.55,
    -6.8,
    -7.65,
    -8.5,
    -9.35,
    -10.2
  ],
  "3_4": [
    -8.5,
    -7.65,
    -6.8,
    2.55,
    8.5,
    2.55,
    -6.8,
    -7.65,
    -8.5,
    -9.35
  ],
  "3_5": [
    -9.35,
    -8.5,
    -7.65,
    -6.8,
    2.55,
    8.5,
    2.55,
    -6.8,
    -7.65,
    -8.5
  ],
  "3_6": [
    -10.2,
    -9.35,
    -8.5,
    -7.65,
    -6.8,
    2.55,
    8.5,
    2.55,
    -6.8,
    -7.65
  ],
  "3_7": [
    -11.05,
    -10.2,
    -9.35,
    -8.5,
    -7.65,
    -6.8,
    2.55,
    8.5,
    2.55,
    -6.8
  ],
  "3_8": [
    -11.9,
    -11.05,
    -10.2,
    -9.35,
    -8.5,
    -7.65,
    -6.8,
    2.55,
    8.5,
    2.55
  ],
  "3_9": [
    -12.75,
    -11.9,
    -11.05,
    -10.2,
    -9.35,
    -8.5,
    -7.65,
    -6.8,
    2.55,
    8.5
  ],
  "4_0": [
    8.5,
    2.55,
    -6.8,
    -7.65,
    -8.5,
    -9.35,
    -10.2,
    -11.05,
    -11.9,
    -12.75
  ],
  "4_1": [
    2.55,
    8.5,
    2.55,
    -6.8,
    -7.65,
    -8.5,
    -9.35,
    -10.2,
    -11.05,
    -11.9
  ],
  "4_2": [
    -6.8,
    2.55,
    8.5,
    2.55,
    -6.8,
    -7.65,
    -8.5,
    -9.35,
    -10.2,
    -11.05
  ],
  "4_3": [
    -7.65,
    -6.8,
    2.55,
    8.5,
    2.55,
    -6.8,
    -7.65,
    -8.5,
    -9.35,
    -10.2
  ],
  "4_4": [
    -8.5,
    -7.65,
    -6.8,
    2.55,
    8.5,
    2.55,
    -6.8,
    -7.65,
    -8.5,
    -9.35
  ],
  "4_5": [
    -9.35,
    -8.5,
    -7.65,
    -6.8,
    2.55,
    8.5,
    2.55,
    -6.8,
    -7.65,
    -8.5
  ],
  "4_6": [
    -10.2,
    -9.35,
    -8.5,
    -7.65,
    -6.8,
    2.55,
    8.5,
    2.55,
    -6.8,
    -7.65
  ],
  "4_7": [
    -11.05,
    -10.2,
    -9.35,
    -8.5,
    -7.65,
    -6.8,
    2.55,
    8.5,
    2.55,
    -6.8
  ],
  "4_8": [
    -11.9,
    -11.05,
    -10.2,
    -9.35,
    -8.5,
    -7.65,
    -6.8,
    2.55,
    8.5,
    2.55
  ],
  "4_9": [
    -12.75,
    -11.9,
    -11.05,
    -10.2,
    -9.35,
    -8.5,
    -7.65,
    -6.8,
    2.55,
    8.5
  ],
  "5_0": [
    8.5,
    2.55,
    -6.8,
    -7.65,
    -8.5,
    -9.35,
    -10.2,
    -11.05,
    -11.9,
    -12.75
  ],
  "5_1": [
    2.55,
    8.5,
    2.55,
    -6.8,
    -7.65,
    -8.5,
    -9.35,
    -10.2,
    -11.05,
    -11.9
  ],
  "5_2": [
    -6.8,
    2.55,
    8.5,
    2.55,
    -6.8,
    -7.65,
    -8.5,
    -9.35,
    -10.2,
    -11.05
  ],
  "5_3": [
    -7.65,
    -6.8,
    2.55,
    8.5,
    2.55,
    -6.8,
    -7.65,
    -8.5,
    -9.35,
    -10.2
  ],