{
  "0": [
    0.345,
    0.277278,
    0.111445,
    -0.07269,
    -0.212868,
    -0.292854,
    -0.328262,
    -0.34063,
    -0.344072,
    -0.34484
  ],
  "1": [
    0.277278,
    0.345,
    0.277278,
    0.111445,
    -0.07269,
    -0.212868,
    -0.292854,
    -0.328262,
    -0.34063,
    -0.344072
  ],
  "2": [
    0.111445,
    0.277278,
    0.345,
    0.277278,
    0.111445,
    -0.07269,
    -0.212868,
    -0.292854,
    -0.328262,
    -0.34063
  ],
  "3": [
    -0.07269,
    0.111445,
    0.277278,
    0.345,
    0.277278,
    0.111445,
    -0.07269,
    -0.212868,
    -0.292854,
    -0.328262
  ],
  "4": [
    -0.212868,
    -0.07269,
    0.111445,
    0.277278,
    0.345,
    0.277278,
    0.111445,
    -0.07269,
    -0.212868,
    -0.292854
  ],
  "5": [
    -0.292854,
    -0.212868,
    -0.07269,
    0.111445,
    0.277278,
    0.345,
    0.277278,
    0.111445,
    -0.07269,
    -0.212868
  ],
  "6": [
    -0.328262,
    -0.292854,
    -0.212868,
    -0.07269,
    0.111445,
    0.277278,
    0.345,
    0.277278,
    0.111445,
    -0.07269
  ],
  "7": [
    -0.34063,
    -0.328262,
    -0.292854,
    -0.212868,
    -0.07269,
    0.111445,
    0.277278,
    0.345,
    0.277278,
    0.111445
  ],
  "8": [
    -0.344072,
    -0.34063,
    -0.328262,
    -0.292854,
    -0.212868,
    -0.07269,
    0.111445,
    0.277278,
    0.345,
    0.277278
  ],
  "9": [
    -0.34484,
    -0.344072,
    -0.34063,
    -0.328262,
    -0.292854,
    -0.212868,
    -0.07269,
    0.111445,
    0.277278,
    0.345
  ],
  "0_0": [
    5.75,
    1.725,
    -4.6,
    -5.175,
    -5.75,
    -6.325,
    -6.9,
    -7.475,
    -8.05,
    -8.625
  ],
  "0_1": [
    1.725,
    5.75,
    1.725,
    -4.6,
    -5.175,
    -5.75,
    -6.325,
    -6.9,
    -7.475,
    -8.05
  ],
  "0_2": [
    -4.6,
    1.725,
    5.75,
    1.725,
    -4.6,
    -5.175,
    -5.75,
    -6.325,
    -6.9,
    -7.475
  ],
  "0_3": [
    -5.175,
    -4.6,
    1.725,
    5.75,
    1.725,
    -4.6,
    -5.175,
    -5.75,
    -6.325,
    -6.9
  ],
  "0_4": [
    -5.75,
    -5.175,
    -4.6,
    1.725,
    5.75,
    1.725,
    -4.6,
    -5.175,
    -5.75,
    -6.325
  ],
  "0_5": [
    -6.325,
    -5.75,
    -5.175,
    -4.6,
    1.725,
    5.75,
    1.725,
    -4.6,
    -5.175,
    -5.75
  ],
  "0_6": [
    -6.9,
    -6.325,
    -5.75,
    -5.175,
    -4.6,
    1.725,
    5.75,
    1.725,
    -4.6,
    -5.175
  ],
  "0_7": [
    -7.475,
    -6.9,
    -6.325,
    -5.75,
    -5.175,
    -4.6,
    1.725,
    5.75,
    1.725,
    -4.6
  ],
  "0_8": [
    -8.05,
    -7.475,
    -6.9,
    -6.325,
    -5.75,
    -5.175,
    -4.6,
    1.725,
    5.75,
    1.725
  ],
  "0_9": [
    -8.625,
    -8.05,
    -7.475,
    -6.9,
    -6.325,
    -5.75,
    -5.175,
    -4.6,
    1.725,
    5.75
  ],
  "1_0": [
    5.75,
    1.725,
    -4.6,
    -5.175,
    -5.75,
    -6.325,
    -6.9,
    -7.475,
    -8.05,
    -8.625
  ],
  "1_1": [
    1.725,
    5.75,
    1.725,
    -4.6,
    -5.175,
    -5.75,
    -6.325,
    -6.9,
    -7.475,
    -8.05
  ],
  "1_2": [
    -4.6,
    1.725,
    5.75,
    1.725,
    -4.6,
    -5.175,
    -5.75,
    -6.325,
    -6.9,
    -7.475
  ],
  "1_3": [
    -5.175,
    -4.6,
    1.725,
    5.75,
    1.725,
    -4.6,
    -5.175,
    -5.75,
    -6.325,
    -6.9
  ],
  "1_4": [
    -5.75,
    -5.175,
    -4.6,
    1.725,
    5.75,
    1.725,
    -4.6,
    -5.175,
    -5.75,
    -6.325
  ],
  "1_5": [
    -6.325,
    -5.75,
    -5.175,
    -4.6,
    1.725,
    5.75,
    1.725,
    -4.6,
    -5.175,
    -5.75
  ],
  "1_6": [
    -6.9,
    -6.325,
    -5.75,
    -5.175,
    -4.6,
    1.725,
    5.75,
    1.725,
    -4.6,
    -5.175
  ],
  "1_7": [
    -7.475,
    -6.9,
    -6.325,
    -5.75,
    -5.175,
    -4.6,
    1.725,
    5.75,
    1.725,
    -4.6
  ],
  "1_8": [
    -8.05,
    -7.475,
    -6.9,
    -6.325,
    -5.75,
    -5.175,
    -4.6,
    1.725,
    5.75,
    1.725
  ],
  "1_9": [
    -8.625,
    -8.05,
    -7.475,
    -6.9,
    -6.325,
    -5.75,
    -5.175,
    -4.6,
    1.725,
    5.75
  ],
  "2_0": [
    5.75,
    1.725,
    -4.6,
    -5.175,
    -5.75,
    -6.325,
    -6.9,
    -7.475,
    -8.05,
    -8.625
  ],
  "2_1": [
    1.725,
    5.75,
    1.725,
    -4.6,
    -5.175,
    -5.75,
    -6.325,
    -6.9,
    -7.475,
    -8.05
  ],
  "2_2": [
    -4.6,
    1.725,
    5.75,
    1.725,
    -4.6,
    -5.175,
    -5.75,
    -6.325,
    -6.9,
    -7.475
  ],
  "2_3": [
    -5.175,
    -4.6,
    1.725,
    5.75,
    1.725,
    -4.6,
    -5.175,
    -5.75,
    -6.325,
    -6.9
  ],
  "2_4": [
    -5.75,
    -5.175,
    -4.6,
    1.725,
    5.75,
    1.725,
    -4.6,
    -5.175,
    -5.75,
    -6.325
  ],
  "2_5": [
    -6.325,
    -5.75,
    -5.175,
    -4.6,
    1.725,
    5.75,
    1.725,
    -4.6,
    -5.175,
    -5.75
  ],
  "2_6": [
    -6.9,
    -6.325,
    -5.75,
    -5.175,
    -4.6,
    1.725,
    5.75,
    1.725,
    -4.6,
    -5.175
  ],
  "2_7": [
    -7.475,
    -6.9,
    -6.325,
    -5.75,
    -5.175,
    -4.6,
    1.725,
    5.75,
    1.725,
    -4.6
  ],
  "2_8": [
    -8.05,
    -7.475,
    -6.9,
    -6.325,
    -5.75,
    -5.175,
    -4.6,
    1.725,
    5.75,
    1.725
  ],
  "2_9": [
    -8.625,
    -8.05,
    -7.475,
    -6.9,
    -6.325,
    -5.75,
    -5.175,
    -4.6,
    1.725,
    5.75
  ],
  "3_0": [
    5.75,
    1.725,
    -4.6,
    -5.175,
    -5.75,
    -6.325,
    -6.9,
    -7.475,
    -8.05,
    -8.625
  ],
  "3_1": [
    1.725,
    5.75,
    1.725,
    -4.6,
    -5.175,
    -5.75,
    -6.325,
    -6.9,
    -7.475,
    -8.05
  ],
  "3_2": [
    -4.6,
    1.725,
    5.75,
    1.725,
    -4.6,
    -5.175,
    -5.75,
    -6.325,
    -6.9,
    -7.475
  ],
  "3_3": [
    -5.175,
    -4.6,
    1.725,
    5.75,
    1.725,
    -4.6,
    -5.175,
    -5.75,
    -6.325,
    -6.9
  ],
  "3_4": [
    -5.75,
    -5.175,
    -4.6,
    1.725,
    5.75,
    1.725,
    -4.6,
    -5.175,
    -5.75,
    -6.325
  ],
  "3_5": [
    -6.325,
    -5.75,
    -5.175,
    -4.6,
    1.725,
    5.75,
    1.725,
    -4.6,
    -5.175,
    -5.75
  ],
  "3_6": [
    -6.9,
    -6.325,
    -5.75,
    -5.175,
    -4.6,
    1.725,
    5.75,
    1.725,
    -4.6,
    -5.175
  ],
  "3_7": [
    -7.475,
    -6.9,
    -6.325,
    -5.75,
    -5.175,
    -4.6,
    1.725,
    5.75,
    1.725,
    -4.6
  ],
  "3_8": [
    -8.05,
    -7.475,
    -6.9,
    -6.325,
    -5.75,
    -5.175,
    -4.6,
    1.725,
    5.75,
    1.725
  ],
  "3_9": [
    -8.625,
    -8.05,
    -7.475,
    -6.9,
    -6.325,
    -5.75,
    -5.175,
    -4.6,
    1.725,
    5.75
  ],
  "4_0": [
    5.75,
    1.725,
    -4.6,
    -5.175,
    -5.75,
    -6.325,
    -6.9,
    -7.475,
    -8.05,
    -8.625
  ],
  "4_1": [
    1.725,
    5.75,
    1.725,
    -4.6,
    -5.175,
    -5.75,
    -6.325,
    -6.9,
    -7.475,
    -8.05
  ],
  "4_2": [
    -4.6,
    1.725,
    5.75,
    1.725,
    -4.6,
    -5.175,
    -5.75,
    -6.325,
    -6.9,
    -7.475
  ],
  "4_3": [
    -5.175,
    -4.6,
    1.725,
    5.75,
    1.725,
    -4.6,
    -5.175,
    -5.75,
    -6.325,
    -6.9
  ],
  "4_4": [
    -5.75,
    -5.175,
    -4.6,
    1.725,
    5.75,
    1.725,
    -4.6,
    -5.175,
    -5.75,
    -6.325
  ],
  "4_5": [
    -6.325,
    -5.75,
    -5.175,
    -4.6,
    1.725,
    5.75,
    1.725,
    -4.6,
    -5.175,
    -5.75
  ],
  "4_6": [
    -6.9,
    -6.325,
    -5.75,
    -5.175,
    -4.6,
    1.725,
    5.75,
    1.725,
    -4.6,
    -5.175
  ],
  "4_7": [
    -7.475,
    -6.9,
    -6.325,
    -5.75,
    -5.175,
    -4.6,
    1.725,
    5.75,
    1.725,
    -4.6
  ],
  "4_8": [
    -8.05,
    -7.475,
    -6.9,
    -6.325,
    -5.75,
    -5.175,
    -4.6,
    1.725,
    5.75,
    1.725
  ],
  "4_9": [
    -8.625,
    -8.05,
    -7.475,
    -6.9,
    -6.325,
    -5.75,
    -5.175,
    -4.6,
    1.725,
    5.75
  ],
  "5_0": [
    5.75,
    1.725,
    -4.6,
    -5.175,
    -5.75,
    -6.325,
    -6.9,
    -7.475,
    -8.05,
    -8.625
  ],