{
  "0": [
    0.405,
    0.3255,
    0.130827,
    -0.085332,
    -0.249889,
    -0.343786,
    -0.385351,
    -0.39987,
    -0.403911,
    -0.404812
  ],
  "1": [
    0.3255,
    0.405,
    0.3255,
    0.130827,
    -0.085332,
    -0.249889,
    -0.343786,
    -0.385351,
    -0.39987,
    -0.403911
  ],
  "2": [
    0.130827,
    0.3255,
    0.405,
    0.3255,
    0.130827,
    -0.085332,
    -0.249889,
    -0.343786,
    -0.385351,
    -0.39987
  ],
  "3": [
    -0.085332,
    0.130827,
    0.3255,
    0.405,
    0.3255,
    0.130827,
    -0.085332,
    -0.249889,
    -0.343786,
    -0.385351
  ],
  "4": [
    -0.249889,
    -0.085332,
    0.130827,
    0.3255,
    0.405,
    0.3255,
    0.130827,
    -0.085332,
    -0.249889,
    -0.343786
  ],
  "5": [
    -0.343786,
    -0.249889,
    -0.085332,
    0.130827,
    0.3255,
    0.405,
    0.3255,
    0.130827,
    -0.085332,
    -0.249889
  ],
  "6": [
    -0.385351,
    -0.343786,
    -0.249889,
    -0.085332,
    0.130827,
    0.3255,
    0.405,
    0.3255,
    0.130827,
    -0.085332
  ],
  "7": [
    -0.39987,
    -0.385351,
    -0.343786,
    -0.249889,
    -0.085332,
    0.130827,
    0.3255,
    0.405,
    0.3255,
    0.130827
  ],
  "8": [
    -0.403911,
    -0.39987,
    -0.385351,
    -0.343786,
    -0.249889,
    -0.085332,
    0.130827,
    0.3255,
    0.405,
    0.3255
  ],
  "9": [
    -0.404812,
    -0.403911,
    -0.39987,
    -0.385351,
    -0.343786,
    -0.249889,
    -0.085332,
    0.130827,
    0.3255,
    0.405
  ],
  "0_0": [
    6.75,
    2.025,
    -5.4,
    -6.075,
    -6.75,
    -7.425,
    -8.1,
    -8.775,
    -9.45,
    -10.125
  ],
  "0_1": [
    2.025,
    6.75,
    2.025,
    -5.4,
    -6.075,
    -6.75,
    -7.425,
    -8.1,
    -8.775,
    -9.45
  ],
  "0_2": [
    -5.4,
    2.025,
    6.75,
    2.025,
    -5.4,
    -6.075,
    -6.75,
    -7.425,
    -8.1,
    -8.775
  ],
  "0_3": [
    -6.075,
    -5.4,
    2.025,
    6.75,
    2.025,
    -5.4,
    -6.075,
    -6.75,
    -7.425,
    -8.1
  ],
  "0_4": [
    -6.75,
    -6.075,
    -5.4,
    2.025,
    6.75,
    2.025,
    -5.4,
    -6.075,
    -6.75,
    -7.425
  ],
  "0_5": [
    -7.425,
    -6.75,
    -6.075,
    -5.4,
    2.025,
    6.75,
    2.025,
    -5.4,
    -6.075,
    -6.75
  ],
  "0_6": [
    -8.1,
    -7.425,
    -6.75,
    -6.075,
    -5.4,
    2.025,
    6.75,
    2.025,
    -5.4,
    -6.075
  ],
  "0_7": [
    -8.775,
    -8.1,
    -7.425,
    -6.75,
    -6.075,
    -5.4,
    2.025,
    6.75,
    2.025,
    -5.4
  ],
  "0_8": [
    -9.45,
    -8.775,
    -8.1,
    -7.425,
    -6.75,
    -6.075,
    -5.4,
    2.025,
    6.75,
    2.025
  ],
  "0_9": [
    -10.125,
    -9.45,
    -8.775,
    -8.1,
    -7.425,
    -6.75,
    -6.075,
    -5.4,
    2.025,
    6.75
  ],
  "1_0": [
    6.75,
    2.025,
    -5.4,
    -6.075,
    -6.75,
    -7.425,
    -8.1,
    -8.775,
    -9.45,
    -10.125
  ],
  "1_1": [
    2.025,
    6.75,
    2.025,
    -5.4,
    -6.075,
    -6.75,
    -7.425,
    -8.1,
    -8.775,
    -9.45
  ],
  "1_2": [
    -5.4,
    2.025,
    6.75,
    2.025,
    -5.4,
    -6.075,
    -6.75,
    -7.425,
    -8.1,
    -8.775
  ],
  "1_3": [
    -6.075,
    -5.4,
    2.025,
    6.75,
    2.025,
    -5.4,
    -6.075,
    -6.75,
    -7.425,
    -8.1
  ],
  "1_4": [
    -6.75,
    -6.075,
    -5.4,
    2.025,
    6.75,
    2.025,
    -5.4,
    -6.075,
    -6.75,
    -7.425
  ],
  "1_5": [
    -7.425,
    -6.75,
    -6.075,
    -5.4,
    2.025,
    6.75,
    2.025,
    -5.4,
    -6.075,
    -6.75
  ],
  "1_6": [
    -8.1,
    -7.425,
    -6.75,
    -6.075,
    -5.4,
    2.025,
    6.75,
    2.025,
    -5.4,
    -6.075
  ],
  "1_7": [
    -8.775,
    -8.1,
    -7.425,
    -6.75,
    -6.075,
    -5.4,
    2.025,
    6.75,
    2.025,
    -5.4
  ],
  "1_8": [
    -9.45,
    -8.775,
    -8.1,
    -7.425,
    -6.75,
    -6.075,
    -5.4,
    2.025,
    6.75,
    2.025
  ],
  "1_9": [
    -10.125,
    -9.45,
    -8.775,
    -8.1,
    -7.425,
    -6.75,
    -6.075,
    -5.4,
    2.025,
    6.75
  ],
  "2_0": [
    6.75,
    2.025,
    -5.4,
    -6.075,
    -6.75,
    -7.425,
    -8.1,
    -8.775,
    -9.45,
    -10.125
  ],
  "2_1": [
    2.025,
    6.75,
    2.025,
    -5.4,
    -6.075,
    -6.75,
    -7.425,
    -8.1,
    -8.775,
    -9.45
  ],
  "2_2": [
    -5.4,
    2.025,
    6.75,
    2.025,
    -5.4,
    -6.075,
    -6.75,
    -7.425,
    -8.1,
    -8.775
  ],
  "2_3": [
    -6.075,
    -5.4,
    2.025,
    6.75,
    2.025,
    -5.4,
    -6.075,
    -6.75,
    -7.425,
    -8.1
  ],
  "2_4": [
    -6.75,
    -6.075,
    -5.4,
    2.025,
    6.75,
    2.025,
    -5.4,
    -6.075,
    -6.75,
    -7.425
  ],
  "2_5": [
    -7.425,
    -6.75,
    -6.075,
    -5.4,
    2.025,
    6.75,
    2.025,
    -5.4,
    -6.075,
    -6.75
  ],
  "2_6": [
    -8.1,
    -7.425,
    -6.75,
    -6.075,
    -5.4,
    2.025,
    6.75,
    2.025,
    -5.4,
    -6.075
  ],
  "2_7": [
    -8.775,
    -8.1,
    -7.425,
    -6.75,
    -6.075,
    -5.4,
    2.025,
    6.75,
    2.025,
    -5.4
  ],
  "2_8": [
    -9.45,
    -8.775,
    -8.1,
    -7.425,
    -6.75,
    -6.075,
    -5.4,
    2.025,
    6.75,
    2.025
  ],
  "2_9": [
    -10.125,
    -9.45,
    -8.775,
    -8.1,
    -7.425,
    -6.75,
    -6.075,
    -5.4,
    2.025,
    6.75
  ],
  "3_0": [
    6.75,
    2.025,
    -5.4,
    -6.075,
    -6.75,
    -7.425,
    -8.1,
    -8.775,
    -9.45,
    -10.125
  ],
  "3_1": [
    2.025,
    6.75,
    2.025,
    -5.4,
    -6.075,
    -6.75,
    -7.425,
    -8.1,
    -8.775,
    -9.45
  ],
  "3_2": [
    -5.4,
    2.025,
    6.75,
    2.025,
    -5.4,
    -6.075,
    -6.75,
    -7.425,
    -8.1,
    -8.775
  ],
  "3_3": [
    -6.075,
    -5.4,
    2.025,
    6.75,
    2.025,
    -5.4,
    -6.075,
    -6.75,
    -7.425,
    -8.1
  ],
  "3_4": [
    -6.75,
    -6.075,
    -5.4,
    2.025,
    6.75,
    2.025,
    -5.4,
    -6.075,
    -6.75,
    -7.425
  ],
  "3_5": [
    -7.425,
    -6.75,
    -6.075,
    -5.4,
    2.025,
    6.75,
    2.025,
    -5.4,
    -6.075,
    -6.75
  ],
  "3_6": [
    -8.1,
    -7.425,
    -6.75,
    -6.075,
    -5.4,
    2.025,
    6.75,
    2.025,
    -5.4,
    -6.075
  ],
  "3_7": [
    -8.775,
    -8.1,
    -7.425,
    -6.75,
    -6.075,
    -5.4,
    2.025,
    6.75,
    2.025,
    -5.4
  ],
  "3_8": [
    -9.45,
    -8.775,
    -8.1,
    -7.425,
    -6.75,
    -6.075,
    -5.4,
    2.025,
    6.75,
    2.025
  ],
  "3_9": [
    -10.125,
    -9.45,
    -8.775,
    -8.1,
    -7.425,
    -6.75,
    -6.075,
    -5.4,
    2.025,
    6.75
  ],
  "4_0": [
    6.75,
    2.025,
    -5.4,
    -6.075,
    -6.75,
    -7.425,
    -8.1,
    -8.775,
    -9.45,
    -10.125
  ],
  "4_1": [
    2.025,
    6.75,
    2.025,
    -5.4,
    -6.075,
    -6.75,
    -7.425,
    -8.1,
    -8.775,
    -9.45
  ],
  "4_2": [
    -5.4,
    2.025,
    6.75,
    2.025,
    -5.4,
    -6.075,
    -6.75,
    -7.425,
    -8.1,
    -8.775
  ],
  "4_3": [
    -6.075,
    -5.4,
    2.025,
    6.75,
    2.025,
    -5.4,
    -6.075,
    -6.75,
    -7.425,
    -8.1
  ],
  "4_4": [
    -6.75,
    -6.075,
    -5.4,
    2.025,
    6.75,
    2.025,
    -5.4,
    -6.075,
    -6.75,
    -7.425
  ],
  "4_5": [
    -7.425,
    -6.75,
    -6.075,
    -5.4,
    2.025,
    6.75,
    2.025,
    -5.4,
    -6.075,
    -6.75
  ],
  "4_6": [
    -8.1,
    -7.425,
    -6.75,
    -6.075,
    -5.4,
    2.025,
    6.75,
    2.025,
    -5.4,
    -6.075
  ],
  "4_7": [
    -8.775,
    -8.1,
    -7.425,
    -6.75,
    -6.075,
    -5.4,
    2.025,
    6.75,
    2.025,
    -5.4
  ],
  "4_8": [
    -9.45,
    -8.775,
    -8.1,
    -7.425,
    -6.75,
    -6.075,
    -5.4,
    2.025,
    6.75,
    2.025
  ],
  "4_9": [
    -10.125,
    -9.45,
    -8.775,
    -8.1,
    -7.425,
    -6.75,
    -6.075,
    -5.4,
    2.025,
    6.75
  ],
  "5_0": [
    6.75,
    2.025,
    -5.4,
    -6.075,
    -6.75,
    -7.425,
    -8.1,
    -8.775,
    -9.45,
    -10.125
  ],