{
  "0": [
    0.43875,
    0.352625,
    0.141729,
    -0.092443,
    -0.270713,
    -0.372434,
    -0.417463,
    -0.433192,
    -0.43757,
    -0.438547
  ],
  "1": [
    0.352625,
    0.43875,
    0.352625,
    0.141729,
    -0.092443,
    -0.270713,
    -0.372434,
    -0.417463,
    -0.433192,
    -0.43757
  ],
  "2": [
    0.141729,
    0.352625,
    0.43875,
    0.352625,
    0.141729,
    -0.092443,
    -0.270713,
    -0.372434,
    -0.417463,
    -0.433192
  ],
  "3": [
    -0.092443,
    0.141729,
    0.352625,
    0.43875,
    0.352625,
    0.141729,
    -0.092443,
    -0.270713,
    -0.372434,
    -0.417463
  ],
  "4": [
    -0.270713,
    -0.092443,
    0.141729,
    0.352625,
    0.43875,
    0.352625,
    0.141729,
    -0.092443,
    -0.270713,
    -0.372434
  ],
  "5": [
    -0.372434,
    -0.270713,
    -0.092443,
    0.141729,
    0.352625,
    0.43875,
    0.352625,
    0.141729,
    -0.092443,
    -0.270713
  ],
  "6": [
    -0.417463,
    -0.372434,
    -0.270713,
    -0.092443,
    0.141729,
    0.352625,
    0.43875,
    0.352625,
    0.141729,
    -0.092443
  ],
  "7": [
    -0.433192,
    -0.417463,
    -0.372434,
    -0.270713,
    -0.092443,
    0.141729,
    0.352625,
    0.43875,
    0.352625,
    0.141729
  ],
  "8": [
    -0.43757,
    -0.433192,
    -0.417463,
    -0.372434,
    -0.270713,
    -0.092443,
    0.141729,
    0.352625,
    0.43875,
    0.352625
  ],
  "9": [
    -0.438547,
    -0.43757,
    -0.433192,
    -0.417463,
    -0.372434,
    -0.270713,
    -0.092443,
    0.141729,
    0.352625,
    0.43875
  ],
  "0_0": [
    7.3125,
    2.19375,
    -5.85,
    -6.58125,
    -7.3125,
    -8.04375,
    -8.775,
    -9.50625,
    -10.2375,
    -10.96875
  ],
  "0_1": [
    2.19375,
    7.3125,
    2.19375,
    -5.85,
    -6.58125,
    -7.3125,
    -8.04375,
    -8.775,
    -9.50625,
    -10.2375
  ],
  "0_2": [
    -5.85,
    2.19375,
    7.3125,
    2.19375,
    -5.85,
    -6.58125,
    -7.3125,
    -8.04375,
    -8.775,
    -9.50625
  ],
  "0_3": [
    -6.58125,
    -5.85,
    2.19375,
    7.3125,
    2.19375,
    -5.85,
    -6.58125,
    -7.3125,
    -8.04375,
    -8.775
  ],
  "0_4": [
    -7.3125,
    -6.58125,
    -5.85,
    2.19375,
    7.3125,
    2.19375,
    -5.85,
    -6.58125,
    -7.3125,
    -8.04375
  ],
  "0_5": [
    -8.04375,
    -7.3125,
    -6.58125,
    -5.85,
    2.19375,
    7.3125,
    2.19375,
    -5.85,
    -6.58125,
    -7.3125
  ],
  "0_6": [
    -8.775,
    -8.04375,
    -7.3125,
    -6.58125,
    -5.85,
    2.19375,
    7.3125,
    2.19375,
    -5.85,
    -6.58125
  ],
  "0_7": [
    -9.50625,
    -8.775,
    -8.04375,
    -7.3125,
    -6.58125,
    -5.85,
    2.19375,
    7.3125,
    2.19375,
    -5.85
  ],
  "0_8": [
    -10.2375,
    -9.50625,
    -8.775,
    -8.04375,
    -7.3125,
    -6.58125,
    -5.85,
    2.19375,
    7.3125,
    2.19375
  ],
  "0_9": [
    -10.96875,
    -10.2375,
    -9.50625,
    -8.775,
    -8.04375,
    -7.3125,
    -6.58125,
    -5.85,
    2.19375,
    7.3125
  ],
  "1_0": [
    7.3125,
    2.19375,
    -5.85,
    -6.58125,
    -7.3125,
    -8.04375,
    -8.775,
    -9.50625,
    -10.2375,
    -10.96875
  ],
  "1_1": [
    2.19375,
    7.3125,
    2.19375,
    -5.85,
    -6.58125,
    -7.3125,
    -8.04375,
    -8.775,
    -9.50625,
    -10.2375
  ],
  "1_2": [
    -5.85,
    2.19375,
    7.3125,
    2.19375,
    -5.85,
    -6.58125,
    -7.3125,
    -8.04375,
    -8.775,
    -9.50625
  ],
  "1_3": [
    -6.58125,
    -5.85,
    2.19375,
    7.3125,
    2.19375,
    -5.85,
    -6.58125,
    -7.3125,
    -8.04375,
    -8.775
  ],
  "1_4": [
    -7.3125,
    -6.58125,
    -5.85,
    2.19375,
    7.3125,
    2.19375,
    -5.85,
    -6.58125,
    -7.3125,
    -8.04375
  ],
  "1_5": [
    -8.04375,
    -7.3125,
    -6.58125,
    -5.85,
    2.19375,
    7.3125,
    2.19375,
    -5.85,
    -6.58125,
    -7.3125
  ],
  "1_6": [
    -8.775,
    -8.04375,
    -7.3125,
    -6.58125,
    -5.85,
    2.19375,
    7.3125,
    2.19375,
    -5.85,
    -6.58125
  ],
  "1_7": [
    -9.50625,
    -8.775,
    -8.04375,
    -7.3125,
    -6.58125,
    -5.85,
    2.19375,
    7.3125,
    2.19375,
    -5.85
  ],
  "1_8": [
    -10.2375,
    -9.50625,
    -8.775,
    -8.04375,
    -7.3125,
    -6.58125,
    -5.85,
    2.19375,
    7.3125,
    2.19375
  ],
  "1_9": [
    -10.96875,
    -10.2375,
    -9.50625,
    -8.775,
    -8.04375,
    -7.3125,
    -6.58125,
    -5.85,
    2.19375,
    7.3125
  ],
  "2_0": [
    7.3125,
    2.19375,
    -5.85,
    -6.58125,
    -7.3125,
    -8.04375,
    -8.775,
    -9.50625,
    -10.2375,
    -10.96875
  ],
  "2_1": [
    2.19375,
    7.3125,
    2.19375,
    -5.85,
    -6.58125,
    -7.3125,
    -8.04375,
    -8.775,
    -9.50625,
    -10.2375
  ],
  "2_2": [
    -5.85,
    2.19375,
    7.3125,
    2.19375,
    -5.85,
    -6.58125,
    -7.3125,
    -8.04375,
    -8.775,
    -9.50625
  ],
  "2_3": [
    -6.58125,
    -5.85,
    2.19375,
    7.3125,
    2.19375,
    -5.85,
    -6.58125,
    -7.3125,
    -8.04375,
    -8.775
  ],
  "2_4": [
    -7.3125,
    -6.58125,
    -5.85,
    2.19375,
    7.3125,
    2.19375,
    -5.85,
    -6.58125,
    -7.3125,
    -8.04375
  ],
  "2_5": [
    -8.04375,
    -7.3125,
    -6.58125,
    -5.85,
    2.19375,
    7.3125,
    2.19375,
    -5.85,
    -6.58125,
    -7.3125
  ],
  "2_6": [
    -8.775,
    -8.04375,
    -7.3125,
    -6.58125,
    -5.85,
    2.19375,
    7.3125,
    2.19375,
    -5.85,
    -6.58125
  ],
  "2_7": [
    -9.50625,
    -8.775,
    -8.04375,
    -7.3125,
    -6.58125,
    -5.85,
    2.19375,
    7.3125,
    2.19375,
    -5.85
  ],
  "2_8": [
    -10.2375,
    -9.50625,
    -8.775,
    -8.04375,
    -7.3125,
    -6.58125,
    -5.85,
    2.19375,
    7.3125,
    2.19375
  ],
  "2_9": [
    -10.96875,
    -10.2375,
    -9.50625,
    -8.775,
    -8.04375,
    -7.3125,
    -6.58125,
    -5.85,
    2.19375,
    7.3125
  ],
  "3_0": [
    7.3125,
    2.19375,
    -5.85,
    -6.58125,
    -7.3125,
    -8.04375,
    -8.775,
    -9.50625,
    -10.2375,
    -10.96875
  ],
  "3_1": [
    2.19375,
    7.3125,
    2.19375,
    -5.85,
    -6.58125,
    -7.3125,
    -8.04375,
    -8.775,
    -9.50625,
    -10.2375
  ],
  "3_2": [
    -5.85,
    2.19375,
    7.3125,
    2.19375,
    -5.85,
    -6.58125,
    -7.3125,
    -8.04375,
    -8.775,
    -9.50625
  ],
  "3_3": [
    -6.58125,
    -5.85,
    2.19375,
    7.3125,
    2.19375,
    -5.85,
    -6.58125,
    -7.3125,
    -8.04375,
    -8.775
  ],
  "3_4": [
    -7.3125,
    -6.58125,
    -5.85,
    2.19375,
    7.3125,
    2.19375,
    -5.85,
    -6.58125,
    -7.3125,
    -8.04375
  ],
  "3_5": [
    -8.04375,
    -7.3125,
    -6.58125,
    -5.85,
    2.19375,
    7.3125,
    2.19375,
    -5.85,
    -6.58125,
    -7.3125
  ],
  "3_6": [
    -8.775,
    -8.04375,
    -7.3125,
    -6.58125,
    -5.85,
    2.19375,
    7.3125,
    2.19375,
    -5.85,
    -6.58125
  ],
  "3_7": [
    -9.50625,
    -8.775,
    -8.04375,
    -7.3125,
    -6.58125,
    -5.85,
    2.19375,
    7.3125,
    2.19375,
    -5.85
  ],
  "3_8": [
    -10.2375,
    -9.50625,
    -8.775,
    -8.04375,
    -7.3125,
    -6.58125,
    -5.85,
    2.19375,
    7.3125,
    2.19375
  ],
  "3_9": [
    -10.96875,
    -10.2375,
    -9.50625,
    -8.775,
    -8.04375,
    -7.3125,
    -6.58125,
    -5.85,
    2.19375,
    7.3125
  ],
  "4_0": [
    7.3125,
    2.19375,
    -5.85,
    -6.58125,
    -7.3125,
    -8.04375,
    -8.775,
    -9.50625,
    -10.2375,
    -10.96875
  ],
  "4_1": [
    2.19375,
    7.3125,
    2.19375,
    -5.85,
    -6.58125,
    -7.3125,
    -8.04375,
    -8.775,
    -9.50625,
    -10.2375
  ],
  "4_2": [
    -5.85,
    2.19375,
    7.3125,
    2.19375,
    -5.85,
    -6.58125,
    -7.3125,
    -8.04375,
    -8.775,
    -9.50625
  ],
  "4_3": [
    -6.58125,
    -5.85,
    2.19375,
    7.3125,
    2.19375,
    -5.85,
    -6.58125,
    -7.3125,
    -8.04375,
    -8.775
  ],