{
  "0": [
    0.3225,
    0.259194,
    0.104177,
    -0.06795,
    -0.198986,
    -0.273755,
    -0.306853,
    -0.318415,
    -0.321632,
    -0.322351
  ],
  "1": [
    0.259194,
    0.3225,
    0.259194,
    0.104177,
    -0.06795,
    -0.198986,
    -0.273755,
    -0.306853,
    -0.318415,
    -0.321632
  ],
  "2": [
    0.104177,
    0.259194,
    0.3225,
    0.259194,
    0.104177,
    -0.06795,
    -0.198986,
    -0.273755,
    -0.306853,
    -0.318415
  ],
  "3": [
    -0.06795,
    0.104177,
    0.259194,
    0.3225,
    0.259194,
    0.104177,
    -0.06795,
    -0.198986,
    -0.273755,
    -0.306853
  ],
  "4": [
    -0.198986,
    -0.06795,
    0.104177,
    0.259194,
    0.3225,
    0.259194,
    0.104177,
    -0.06795,
    -0.198986,
    -0.273755
  ],
  "5": [
    -0.273755,
    -0.198986,
    -0.06795,
    0.104177,
    0.259194,
    0.3225,
    0.259194,
    0.104177,
    -0.06795,
    -0.198986
  ],
  "6": [
    -0.306853,
    -0.273755,
    -0.198986,
    -0.06795,
    0.104177,
    0.259194,
    0.3225,
    0.259194,
    0.104177,
    -0.06795
  ],
  "7": [
    -0.318415,
    -0.306853,
    -0.273755,
    -0.198986,
    -0.06795,
    0.104177,
    0.259194,
    0.3225,
    0.259194,
    0.104177
  ],
  "8": [
    -0.321632,
    -0.318415,
    -0.306853,
    -0.273755,
    -0.198986,
    -0.06795,
    0.104177,
    0.259194,
    0.3225,
    0.259194
  ],
  "9": [
    -0.322351,
    -0.321632,
    -0.318415,
    -0.306853,
    -0.273755,
    -0.198986,
    -0.06795,
    0.104177,
    0.259194,
    0.3225
  ],
  "0_0": [
    5.375,
    1.6125,
    -4.3,
    -4.8375,
    -5.375,
    -5.9125,
    -6.45,
    -6.9875,
    -7.525,
    -8.0625
  ],
  "0_1": [
    1.6125,
    5.375,
    1.6125,
    -4.3,
    -4.8375,
    -5.375,
    -5.9125,
    -6.45,
    -6.9875,
    -7.525
  ],
  "0_2": [
    -4.3,
    1.6125,
    5.375,
    1.6125,
    -4.3,
    -4.8375,
    -5.375,
    -5.9125,
    -6.45,
    -6.9875
  ],
  "0_3": [
    -4.8375,
    -4.3,
    1.6125,
    5.375,
    1.6125,
    -4.3,
    -4.8375,
    -5.375,
    -5.9125,
    -6.45
  ],
  "0_4": [
    -5.375,
    -4.8375,
    -4.3,
    1.6125,
    5.375,
    1.6125,
    -4.3,
    -4.8375,
    -5.375,
    -5.9125
  ],
  "0_5": [
    -5.9125,
    -5.375,
    -4.8375,
    -4.3,
    1.6125,
    5.375,
    1.6125,
    -4.3,
    -4.8375,
    -5.375
  ],
  "0_6": [
    -6.45,
    -5.9125,
    -5.375,
    -4.8375,
    -4.3,
    1.6125,
    5.375,
    1.6125,
    -4.3,
    -4.8375
  ],
  "0_7": [
    -6.9875,
    -6.45,
    -5.9125,
    -5.375,
    -4.8375,
    -4.3,
    1.6125,
    5.375,
    1.6125,
    -4.3
  ],
  "0_8": [
    -7.525,
    -6.9875,
    -6.45,
    -5.9125,
    -5.375,
    -4.8375,
    -4.3,
    1.6125,
    5.375,
    1.6125
  ],
  "0_9": [
    -8.0625,
    -7.525,
    -6.9875,
    -6.45,
    -5.9125,
    -5.375,
    -4.8375,
    -4.3,
    1.6125,
    5.375
  ],
  "1_0": [
    5.375,
    1.6125,
    -4.3,
    -4.8375,
    -5.375,
    -5.9125,
    -6.45,
    -6.9875,
    -7.525,
    -8.0625
  ],
  "1_1": [
    1.6125,
    5.375,
    1.6125,
    -4.3,
    -4.8375,
    -5.375,
    -5.9125,
    -6.45,
    -6.9875,
    -7.525
  ],
  "1_2": [
    -4.3,
    1.6125,
    5.375,
    1.6125,
    -4.3,
    -4.8375,
    -5.375,
    -5.9125,
    -6.45,
    -6.9875
  ],
  "1_3": [
    -4.8375,
    -4.3,
    1.6125,
    5.375,
    1.6125,
    -4.3,
    -4.8375,
    -5.375,
    -5.9125,
    -6.45
  ],
  "1_4": [
    -5.375,
    -4.8375,
    -4.3,
    1.6125,
    5.375,
    1.6125,
    -4.3,
    -4.8375,
    -5.375,
    -5.9125
  ],
  "1_5": [
    -5.9125,
    -5.375,
    -4.8375,
    -4.3,
    1.6125,
    5.375,
    1.6125,
    -4.3,
    -4.8375,
    -5.375
  ],
  "1_6": [
    -6.45,
    -5.9125,
    -5.375,
    -4.8375,
    -4.3,
    1.6125,
    5.375,
    1.6125,
    -4.3,
    -4.8375
  ],
  "1_7": [
    -6.9875,
    -6.45,
    -5.9125,
    -5.375,
    -4.8375,
    -4.3,
    1.6125,
    5.375,
    1.6125,
    -4.3
  ],
  "1_8": [
    -7.525,
    -6.9875,
    -6.45,
    -5.9125,
    -5.375,
    -4.8375,
    -4.3,
    1.6125,
    5.375,
    1.6125
  ],
  "1_9": [
    -8.0625,
    -7.525,
    -6.9875,
    -6.45,
    -5.9125,
    -5.375,
    -4.8375,
    -4.3,
    1.6125,
    5.375
  ],
  "2_0": [
    5.375,
    1.6125,
    -4.3,
    -4.8375,
    -5.375,
    -5.9125,
    -6.45,
    -6.9875,
    -7.525,
    -8.0625
  ],
  "2_1": [
    1.6125,
    5.375,
    1.6125,
    -4.3,
    -4.8375,
    -5.375,
    -5.9125,
    -6.45,
    -6.9875,
    -7.525
  ],
  "2_2": [
    -4.3,
    1.6125,
    5.375,
    1.6125,
    -4.3,
    -4.8375,
    -5.375,
    -5.9125,
    -6.45,
    -6.9875
  ],
  "2_3": [
    -4.8375,
    -4.3,
    1.6125,
    5.375,
    1.6125,
    -4.3,
    -4.8375,
    -5.375,
    -5.9125,
    -6.45
  ],
  "2_4": [
    -5.375,
    -4.8375,
    -4.3,
    1.6125,
    5.375,
    1.6125,
    -4.3,
    -4.8375,
    -5.375,
    -5.9125
  ],
  "2_5": [
    -5.9125,
    -5.375,
    -4.8375,
    -4.3,
    1.6125,
    5.375,
    1.6125,
    -4.3,
    -4.8375,
    -5.375
  ],
  "2_6": [
    -6.45,
    -5.9125,
    -5.375,
    -4.8375,
    -4.3,
    1.6125,
    5.375,
    1.6125,
    -4.3,
    -4.8375
  ],
  "2_7": [
    -6.9875,
    -6.45,
    -5.9125,
    -5.375,
    -4.8375,
    -4.3,
    1.6125,
    5.375,
    1.6125,
    -4.3
  ],
  "2_8": [
    -7.525,
    -6.9875,
    -6.45,
    -5.9125,
    -5.375,
    -4.8375,
    -4.3,
    1.6125,
    5.375,
    1.6125
  ],
  "2_9": [
    -8.0625,
    -7.525,
    -6.9875,
    -6.45,
    -5.9125,
    -5.375,
    -4.8375,
    -4.3,
    1.6125,
    5.375
  ],
  "3_0": [
    5.375,
    1.6125,
    -4.3,
    -4.8375,
    -5.375,
    -5.9125,
    -6.45,
    -6.9875,
    -7.525,
    -8.0625
  ],
  "3_1": [
    1.6125,
    5.375,
    1.6125,
    -4.3,
    -4.8375,
    -5.375,
    -5.9125,
    -6.45,
    -6.9875,
    -7.525
  ],
  "3_2": [
    -4.3,
    1.6125,
    5.375,
    1.6125,
    -4.3,
    -4.8375,
    -5.375,
    -5.9125,
    -6.45,
    -6.9875
  ],
  "3_3": [
    -4.8375,
    -4.3,
    1.6125,
    5.375,
    1.6125,
    -4.3,
    -4.8375,
    -5.375,
    -5.9125,
    -6.45
  ],
  "3_4": [
    -5.375,
    -4.8375,
    -4.3,
    1.6125,
    5.375,
    1.6125,
    -4.3,
    -4.8375,
    -5.375,
    -5.9125
  ],
  "3_5": [
    -5.9125,
    -5.375,
    -4.8375,
    -4.3,
    1.6125,
    5.375,
    1.6125,
    -4.3,
    -4.8375,
    -5.375
  ],
  "3_6": [
    -6.45,
    -5.9125,
    -5.375,
    -4.8375,
    -4.3,
    1.6125,
    5.375,
    1.6125,
    -4.3,
    -4.8375
  ],
  "3_7": [
    -6.9875,
    -6.45,
    -5.9125,
    -5.375,
    -4.8375,
    -4.3,
    1.6125,
    5.375,
    1.6125,
    -4.3
  ],
  "3_8": [
    -7.525,
    -6.9875,
    -6.45,
    -5.9125,
    -5.375,
    -4.8375,
    -4.3,
    1.6125,
    5.375,
    1.6125
  ],
  "3_9": [
    -8.0625,
    -7.525,
    -6.9875,
    -6.45,
    -5.9125,
    -5.375,
    -4.8375,
    -4.3,
    1.6125,
    5.375
  ],
  "4_0": [
    5.375,
    1.6125,
    -4.3,
    -4.8375,
    -5.375,
    -5.9125,
    -6.45,
    -6.9875,
    -7.525,
    -8.0625
  ],
  "4_1": [
    1.6125,
    5.375,
    1.6125,
    -4.3,
    -4.8375,
    -5.375,
    -5.9125,
    -6.45,
    -6.9875,
    -7.525
  ],
  "4_2": [
    -4.3,
    1.6125,
    5.375,
    1.6125,
    -4.3,
    -4.8375,
    -5.375,
    -5.9125,
    -6.45,
    -6.9875
  ],
  "4_3": [
    -4.8375,
    -4.3,
    1.6125,
    5.375,
    1.6125,
    -4.3,
    -4.8375,
    -5.375,
    -5.9125,
    -6.45
  ],
  "4_4": [
    -5.375,
    -4.8375,
    -4.3,
    1.6125,
    5.375,
    1.6125,
    -4.3,
    -4.8375,
    -5.375,
    -5.9125
  ],
  "4_5": [
    -5.9125,
    -5.375,
    -4.8375,
    -4.3,
    1.6125,
    5.375,
    1.6125,
    -4.3,
    -4.8375,
    -5.375
  ],
  "4_6": [
    -6.45,
    -5.9125,
    -5.375,
    -4.8375,
    -4.3,
    1.6125,
    5.375,
    1.6125,
    -4.3,
    -4.8375
  ],
  "4_7": [
    -6.9875,
    -6.45,
    -5.9125,
    -5.375,
    -4.8375,
    -4.3,
    1.6125,
    5.375,
    1.6125,
    -4.3
  ],