{
  "0": [
    0.39375,
    0.316458,
    0.127193,
    -0.082962,
    -0.242948,
    -0.334236,
    -0.374647,
    -0.388763,
    -0.392691,
    -0.393568
  ],
  "1": [
    0.316458,
    0.39375,
    0.316458,
    0.127193,
    -0.082962,
    -0.242948,
    -0.334236,
    -0.374647,
    -0.388763,
    -0.392691
  ],
  "2": [
    0.127193,
    0.316458,
    0.39375,
    0.316458,
    0.127193,
    -0.082962,
    -0.242948,
    -0.334236,
    -0.374647,
    -0.388763
  ],
  "3": [
    -0.082962,
    0.127193,
    0.316458,
    0.39375,
    0.316458,
    0.127193,
    -0.082962,
    -0.242948,
    -0.334236,
    -0.374647
  ],
  "4": [
    -0.242948,
    -0.082962,
    0.127193,
    0.316458,
    0.39375,
    0.316458,
    0.127193,
    -0.082962,
    -0.242948,
    -0.334236
  ],
  "5": [
    -0.334236,
    -0.242948,
    -0.082962,
    0.127193,
    0.316458,
    0.39375,
    0.316458,
    0.127193,
    -0.082962,
    -0.242948
  ],
  "6": [
    -0.374647,
    -0.334236,
    -0.242948,
    -0.082962,
    0.127193,
    0.316458,
    0.39375,
    0.316458,
    0.127193,
    -0.082962
  ],
  "7": [
    -0.388763,
    -0.374647,
    -0.334236,
    -0.242948,
    -0.082962,
    0.127193,
    0.316458,
    0.39375,
    0.316458,
    0.127193
  ],
  "8": [
    -0.392691,
    -0.388763,
    -0.374647,
    -0.334236,
    -0.242948,
    -0.082962,
    0.127193,
    0.316458,
    0.39375,
    0.316458
  ],
  "9": [
    -0.393568,
    -0.392691,
    -0.388763,
    -0.374647,
    -0.334236,
    -0.242948,
    -0.082962,
    0.127193,
    0.316458,
    0.39375
  ],
  "0_0": [
    6.5625,
    1.96875,
    -5.25,
    -5.90625,
    -6.5625,
    -7.21875,
    -7.875,
    -8.53125,
    -9.1875,
    -9.84375
  ],
  "0_1": [
    1.96875,
    6.5625,
    1.96875,
    -5.25,
    -5.90625,
    -6.5625,
    -7.21875,
    -7.875,
    -8.53125,
    -9.1875
  ],
  "0_2": [
    -5.25,
    1.96875,
    6.5625,
    1.96875,
    -5.25,
    -5.90625,
    -6.5625,
    -7.21875,
    -7.875,
    -8.53125
  ],
  "0_3": [
    -5.90625,
    -5.25,
    1.96875,
    6.5625,
    1.96875,
    -5.25,
    -5.90625,
    -6.5625,
    -7.21875,
    -7.875
  ],
  "0_4": [
    -6.5625,
    -5.90625,
    -5.25,
    1.96875,
    6.5625,
    1.96875,
    -5.25,
    -5.90625,
    -6.5625,
    -7.21875
  ],
  "0_5": [
    -7.21875,
    -6.5625,
    -5.90625,
    -5.25,
    1.96875,
    6.5625,
    1.96875,
    -5.25,
    -5.90625,
    -6.5625
  ],
  "0_6": [
    -7.875,
    -7.21875,
    -6.5625,
    -5.90625,
    -5.25,
    1.96875,
    6.5625,
    1.96875,
    -5.25,
    -5.90625
  ],
  "0_7": [
    -8.53125,
    -7.875,
    -7.21875,
    -6.5625,
    -5.90625,
    -5.25,
    1.96875,
    6.5625,
    1.96875,
    -5.25
  ],
  "0_8": [
    -9.1875,
    -8.53125,
    -7.875,
    -7.21875,
    -6.5625,
    -5.90625,
    -5.25,
    1.96875,
    6.5625,
    1.96875
  ],
  "0_9": [
    -9.84375,
    -9.1875,
    -8.53125,
    -7.875,
    -7.21875,
    -6.5625,
    -5.90625,
    -5.25,
    1.96875,
    6.5625
  ],
  "1_0": [
    6.5625,
    1.96875,
    -5.25,
    -5.90625,
    -6.5625,
    -7.21875,
    -7.875,
    -8.53125,
    -9.1875,
    -9.84375
  ],
  "1_1": [
    1.96875,
    6.5625,
    1.96875,
    -5.25,
    -5.90625,
    -6.5625,
    -7.21875,
    -7.875,
    -8.53125,
    -9.1875
  ],
  "1_2": [
    -5.25,
    1.96875,
    6.5625,
    1.96875,
    -5.25,
    -5.90625,
    -6.5625,
    -7.21875,
    -7.875,
    -8.53125
  ],
  "1_3": [
    -5.90625,
    -5.25,
    1.96875,
    6.5625,
    1.96875,
    -5.25,
    -5.90625,
    -6.5625,
    -7.21875,
    -7.875
  ],
  "1_4": [
    -6.5625,
    -5.90625,
    -5.25,
    1.96875,
    6.5625,
    1.96875,
    -5.25,
    -5.90625,
    -6.5625,
    -7.21875
  ],
  "1_5": [
    -7.21875,
    -6.5625,
    -5.90625,
    -5.25,
    1.96875,
    6.5625,
    1.96875,
    -5.25,
    -5.90625,
    -6.5625
  ],
  "1_6": [
    -7.875,
    -7.21875,
    -6.5625,
    -5.90625,
    -5.25,
    1.96875,
    6.5625,
    1.96875,
    -5.25,
    -5.90625
  ],
  "1_7": [
    -8.53125,
    -7.875,
    -7.21875,
    -6.5625,
    -5.90625,
    -5.25,
    1.96875,
    6.5625,
    1.96875,
    -5.25
  ],
  "1_8": [
    -9.1875,
    -8.53125,
    -7.875,
    -7.21875,
    -6.5625,
    -5.90625,
    -5.25,
    1.96875,
    6.5625,
    1.96875
  ],
  "1_9": [
    -9.84375,
    -9.1875,
    -8.53125,
    -7.875,
    -7.21875,
    -6.5625,
    -5.90625,
    -5.25,
    1.96875,
    6.5625
  ],
  "2_0": [
    6.5625,
    1.96875,
    -5.25,
    -5.90625,
    -6.5625,
    -7.21875,
    -7.875,
    -8.53125,
    -9.1875,
    -9.84375
  ],
  "2_1": [
    1.96875,
    6.5625,
    1.96875,
    -5.25,
    -5.90625,
    -6.5625,
    -7.21875,
    -7.875,
    -8.53125,
    -9.1875
  ],
  "2_2": [
    -5.25,
    1.96875,
    6.5625,
    1.96875,
    -5.25,
    -5.90625,
    -6.5625,
    -7.21875,
    -7.875,
    -8.53125
  ],
  "2_3": [
    -5.90625,
    -5.25,
    1.96875,
    6.5625,
    1.96875,
    -5.25,
    -5.90625,
    -6.5625,
    -7.21875,
    -7.875
  ],
  "2_4": [
    -6.5625,
    -5.90625,
    -5.25,
    1.96875,
    6.5625,
    1.96875,
    -5.25,
    -5.90625,
    -6.5625,
    -7.21875
  ],
  "2_5": [
    -7.21875,
    -6.5625,
    -5.90625,
    -5.25,
    1.96875,
    6.5625,
    1.96875,
    -5.25,
    -5.90625,
    -6.5625
  ],
  "2_6": [
    -7.875,
    -7.21875,
    -6.5625,
    -5.90625,
    -5.25,
    1.96875,
    6.5625,
    1.96875,
    -5.25,
    -5.90625
  ],
  "2_7": [
    -8.53125,
    -7.875,
    -7.21875,
    -6.5625,
    -5.90625,
    -5.25,
    1.96875,
    6.5625,
    1.96875,
    -5.25
  ],
  "2_8": [
    -9.1875,
    -8.53125,
    -7.875,
    -7.21875,
    -6.5625,
    -5.90625,
    -5.25,
    1.96875,
    6.5625,
    1.96875
  ],
  "2_9": [
    -9.84375,
    -9.1875,
    -8.53125,
    -7.875,
    -7.21875,
    -6.5625,
    -5.90625,
    -5.25,
    1.96875,
    6.5625
  ],
  "3_0": [
    6.5625,
    1.96875,
    -5.25,
    -5.90625,
    -6.5625,
    -7.21875,
    -7.875,
    -8.53125,
    -9.1875,
    -9.84375
  ],
  "3_1": [
    1.96875,
    6.5625,
    1.96875,
    -5.25,
    -5.90625,
    -6.5625,
    -7.21875,
    -7.875,
    -8.53125,
    -9.1875
  ],
  "3_2": [
    -5.25,
    1.96875,
    6.5625,
    1.96875,
    -5.25,
    -5.90625,
    -6.5625,
    -7.21875,
    -7.875,
    -8.53125
  ],
  "3_3": [
    -5.90625,
    -5.25,
    1.96875,
    6.5625,
    1.96875,
    -5.25,
    -5.90625,
    -6.5625,
    -7.21875,
    -7.875
  ],
  "3_4": [
    -6.5625,
    -5.90625,
    -5.25,
    1.96875,
    6.5625,
    1.96875,
    -5.25,
    -5.90625,
    -6.5625,
    -7.21875
  ],
  "3_5": [
    -7.21875,
    -6.5625,
    -5.90625,
    -5.25,
    1.96875,
    6.5625,
    1.96875,
    -5.25,
    -5.90625,
    -6.5625
  ],
  "3_6": [
    -7.875,
    -7.21875,
    -6.5625,
    -5.90625,
    -5.25,
    1.96875,
    6.5625,
    1.96875,
    -5.25,
    -5.90625
  ],
  "3_7": [
    -8.53125,
    -7.875,
    -7.21875,
    -6.5625,
    -5.90625,
    -5.25,
    1.96875,
    6.5625,
    1.96875,
    -5.25
  ],
  "3_8": [
    -9.1875,
    -8.53125,
    -7.875,
    -7.21875,
    -6.5625,
    -5.90625,
    -5.25,
    1.96875,
    6.5625,
    1.96875
  ],
  "3_9": [
    -9.84375,
    -9.1875,
    -8.53125,
    -7.875,
    -7.21875,
    -6.5625,
    -5.90625,
    -5.25,
    1.96875,
    6.5625
  ],
  "4_0": [
    6.5625,
    1.96875,
    -5.25,
    -5.90625,
    -6.5625,
    -7.21875,
    -7.875,
    -8.53125,
    -9.1875,
    -9.84375
  ],
  "4_1": [
    1.96875,
    6.5625,
    1.96875,
    -5.25,
    -5.90625,
    -6.5625,
    -7.21875,
    -7.875,
    -8.53125,
    -9.1875
  ],
  "4_2": [
    -5.25,
    1.96875,
    6.5625,
    1.96875,
    -5.25,
    -5.90625,
    -6.5625,
    -7.21875,
    -7.875,
    -8.53125
  ],
  "4_3": [
    -5.90625,
    -5.25,
    1.96875,
    6.5625,
    1.96875,
    -5.25,
    -5.90625,
    -6.5625,
    -7.21875,
    -7.875
  ],