{
  "0": [
    0.33375,
    0.268236,
    0.107811,
    -0.07032,
    -0.205927,
    -0.283305,
    -0.317558,
    -0.329523,
    -0.332852,
    -0.333595
  ],
  "1": [
    0.268236,
    0.33375,
    0.268236,
    0.107811,
    -0.07032,
    -0.205927,
    -0.283305,
    -0.317558,
    -0.329523,
    -0.332852
  ],
  "2": [
    0.107811,
    0.268236,
    0.33375,
    0.268236,
    0.107811,
    -0.07032,
    -0.205927,
    -0.283305,
    -0.317558,
    -0.329523
  ],
  "3": [
    -0.07032,
    0.107811,
    0.268236,
    0.33375,
    0.268236,
    0.107811,
    -0.07032,
    -0.205927,
    -0.283305,
    -0.317558
  ],
  "4": [
    -0.205927,
    -0.07032,
    0.107811,
    0.268236,
    0.33375,
    0.268236,
    0.107811,
    -0.07032,
    -0.205927,
    -0.283305
  ],
  "5": [
    -0.283305,
    -0.205927,
    -0.07032,
    0.107811,
    0.268236,
    0.33375,
    0.268236,
    0.107811,
    -0.07032,
    -0.205927
  ],
  "6": [
    -0.317558,
    -0.283305,
    -0.205927,
    -0.07032,
    0.107811,
    0.268236,
    0.33375,
    0.268236,
    0.107811,
    -0.07032
  ],
  "7": [
    -0.329523,
    -0.317558,
    -0.283305,
    -0.205927,
    -0.07032,
    0.107811,
    0.268236,
    0.33375,
    0.268236,
    0.107811
  ],
  "8": [
    -0.332852,
    -0.329523,
    -0.317558,
    -0.283305,
    -0.205927,
    -0.07032,
    0.107811,
    0.268236,
    0.33375,
    0.268236
  ],
  "9": [
    -0.333595,
    -0.332852,
    -0.329523,
    -0.317558,
    -0.283305,
    -0.205927,
    -0.07032,
    0.107811,
    0.268236,
    0.33375
  ],
  "0_0": [
    5.5625,
    1.66875,
    -4.45,
    -5.00625,
    -5.5625,
    -6.11875,
    -6.675,
    -7.23125,
    -7.7875,
    -8.34375
  ],
  "0_1": [
    1.66875,
    5.5625,
    1.66875,
    -4.45,
    -5.00625,
    -5.5625,
    -6.11875,
    -6.675,
    -7.23125,
    -7.7875
  ],
  "0_2": [
    -4.45,
    1.66875,
    5.5625,
    1.66875,
    -4.45,
    -5.00625,
    -5.5625,
    -6.11875,
    -6.675,
    -7.23125
  ],
  "0_3": [
    -5.00625,
    -4.45,
    1.66875,
    5.5625,
    1.66875,
    -4.45,
    -5.00625,
    -5.5625,
    -6.11875,
    -6.675
  ],
  "0_4": [
    -5.5625,
    -5.00625,
    -4.45,
    1.66875,
    5.5625,
    1.66875,
    -4.45,
    -5.00625,
    -5.5625,
    -6.11875
  ],
  "0_5": [
    -6.11875,
    -5.5625,
    -5.00625,
    -4.45,
    1.66875,
    5.5625,
    1.66875,
    -4.45,
    -5.00625,
    -5.5625
  ],
  "0_6": [
    -6.675,
    -6.11875,
    -5.5625,
    -5.00625,
    -4.45,
    1.66875,
    5.5625,
    1.66875,
    -4.45,
    -5.00625
  ],
  "0_7": [
    -7.23125,
    -6.675,
    -6.11875,
    -5.5625,
    -5.00625,
    -4.45,
    1.66875,
    5.5625,
    1.66875,
    -4.45
  ],
  "0_8": [
    -7.7875,
    -7.23125,
    -6.675,
    -6.11875,
    -5.5625,
    -5.00625,
    -4.45,
    1.66875,
    5.5625,
    1.66875
  ],
  "0_9": [
    -8.34375,
    -7.7875,
    -7.23125,
    -6.675,
    -6.11875,
    -5.5625,
    -5.00625,
    -4.45,
    1.66875,
    5.5625
  ],
  "1_0": [
    5.5625,
    1.66875,
    -4.45,
    -5.00625,
    -5.5625,
    -6.11875,
    -6.675,
    -7.23125,
    -7.7875,
    -8.34375
  ],
  "1_1": [
    1.66875,
    5.5625,
    1.66875,
    -4.45,
    -5.00625,
    -5.5625,
    -6.11875,
    -6.675,
    -7.23125,
    -7.7875
  ],
  "1_2": [
    -4.45,
    1.66875,
    5.5625,
    1.66875,
    -4.45,
    -5.00625,
    -5.5625,
    -6.11875,
    -6.675,
    -7.23125
  ],
  "1_3": [
    -5.00625,
    -4.45,
    1.66875,
    5.5625,
    1.66875,
    -4.45,
    -5.00625,
    -5.5625,
    -6.11875,
    -6.675
  ],
  "1_4": [
    -5.5625,
    -5.00625,
    -4.45,
    1.66875,
    5.5625,
    1.66875,
    -4.45,
    -5.00625,
    -5.5625,
    -6.11875
  ],
  "1_5": [
    -6.11875,
    -5.5625,
    -5.00625,
    -4.45,
    1.66875,
    5.5625,
    1.66875,
    -4.45,
    -5.00625,
    -5.5625
  ],
  "1_6": [
    -6.675,
    -6.11875,
    -5.5625,
    -5.00625,
    -4.45,
    1.66875,
    5.5625,
    1.66875,
    -4.45,
    -5.00625
  ],
  "1_7": [
    -7.23125,
    -6.675,
    -6.11875,
    -5.5625,
    -5.00625,
    -4.45,
    1.66875,
    5.5625,
    1.66875,
    -4.45
  ],
  "1_8": [
    -7.7875,
    -7.23125,
    -6.675,
    -6.11875,
    -5.5625,
    -5.00625,
    -4.45,
    1.66875,
    5.5625,
    1.66875
  ],
  "1_9": [
    -8.34375,
    -7.7875,
    -7.23125,
    -6.675,
    -6.11875,
    -5.5625,
    -5.00625,
    -4.45,
    1.66875,
    5.5625
  ],
  "2_0": [
    5.5625,
    1.66875,
    -4.45,
    -5.00625,
    -5.5625,
    -6.11875,
    -6.675,
    -7.23125,
    -7.7875,
    -8.34375
  ],
  "2_1": [
    1.66875,
    5.5625,
    1.66875,
    -4.45,
    -5.00625,
    -5.5625,
    -6.11875,
    -6.675,
    -7.23125,
    -7.7875
  ],
  "2_2": [
    -4.45,
    1.66875,
    5.5625,
    1.66875,
    -4.45,
    -5.00625,
    -5.5625,
    -6.11875,
    -6.675,
    -7.23125
  ],
  "2_3": [
    -5.00625,
    -4.45,
    1.66875,
    5.5625,
    1.66875,
    -4.45,
    -5.00625,
    -5.5625,
    -6.11875,
    -6.675
  ],
  "2_4": [
    -5.5625,
    -5.00625,
    -4.45,
    1.66875,
    5.5625,
    1.66875,
    -4.45,
    -5.00625,
    -5.5625,
    -6.11875
  ],
  "2_5": [
    -6.11875,
    -5.5625,
    -5.00625,
    -4.45,
    1.66875,
    5.5625,
    1.66875,
    -4.45,
    -5.00625,
    -5.5625
  ],
  "2_6": [
    -6.675,
    -6.11875,
    -5.5625,
    -5.00625,
    -4.45,
    1.66875,
    5.5625,
    1.66875,
    -4.45,
    -5.00625
  ],
  "2_7": [
    -7.23125,
    -6.675,
    -6.11875,
    -5.5625,
    -5.00625,
    -4.45,
    1.66875,
    5.5625,
    1.66875,
    -4.45
  ],
  "2_8": [
    -7.7875,
    -7.23125,
    -6.675,
    -6.11875,
    -5.5625,
    -5.00625,
    -4.45,
    1.66875,
    5.5625,
    1.66875
  ],
  "2_9": [
    -8.34375,
    -7.7875,
    -7.23125,
    -6.675,
    -6.11875,
    -5.5625,
    -5.00625,
    -4.45,
    1.66875,
    5.5625
  ],
  "3_0": [
    5.5625,
    1.66875,
    -4.45,
    -5.00625,
    -5.5625,
    -6.11875,
    -6.675,
    -7.23125,
    -7.7875,
    -8.34375
  ],
  "3_1": [
    1.66875,
    5.5625,
    1.66875,
    -4.45,
    -5.00625,
    -5.5625,
    -6.11875,
    -6.675,
    -7.23125,
    -7.7875
  ],
  "3_2": [
    -4.45,
    1.66875,
    5.5625,
    1.66875,
    -4.45,
    -5.00625,
    -5.5625,
    -6.11875,
    -6.675,
    -7.23125
  ],
  "3_3": [
    -5.00625,
    -4.45,
    1.66875,
    5.5625,
    1.66875,
    -4.45,
    -5.00625,
    -5.5625,
    -6.11875,
    -6.675
  ],
  "3_4": [
    -5.5625,
    -5.00625,
    -4.45,
    1.66875,
    5.5625,
    1.66875,
    -4.45,
    -5.00625,
    -5.5625,
    -6.11875
  ],
  "3_5": [
    -6.11875,
    -5.5625,
    -5.00625,
    -4.45,
    1.66875,
    5.5625,
    1.66875,
    -4.45,
    -5.00625,
    -5.5625
  ],
  "3_6": [
    -6.675,
    -6.11875,
    -5.5625,
    -5.00625,
    -4.45,
    1.66875,
    5.5625,
    1.66875,
    -4.45,
    -5.00625
  ],
  "3_7": [
    -7.23125,
    -6.675,
    -6.11875,
    -5.5625,
    -5.00625,
    -4.45,
    1.66875,
    5.5625,
    1.66875,
    -4.45
  ],
  "3_8": [
    -7.7875,
    -7.23125,
    -6.675,
    -6.11875,
    -5.5625,
    -5.00625,
    -4.45,
    1.66875,
    5.5625,
    1.66875
  ],
  "3_9": [
    -8.34375,
    -7.7875,
    -7.23125,
    -6.675,
    -6.11875,
    -5.5625,
    -5.00625,
    -4.45,
    1.66875,
    5.5625
  ],
  "4_0": [
    5.5625,
    1.66875,
    -4.45,
    -5.00625,
    -5.5625,
    -6.11875,
    -6.675,
    -7.23125,
    -7.7875,
    -8.34375
  ],
  "4_1": [
    1.66875,
    5.5625,
    1.66875,
    -4.45,
    -5.00625,
    -5.5625,
    -6.11875,
    -6.675,
    -7.23125,
    -7.7875
  ],
  "4_2": [
    -4.45,
    1.66875,
    5.5625,
    1.66875,
    -4.45,
    -5.00625,
    -5.5625,
    -6.11875,
    -6.675,
    -7.23125
  ],
  "4_3": [
    -5.00625,
    -4.45,
    1.66875,
    5.5625,
    1.66875,
    -4.45,
    -5.00625,
    -5.5625,
    -6.11875,
    -6.675
  ],