{
  "0": [
    0.04490392462465785,
    -0.39991574873578584,
    -0.6381934715312068,
    -1.0347384361341148,
    -2.257469437244943,
    -1.8738477831314817,
    -2.7818151765025796,
    -3.752366495420816,
    -4.457787518076035,
    -5.107222531433588
  ],
  "1": [
    -0.08149796711435892,
    0.5548535118276486,
    -0.12856466620926077,
    -0.4168524916044754,
    -1.5306728176576394,
    -1.684615581612985,
    -3.0315882539578642,
    -3.5217822628068958,
    -3.6082568615212653,
    -4.101889852236539
  ],
  "2": [
    -0.4481891503694738,
    -0.13873097281790164,
    0.46876179614814945,
    0.1912417819156721,
    -0.8439620872928314,
    -1.0982919315549702,
    -1.6221959951240117,
    -2.253839842793689,
    -3.172886573314084,
    -3.800281788831717
  ],
  "3": [
    -0.7736993038263822,
    -0.5599671089396703,
    -0.0131520073451237,
    0.3625771628778754,
    -0.24606220706088036,
    -0.2648099569697598,
    -1.8000606273362274,
    -1.890499363429737,
    -3.1531482755522453,
    -2.9144042631204807
  ],
  "4": [
    -1.4080918289541138,
    -1.4311875008356094,
    -0.8629862128327287,
    -0.3000519877127089,
    -0.10651081072854937,
    0.12670386575512396,
    -0.6273717158513199,
    -1.641124143448576,
    -2.0448134819204555,
    -2.287855146640887
  ],
  "5": [
    -2.255191625473837,
    -2.1972756878109996,
    -1.3836131801544016,
    -0.9670645173516481,
    0.5856103878088286,
    -0.030044180293436085,
    -0.4406438760706313,
    -0.6171569123112758,
    -1.419703696380659,
    -1.4370467268731864
  ],
  "6": [
    -2.8176638185525555,
    -2.850184434034471,
    -1.4837433631044827,
    -1.5458209538711696,
    -0.45496425783967487,
    -0.5378763621795772,
    0.4079601253343618,
    -0.4763609938141075,
    -0.7501823285021537,
    -0.9056108089467364
  ],
  "7": [
    -3.7492560738125142,
    -3.2923109019962795,
    -2.842017627111651,
    -2.2024981940438395,
    -1.2019066695888871,
    -0.7664757372152657,
    0.2610645142092222,
    -0.16414293790921025,
    -0.30175186227451795,
    -0.23884558454906296
  ],
  "8": [
    -4.203409088239807,
    -4.0632098202689315,
    -3.168671303246276,
    -2.6301505680858352,
    -1.682057789671871,
    -1.578189373984193,
    -0.22731078309126795,
    -0.3972840641981047,
    0.11780631887061506,
    0.38674269334312794
  ],
  "9": [
    -3.7950687945225385,
    -4.828284925053884,
    -3.7335052947582583,
    -2.6540275707054657,
    -2.284810561351436,
    -1.9107349994148604,
    -0.9826309832274698,
    -0.5372388672435848,
    -0.4570662468994027,
    0.3169702775259004
  ]
}