{
  "0": [
    0.4155554702080536,
    -0.038805051710775695,
    -0.5602391250910692,
    -0.7639766189644384,
    -1.6282023151378087,
    -2.460461344900897,
    -2.96044790509973,
    -4.200568286234737,
    -5.066236355165072,
    -4.793451826766671
  ],
  "1": [
    0.721636455955744,
    0.159145102729561,
    -0.041549910353236005,
    -0.1401994212094776,
    -1.1766599272269473,
    -1.7486727166018114,
    -2.7600451881822026,
    -3.5045759357156197,
    -4.219658922279807,
    -3.432836841748116
  ],
  "2": [
    -0.24544291929577502,
    0.016065707825991767,
    -0.0991863341767672,
    -0.23382797994374216,
    -0.6915984154430956,
    -1.1259856487622735,
    -1.9386935929980338,
    -2.6688669030089227,
    -2.9121619264954237,
    -3.896041637695824
  ],
  "3": [
    -0.8113203173850322,
    -0.7214721320176847,
    0.055919295055518986,
    0.5691381245578322,
    -0.36232557490619416,
    -0.14813514863877145,
    -1.3032654735847853,
    -1.284343207166247,
    -2.9661322469405977,
    -2.9768659413242693
  ],
  "4": [
    -1.298711054302259,
    -1.210767430300689,
    -0.6837710957895129,
    -0.01855421485702856,
    0.11596630738913968,
    -0.07581222524174856,
    -0.9292211232975885,
    -1.217359174542787,
    -2.206370091204985,
    -2.162097885268953
  ],
  "5": [
    -2.1697008923774916,
    -1.386692664967923,
    -1.07980318376673,
    -0.710700135068318,
    0.1232831696960638,
    0.32544940763446717,
    -0.5471201514278243,
    -0.7653855560521446,
    -1.145836096086003,
    -1.436968120866783
  ],
  "6": [
    -2.7646176133267253,
    -2.6861321250861683,
    -1.3970388960468063,
    -1.224964869328476,
    -0.37204223554383886,
    0.06827875271982897,
    0.5051002492798576,
    -0.1543220794779238,
    -0.8435384175220018,
    -0.8846439371871587
  ],
  "7": [
    -4.035419772417205,
    -2.908514090192409,
    -2.7935943571913833,
    -2.0552477160817046,
    -1.2371371455044846,
    -0.435993654528117,
    0.1500185992711866,
    0.3727051100810945,
    -0.2461447130428623,
    -0.07526615931387753
  ],
  "8": [
    -4.380308053391229,
    -4.201098452175703,
    -3.0595458888255926,
    -2.951497408790965,
    -1.669758699750631,
    -1.3861163391111566,
    -0.5684641636274029,
    0.11547280792208059,
    0.21561911317235855,
    0.5111178329500257
  ],
  "9": [
    -4.739674033172836,
    -4.8381436082986315,
    -3.789597997094047,
    -3.373773147952184,
    -1.9418877893935385,
    -1.611331245378454,
    -0.8308157367830478,
    -0.39784332052849414,
    0.20535435245240713,
    0.41159603906606057
  ]
}