{
  "0": [
    0.3527165700596274,
    0.06292753039468221,
    -0.43264054448012124,
    -0.9453662195127145,
    -1.724247372216075,
    -2.206519431346338,
    -3.2643294171755928,
    -4.157875391012988,
    -4.839559860628574,
    -4.7714426014755515
  ],
  "1": [
    0.2682110716050943,
    0.4791371582442807,
    -0.2673091157849213,
    -0.3848232729253913,
    -0.9720067533598767,
    -1.8795281831826032,
    -2.5462808585621506,
    -3.3282661762611863,
    -4.182944331671869,
    -4.021709683098537
  ],
  "2": [
    -0.029732138593503654,
    0.16090617469375218,
    0.11611572326200498,
    0.4611281312099943,
    -0.7700890666850734,
    -0.8770547053379494,
    -2.004633300736867,
    -2.69424271539486,
    -3.3038657412808554,
    -2.9670900390920663
  ],
  "3": [
    -0.8171519387622789,
    -0.6703918865173093,
    -0.12395484479293792,
    0.3859173823881672,
    -0.12764230543108268,
    -0.2783293098990594,
    -1.563590787490599,
    -1.0913109502457716,
    -2.8158734364565343,
    -2.6557114585950647
  ],
  "4": [
    -1.2907747176815516,
    -1.024299878068266,
    -0.5751234298332236,
    -0.021278125410187258,
    0.2074461673718971,
    0.020936342722785328,
    -0.8251395210226987,
    -1.128626013885587,
    -2.2731216021639726,
    -2.487528066261995
  ],
  "5": [
    -2.383860004794257,
    -1.8039433857577958,
    -1.0297808789827811,
    -0.7905916951889679,
    0.1419373592278534,
    0.6092265710488137,
    0.00470937967137359,
    -0.17808447369193603,
    -1.1523183992947996,
    -1.4580204597183066
  ],
  "6": [
    -2.8800823742576465,
    -3.027522382990727,
    -1.902150865201087,
    -1.3838746269844084,
    -0.6766096705161321,
    -0.03082838597529755,
    0.16560515970688194,
    0.26468362951619984,
    -0.6830261118379125,
    -0.8445596898222698
  ],
  "7": [
    -3.4695670446487155,
    -2.384288537373031,
    -2.3655149424402664,
    -1.8970386063716627,
    -0.8264169606135653,
    -0.7189176887285947,
    0.07489477996507504,
    0.6313785947410406,
    -0.1619718412839332,
    -0.31304270191735933
  ],
  "8": [
    -4.270671631453509,
    -4.16724048182235,
    -2.683698193306026,
    -2.5085740171919393,
    -1.4464290459086668,
    -1.3374934074748188,
    -0.5367377235084486,
    0.15239835008660918,
    0.6947180441769958,
    0.30674010616797437
  ],
  "9": [
    -3.9431246425213704,
    -5.2008977157222285,
    -3.08325362392358,
    -3.1041380101572402,
    -1.6978900829116799,
    -1.665820929153942,
    -0.8978041191736944,
    -0.4820417970777386,
    0.04281665903370714,
    0.396923156694293
  ]
}