{
  "0": [
    0.4649041726024871,
    0.013848764994264913,
    -0.8766226497507896,
    -0.8725019065345868,
    -2.112681258417036,
    -1.9360968869379769,
    -3.3877062504529514,
    -3.410148078930307,
    -4.1612436751567285,
    -4.241504789564174
  ],
  "1": [
    -0.05457675369912712,
    0.3298549137247474,
    0.05859223890600179,
    -0.36545299520314184,
    -1.430787767619784,
    -1.7280016249376762,
    -2.8975888811860178,
    -3.2709575554236525,
    -3.186297088616752,
    -3.841678539527124
  ],
  "2": [
    -0.2614752906374982,
    0.02465997203420753,
    0.49912712502567,
    0.02717896174597395,
    -0.7185879221046921,
    -1.0076356587408368,
    -1.768957501147045,
    -2.2404572834110357,
    -3.058194228381602,
    -3.5143499498371287
  ],
  "3": [
    -1.081559773252855,
    -0.49274829944271886,
    -0.42733515761159946,
    0.27725648366810934,
    -0.24375796251030674,
    -0.2620489760446044,
    -1.7874067704598882,
    -1.7813581888107537,
    -3.1240081942694276,
    -2.6108543232645802
  ],
  "4": [
    -1.580902343943296,
    -1.410497646880962,
    -0.7504801029366651,
    0.0018402376879782245,
    0.44595211505917615,
    0.12831398412421413,
    -0.7972284462503723,
    -1.3172230911327674,
    -2.256056897817789,
    -2.244242082741266
  ],
  "5": [
    -2.188791108672888,
    -2.148874483862436,
    -1.531958028868003,
    -0.7902997143060736,
    0.03875166848653526,
    0.4408102731345773,
    -0.35040550987412244,
    -0.8537748811424554,
    -1.4020737296460142,
    -1.716927698126483
  ],
  "6": [
    -2.636489974738636,
    -2.588615100116139,
    -1.3574533079052538,
    -1.4089704660515778,
    -0.4090674444987791,
    -0.43689033776752084,
    0.42602116102548204,
    -0.24448135637308033,
    -0.8368043071494514,
    -0.8658944176184568
  ],
  "7": [
    -3.5441199949472857,
    -3.7792196105223517,
    -3.072419737802484,
    -1.660953298663962,
    -1.1989989195854802,
    -0.5397789082092452,
    0.06312774345911498,
    0.13139786603960824,
    -0.37244110429845084,
    -0.07320868924711665
  ],
  "8": [
    -4.450359016522463,
    -4.362639114104141,
    -3.398267062536247,
    -2.6675101615068413,
    -1.5824604405305114,
    -1.386130031954959,
    -0.30821592558000405,
    -0.020158422941353317,
    0.6280785820360953,
    0.14704191120033405
  ],
  "9": [
    -4.43458385713851,
    -4.5125704965183395,
    -3.7975835855764704,
    -3.433891108331934,
    -2.357347090532695,
    -2.223852916597384,
    -0.8063192202950654,
    -0.6806544973583756,
    0.11625476601812168,
    0.5802374548593086
  ]
}