{
  "0": [
    0.4083277528456486,
    -0.15543606949053107,
    -0.6503493142503736,
    -1.0218958432956682,
    -2.438268301466525,
    -2.0440637969723965,
    -3.2262503154581856,
    -3.6488519228372525,
    -4.42724618957247,
    -4.362721733932014
  ],
  "1": [
    0.1677974046122639,
    0.575523478540991,
    0.007155522093719089,
    -0.379969207379049,
    -1.610807253160846,
    -1.757743523716905,
    -2.7687999196271704,
    -3.6295593776619737,
    -3.4133294783499197,
    -3.7675148556027613
  ],
  "2": [
    -0.41108086497663454,
    -0.24295057081386823,
    0.1160463096800059,
    0.3896201964898907,
    -0.8109610285464633,
    -0.7223952743569455,
    -1.9735836702335285,
    -2.3690997191721044,
    -3.249814948366429,
    -3.892265860759186
  ],
  "3": [
    -0.6334022618068443,
    -0.6800521440985592,
    0.0027915606199490905,
    0.5271283113695491,
    -0.09959405317865262,
    -0.23667408742661428,
    -1.8251291906888898,
    -1.7481390384786701,
    -3.151524136432632,
    -2.986143058935326
  ],
  "4": [
    -1.4308496234791228,
    -1.3934567798732522,
    -0.844319934115378,
    -0.17727094393317538,
    0.16604960386734444,
    -0.2665143114751235,
    -0.9180287784878562,
    -1.5882139834394455,
    -2.1159481732688548,
    -2.2639782618726847
  ],
  "5": [
    -2.355823548151932,
    -2.127219705230209,
    -1.266507955690359,
    -0.8616746325483365,
    0.4447955251715681,
    -0.3574937007851481,
    -0.4205232722892766,
    -0.6160336700239756,
    -1.4384502428525636,
    -1.8317532821055038
  ],
  "6": [
    -2.9095765412802828,
    -2.7466859466967666,
    -1.5274167837727115,
    -1.3461446703452336,
    -0.5596211349318858,
    -0.6296790260247734,
    0.5302783482682457,
    -0.40148970491353897,
    -0.8556684561109739,
    -0.7124931769655191
  ],
  "7": [
    -3.365334252452586,
    -3.4275533582385767,
    -2.840369065659447,
    -2.1675951101750375,
    -0.8355846676348393,
    -0.6565442618543261,
    -0.07924439527925262,
    0.2715443896674158,
    -0.06976202861325104,
    -0.44733334472410713
  ],
  "8": [
    -4.122570102572793,
    -4.144856109969022,
    -3.134417355104581,
    -2.8014266826302214,
    -1.464350360764663,
    -1.5817880083544495,
    -0.26858442752823614,
    -0.24367523194885504,
    0.5735525642792461,
    -0.20570423307441338
  ],
  "9": [
    -3.9901999637887915,
    -4.5146543663825245,
    -3.860125926186302,
    -2.4339020303496075,
    -2.030485291895097,
    -1.9501982522667187,
    -1.1311217594097414,
    -0.4783790408692234,
    -0.23312270384186495,
    0.5240541908771827
  ]
}