{
  "0": [
    0.41705379723872926,
    0.262998179537355,
    -0.49495395578993995,
    -0.8717514777045906,
    -1.3256401243879352,
    -1.542128661835393,
    -2.378854092463658,
    -2.38158605111603,
    -3.29362217346837,
    -2.9548496275041303
  ],
  "1": [
    0.20014671516472182,
    0.6646872199653185,
    0.1589656321245027,
    -0.3372786538376165,
    -0.21419268955643234,
    -1.6878410762433547,
    -1.8188191631915116,
    -2.1425909154121783,
    -2.5820742219960917,
    -3.683598888601072
  ],
  "2": [
    -0.11473273545178932,
    -0.008563134492245557,
    0.463395176205104,
    0.3010419733550426,
    -0.5474738175619775,
    -1.0801682038278333,
    -1.8391798718568129,
    -1.541903032319732,
    -2.3097528089994195,
    -2.413819428195028
  ],
  "3": [
    -0.7136266522602485,
    -0.8269551039901576,
    -0.02485515564701747,
    0.5676398205235056,
    -0.15337768006907365,
    -0.26708059579799714,
    -1.378945388298754,
    -1.3108071815829665,
    -2.400300943824631,
    -2.163016592485523
  ],
  "4": [
    -0.9599500811062248,
    -0.8367425177264074,
    -0.3100518639794353,
    -0.024538786480741787,
    0.10075171361746109,
    0.08234303439299834,
    -0.30923129261696686,
    -0.8493751072534512,
    -2.0337197203311965,
    -1.1738059703969947
  ],
  "5": [
    -1.2913713706856849,
    -1.4399670762550472,
    -0.9839891439054623,
    -0.45087337623332124,
    0.33356456530623135,
    0.3601771755378578,
    -0.028884834412830573,
    -0.26087178073671563,
    -0.6789744452281289,
    -1.0744001225454018
  ],
  "6": [
    -2.345608142313946,
    -1.945554691473835,
    -1.51962887893748,
    -1.3209687811726265,
    -0.3310437455258043,
    -0.018974531993375995,
    0.5181003847882459,
    -0.08685288326776783,
    -0.35606352816899073,
    -0.5515881937581715
  ],
  "7": [
    -1.9700292435914155,
    -2.392367260590448,
    -1.876536817317161,
    -1.3457049245151076,
    -0.9165058980531422,
    -0.35146925408536434,
    0.15224355006106047,
    0.5011150036674692,
    0.22236613481510373,
    0.03141332065882127
  ],
  "8": [
    -3.4654079400184763,
    -3.27397516848865,
    -1.9687473820579267,
    -1.1537291175244297,
    -1.1408708705762953,
    -0.8821325036858322,
    -0.2947858799170209,
    0.024605243698178104,
    0.11220392383453058,
    0.4427273886708708
  ],
  "9": [
    -3.0809850808739045,
    -3.3919745705972164,
    -2.3379718775245064,
    -2.0037169579786607,
    -1.1521270779080035,
    -1.2835808853410648,
    -0.893701182098857,
    -0.37993865153010403,
    0.04387089551737172,
    0.36934338244904774
  ]
}