{
  "0": [
    0.35498968107287443,
    0.013848764994264913,
    -0.8294451867033417,
    -0.9022207904008475,
    -2.1372864105475773,
    -2.0818599124351027,
    -3.4024673813777535,
    -3.3600493055039653,
    -4.249708652994049,
    -4.360095702766822
  ],
  "1": [
    0.03675135048466875,
    0.6273521666692373,
    0.11797844224020118,
    -0.3332482133732105,
    -1.4332604242022386,
    -1.695828361002685,
    -3.001783519128812,
    -3.355408672734896,
    -3.502846401962569,
    -3.7036549811545942
  ],
  "2": [
    -0.24928469398519632,
    0.02465997203420753,
    0.5810370603351245,
    0.02717896174597395,
    -0.8439620872928314,
    -0.9528090304951107,
    -1.768957501147045,
    -2.251910828606582,
    -3.0424053539000786,
    -3.5143499498371287
  ],
  "3": [
    -0.8577916917976105,
    -0.47191357964983993,
    -0.3010128482260685,
    0.5556981471404252,
    -0.22416135559025813,
    -0.2579266451543561,
    -1.7858845090734627,
    -1.6595862298060904,
    -3.1327790683108945,
    -2.815596987421877
  ],
  "4": [
    -1.5927026301145313,
    -1.4200142790326677,
    -1.0606361191550384,
    0.02875892595477128,
    0.6463624473514675,
    0.21104625085640927,
    -0.7972284462503723,
    -1.3172230911327674,
    -2.2524004637377533,
    -2.256587303992064
  ],
  "5": [
    -2.259977667578745,
    -2.1154194036509586,
    -1.531958028868003,
    -0.7708657551360192,
    0.1652747210567602,
    -0.22611957661980747,
    -0.17461407289991948,
    -0.8286538310387525,
    -1.3703331248730721,
    -1.5520826277691029
  ],
  "6": [
    -2.8332608055468746,
    -2.7207335411460756,
    -1.3574533079052538,
    -1.4728830197852272,
    -0.37304801072422955,
    -0.43689033776752084,
    0.5800440583327816,
    -0.14361036566138818,
    -0.7994844965082956,
    -0.8139914211774177
  ],
  "7": [
    -3.5576034313608855,
    -3.8729150069470903,
    -3.0395326269696303,
    -1.6552575321509915,
    -1.1965373264087331,
    -0.5397789082092452,
    0.26104467635917294,
    0.6433894859338869,
    -0.3316063445439413,
    -0.021488135635226176
  ],
  "8": [
    -4.491105837471576,
    -4.357867485865194,
    -3.337313882281958,
    -2.8006191701699796,
    -1.6794988114683924,
    -1.4790206428439927,
    -0.2883122691014652,
    0.051270981726811694,
    0.6416145374995332,
    -0.030833944803255214
  ],
  "9": [
    -3.9267128657965693,
    -4.673904045422809,
    -3.550171914352575,
    -2.9987004963996284,
    -2.4165118182427614,
    -2.2172147114476397,
    -0.8063192202950654,
    -0.6911271846183887,
    0.10862819243132471,
    0.27434385500074837
  ]
}