{
  "0": [
    0.1390069138333574,
    0.2149371078144138,
    -0.445235371845291,
    -1.0585835246011888,
    -1.5132532947251518,
    -2.0784309626860176,
    -2.81082371248685,
    -3.1894644251753865,
    -3.6024022369577664,
    -3.7658399727992213
  ],
  "1": [
    0.47186583806010085,
    0.675848921983776,
    0.2663933567386646,
    -0.5746848277634713,
    -0.840029394511871,
    -1.7369168097438377,
    -2.370730355624374,
    -2.7228543020579834,
    -3.6417521445076493,
    -3.7624778654797226
  ],
  "2": [
    -0.06413080120993651,
    0.02891292246616283,
    0.7188644799797899,
    0.31920477116821494,
    -0.7065440834312676,
    -0.8991077476402425,
    -1.8709351770803253,
    -2.1082659191174575,
    -2.7910818329808547,
    -3.1665836032560732
  ],
  "3": [
    -0.694852129852179,
    -0.5230358282151373,
    -0.25933266184882175,
    0.631420876153365,
    -0.10290692926383313,
    -0.3855154593528161,
    -1.019340311473818,
    -1.4072525780972318,
    -2.177671759533407,
    -2.397957075408745
  ],
  "4": [
    -1.173656816037882,
    -1.0899530251695462,
    -0.38673765126181553,
    -0.03086945454546889,
    0.3386730296227002,
    0.17709883299698875,
    -0.5605834108270895,
    -1.3172947966398267,
    -1.9733198944314514,
    -1.6608732759368965
  ],
  "5": [
    -1.4890380033881845,
    -1.2911438952541396,
    -1.172422016458268,
    -0.6428016659584742,
    0.187583412855719,
    0.6040171743958318,
    0.01636941609693884,
    -0.4738968901268922,
    -1.0583400795499538,
    -1.3036809150355864
  ],
  "6": [
    -2.6316703860533117,
    -2.4500449011528858,
    -1.6760975859787588,
    -1.1440569301784267,
    -0.23511032251764025,
    -0.06072972911823651,
    0.3927472162372392,
    -0.05033808475477827,
    -0.4803175055496509,
    -0.7009209793683705
  ],
  "7": [
    -2.3842877474658697,
    -3.2376016872366145,
    -1.7659256070214615,
    -1.586084472905751,
    -0.8186136075477496,
    -0.40955785912082726,
    0.24626742216529146,
    0.7294067073172983,
    -0.13695744823186834,
    -0.5298106148448789
  ],
  "8": [
    -3.9739140089166676,
    -3.356536384620069,
    -2.783476553983592,
    -2.042971460760422,
    -1.3562287454580972,
    -1.0711013686010988,
    -0.5626655055075394,
    0.06433955861256374,
    0.48933161512235934,
    0.6445431763811442
  ],
  "9": [
    -4.535084148739298,
    -4.1199317393155175,
    -3.4930011156561083,
    -2.43140149069528,
    -1.743203145236078,
    -1.6477761124047912,
    -0.9626991080719188,
    -0.3706082090192337,
    0.307669247240686,
    0.13209655352823357
  ]
}