{
  "0": [
    0.409515587016181,
    0.04786155169873757,
    -0.6681164108242458,
    -1.0347384361341148,
    -2.257469437244943,
    -2.1122072853065905,
    -3.062173279369215,
    -3.524178343138277,
    -4.409454067308346,
    -4.943654895917729
  ],
  "1": [
    -0.16058908583637208,
    0.513848016178162,
    -0.20596456057793222,
    -0.36943497638886713,
    -1.5042045043119021,
    -1.5599739099410461,
    -3.0243697862681582,
    -3.459600504396694,
    -3.530559434464086,
    -3.920979005976758
  ],
  "2": [
    -0.4481891503694738,
    -0.24494422669012972,
    0.6090844893189153,
    0.09809970841729435,
    -0.8439620872928314,
    -1.1112413562613372,
    -1.8789264957128762,
    -2.242955522031362,
    -2.782136303238766,
    -3.8254651764345216
  ],
  "3": [
    -0.7736993038263822,
    -0.5599671089396703,
    -0.20712185544983058,
    0.288670527676611,
    -0.25675262619364975,
    -0.2648099569697598,
    -1.8000606273362274,
    -1.8038392952858582,
    -3.1254847727543007,
    -2.9144042631204807
  ],
  "4": [
    -1.5253019086122253,
    -1.4621447538389873,
    -0.8731440061731575,
    -0.2675235737709328,
    0.4002787830810898,
    -0.1881808760083893,
    -0.8053177742461144,
    -1.641124143448576,
    -2.0448134819204555,
    -2.2499943462108964
  ],
  "5": [
    -2.238086474999883,
    -2.1637757190234095,
    -1.4089116949748695,
    -0.7097785536031681,
    0.26976977400266056,
    -0.13650002687264723,
    -0.13806172685655738,
    -0.6171569123112758,
    -1.414063719043979,
    -1.5725559496949761
  ],
  "6": [
    -2.8326584500645784,
    -2.798176321957927,
    -1.4837433631044827,
    -1.318129266021032,
    -0.380339411652222,
    -0.23672822772749919,
    -0.44582622518475057,
    -0.3990319144282209,
    -0.8042505410895179,
    -0.8782352183522341
  ],
  "7": [
    -3.725479298212207,
    -3.27746541241398,
    -2.763589539865539,
    -2.2390451222517505,
    -1.201664146828407,
    -0.7695308074862545,
    0.10422151741407411,
    -0.13914673730430938,
    -0.07290227931654963,
    -0.23884558454906296
  ],
  "8": [
    -4.586901383716148,
    -3.951644428616883,
    -2.861816341007711,
    -2.7694115197876528,
    -1.682057789671871,
    -1.445517566206055,
    -0.22731078309126795,
    -0.17392059052638947,
    0.0005903807658310944,
    0.3263729564867718
  ],
  "9": [
    -4.334016199344157,
    -4.803515799782627,
    -3.350739508082473,
    -3.300056153684115,
    -2.284810561351436,
    -2.0804104858144634,
    -0.9826309832274698,
    -0.5372388672435848,
    -0.2533338018580211,
    0.039234676463543054
  ]
}