{
  "0": [
    -0.21414836969287018,
    0.22142605586220163,
    -0.5771745722287116,
    -0.8104142748609678,
    -1.8845419970826898,
    -2.2183070774352203,
    -2.800733739098891,
    -4.030829843593749,
    -4.332198349217361,
    -3.9841831062679525
  ],
  "1": [
    0.10031582798723138,
    0.5722591118927471,
    0.10914324122960292,
    -0.050505866665047056,
    -1.3900884197620975,
    -1.9125695140922419,
    -2.783478594134915,
    -3.65566845665435,
    -4.165659380397461,
    -3.707941424078023
  ],
  "2": [
    -0.4669580896403015,
    -0.19938573229387166,
    0.5594577018986652,
    0.0880440977954457,
    -0.8229353451559727,
    -0.8817897851628135,
    -2.035004885617274,
    -1.9699972827995516,
    -3.323217665290987,
    -3.882976899057533
  ],
  "3": [
    -0.632772769216517,
    -0.46838628228135476,
    -0.3354645821313872,
    0.4993618268341802,
    -0.23722515088778334,
    -0.501668462248269,
    -1.778434584572336,
    -1.6073936306764802,
    -3.114152487484503,
    -3.3055817742988842
  ],
  "4": [
    -1.8079526663379517,
    -1.1956086576111944,
    -1.1629343791743323,
    -0.1460922854690695,
    0.594570574738955,
    -0.12461219543073739,
    -0.6068722381842278,
    -1.2511959589810637,
    -2.222323274896479,
    -2.168395352459605
  ],
  "5": [
    -2.079542527620959,
    -2.230144280455323,
    -1.3648747312279719,
    -0.9175593286014878,
    -0.020480736906777486,
    -0.12317032508171652,
    -0.11085217972787495,
    -1.323256084702984,
    -1.493241735707467,
    -1.7780458322118637
  ],
  "6": [
    -2.7576256946802657,
    -2.694271631104749,
    -1.7716829199769941,
    -1.5995860584501007,
    -0.47392848911701985,
    -0.09485535069171147,
    0.15138007763770556,
    0.0837878360350402,
    -0.9482831254219165,
    -0.8606498922275264
  ],
  "7": [
    -3.973642840451885,
    -3.3798204384810755,
    -2.891442616767634,
    -1.8185458034528792,
    -1.2595685969813661,
    -0.67820856206456,
    0.06580123548213945,
    0.11298588494638918,
    -0.04527626353226477,
    -0.05948924709701466
  ],
  "8": [
    -4.690192251524888,
    -3.8699611422769995,
    -3.3813885964048436,
    -2.809248051983511,
    -1.644000462418766,
    -1.2703949444800744,
    -0.25589714153764487,
    -0.1222460094297857,
    0.13809093202483486,
    -0.152781928514081
  ],
  "9": [
    -5.1664756906583635,
    -4.711583062678116,
    -3.386887657552298,
    -3.6544350703703894,
    -2.4334225752257326,
    -2.0733459366806755,
    -0.940015234622725,
    -0.46906913854853083,
    -0.16655634303137729,
    0.32881855130021787
  ]
}