{
  "0": [
    0.2598320898464145,
    0.10015537895181897,
    -0.5617329963596994,
    -0.5768456542071596,
    -0.6424936230986968,
    -0.9826013845330903,
    -0.5610598274452645,
    -0.9971932949589632,
    -2.4516503781867818,
    -1.0150229817450596
  ],
  "1": [
    0.3038927458415324,
    0.22891968248117217,
    0.020406650263248387,
    -0.07752561014748227,
    -0.21419268955643234,
    -0.6890345043726929,
    -1.097677796559506,
    -1.043613585957404,
    -2.2357385171817272,
    -2.0063943899256262
  ],
  "2": [
    -0.27493829163840156,
    -0.0929006045526045,
    0.3175369802010525,
    0.013304340829030238,
    -0.31351681965843814,
    -0.5456758847579157,
    -0.5400541941296595,
    -0.7936605612971368,
    -1.3476737446689047,
    -0.37764753647157956
  ],
  "3": [
    -0.3290703240232083,
    -0.3243896034376552,
    0.024272437494481318,
    0.1344135013933354,
    -0.30310695951176914,
    -0.022511900146493347,
    -0.4692086021769221,
    -0.9644291629653747,
    -0.8307325575014995,
    -1.5395754937985262
  ],
  "4": [
    -0.6878372683924894,
    -0.2215866172919328,
    -0.21430033679964705,
    0.16931499577799863,
    0.2514569908248206,
    0.3312825314417044,
    -0.04882775083533181,
    -0.16675735900033317,
    -0.7313981951374671,
    -0.4692805089477241
  ],
  "5": [
    -0.448387907720222,
    -0.591438862275071,
    -0.5276195228959809,
    0.014913860444009476,
    -0.0010903250361473799,
    0.23518069005889586,
    -0.20704213915146438,
    -0.10860914152061775,
    0,
    -0.46403080958584625
  ],
  "6": [
    0,
    -1.1396014165845583,
    -0.3164227553070254,
    -0.608710574850438,
    -0.4196555677494922,
    -0.3549287107616276,
    0.09164833098861495,
    0.27146396629813474,
    -0.2472543179718312,
    -0.4288308194285714
  ],
  "7": [
    -1.3640488526488193,
    -1.3005795968808698,
    -1.1965717967712273,
    -0.30684816621594835,
    -0.3819759943480359,
    -0.21411193918401805,
    0.041253877069354614,
    0.17412020332573525,
    0.11956293618504951,
    0.026767188762398322
  ],
  "8": [
    -1.9537561799116703,
    -1.7323819591734813,
    -0.7908956927312378,
    -0.5192798388351867,
    -0.8575722180450834,
    -0.13190181885590854,
    -0.27769971667674576,
    0.015821675199872966,
    0.036451291378088044,
    0.2656874938219225
  ],
  "9": [
    -1.33899381035856,
    -0.5169275826838359,
    -1.2061883196619205,
    -1.0303158748423888,
    -0.47127745782800934,
    0.031337158963305314,
    -0.525026269273618,
    -0.08357142857142856,
    0.0854085956051155,
    0.29875895096919436
  ]
}