{
  "0": [
    0.5612725201768481,
    0.2089828801282848,
    -0.3701764524354645,
    -1.0066427471082497,
    -1.9772613343682055,
    -2.3600110998078807,
    -3.407575768849703,
    -3.932597744808281,
    -4.916023781370558,
    -4.546992798544144
  ],
  "1": [
    0.37419979490760097,
    0.8763181569299825,
    -0.1760630285730182,
    -0.35100588323858184,
    -1.0914501817731226,
    -1.4236969711504959,
    -1.9873711863319177,
    -3.5172998333840146,
    -3.837496176650876,
    -4.244644701131328
  ],
  "2": [
    0.13393717467460742,
    -0.09770002114029724,
    0.2855098434613417,
    -0.06535187984347329,
    -0.6861954975511568,
    -0.9505687298262336,
    -2.162795176791536,
    -2.69424271539486,
    -3.2489257606323383,
    -3.140877791327845
  ],
  "3": [
    -0.6181663956481459,
    -0.6073439163916269,
    0.015052594985619241,
    0.5328569186277848,
    -0.12764230543108268,
    -0.31556821285926845,
    -1.3806576736809484,
    -1.3799071145879775,
    -2.8604894512232684,
    -2.728874521395251
  ],
  "4": [
    -1.3022712821946272,
    -1.106376267043909,
    -0.6412851845112605,
    -0.3142451365041764,
    0.3437509489738846,
    -0.08129142662488659,
    -1.2041896248717268,
    -1.170937342307557,
    -2.2485304703626174,
    -2.4519087534815682
  ],
  "5": [
    -2.1900831420155087,
    -1.8039433857577958,
    -1.1032387265197015,
    -0.8062848130469151,
    0.19705874112758323,
    0.1488190486101782,
    0.07410726152099159,
    -0.27394263595460616,
    -1.1747419961174204,
    -1.5125902980352655
  ],
  "6": [
    -2.9460899878855256,
    -2.5140477144658386,
    -1.7421196533492622,
    -1.2434464232989764,
    -0.5317893090824392,
    0.03234602548513517,
    0.4937121736744024,
    0.26505244842982567,
    -0.9741547154135819,
    -0.7969039440231448
  ],
  "7": [
    -3.604822582511627,
    -3.0730424086362302,
    -2.501509721143491,
    -1.914142601384376,
    -0.8467366462875225,
    -0.8340841315042007,
    0.08910420501277347,
    0.7184643332230227,
    -0.5886115869134233,
    -0.21303592770566587
  ],
  "8": [
    -4.45759998054413,
    -4.16724048182235,
    -2.8781131708703,
    -2.6158953485604597,
    -1.4639042265072764,
    -1.4275324876278312,
    -0.5097002536048204,
    0.0987349136278541,
    0.755765581585356,
    0.34268604773901035
  ],
  "9": [
    -3.9125349361119226,
    -5.228578578795849,
    -3.1372464282687473,
    -3.1041380101572402,
    -2.0990793745317293,
    -1.6965041956503262,
    -0.9447903878089338,
    -0.4843742838754127,
    0.13250386152484786,
    0.007738166248550671
  ]
}