{
  "0": [
    0.16777959745387722,
    -0.3546474619198445,
    -0.6666476258976078,
    -1.0218958432956682,
    -2.3208568953854876,
    -2.0440637969723965,
    -2.7818151765025796,
    -3.9283069759506155,
    -4.517713222511437,
    -4.199030404019501
  ],
  "1": [
    -0.03735156312899533,
    0.4936945176399424,
    -0.006407348408752702,
    -0.4168524916044754,
    -1.5825686281900315,
    -1.684615581612985,
    -3.064007969725105,
    -3.61255999422086,
    -3.262666172898457,
    -4.187250209978212
  ],
  "2": [
    -0.4481891503694738,
    -0.2749720232337757,
    0.02125729390678216,
    0.17074632611189328,
    -0.8439620872928314,
    -0.983441241866156,
    -1.8196660190380445,
    -2.360097184120466,
    -3.249814948366429,
    -3.892265860759186
  ],
  "3": [
    -0.5813261923795768,
    -0.6800521440985592,
    -0.014890519396044924,
    0.53126107877718,
    -0.12022352227242798,
    -0.22636337505033702,
    -1.6045114766765372,
    -1.7481390384786701,
    -3.151524136432632,
    -2.9144042631204807
  ],
  "4": [
    -1.4317427158985143,
    -1.3934567798732522,
    -1.0061196320985888,
    -0.22066599241648238,
    0.47240105142230804,
    -0.38348439789570743,
    -0.6497769366013216,
    -1.6410849720972873,
    -2.0919772162991586,
    -2.2639782618726847
  ],
  "5": [
    -2.381705471458655,
    -2.076825792383806,
    -1.4764662751662627,
    -0.9268425730536027,
    -0.22423680308639077,
    -0.1373220735117119,
    -0.23723340427920264,
    -0.6171569123112758,
    -1.4384502428525636,
    -1.5238472580794236
  ],
  "6": [
    -2.902672010436946,
    -2.990339818272077,
    -1.5274167837727115,
    -1.5458209538711696,
    -0.4971552629843196,
    -0.6296790260247734,
    0.434369017894166,
    -0.40148970491353897,
    -0.9231020080981925,
    -0.8792662290696839
  ],
  "7": [
    -3.316589551749234,
    -3.373330263205497,
    -2.914857996153362,
    -2.199497920432193,
    -1.0515496483592826,
    -0.7160475713837998,
    0.31933968509432864,
    -0.06748575776662043,
    -0.05563625539824241,
    -0.6189377812518719
  ],
  "8": [
    -3.952735558695821,
    -4.144856109969022,
    -3.134417355104581,
    -2.587326100605057,
    -1.6584113883776122,
    -1.566711431506653,
    -0.17045296499467444,
    -0.3972840641981047,
    0.3574897007670175,
    0.16225803825590557
  ],
  "9": [
    -3.8453837672409668,
    -4.873759478185299,
    -3.860125926186302,
    -2.7556895195797035,
    -2.3500525005787516,
    -1.8592765460046718,
    -1.1159309366548897,
    -0.500487030935426,
    -0.3147338866710064,
    0.4952498419727782
  ]
}