{
  "0": [
    -0.14679909467991636,
    0.22573093466742788,
    -0.8766226497507896,
    -0.7933601195294525,
    -1.9807621237660462,
    -1.9547898523695229,
    -3.2035656566561097,
    -4.12631078296859,
    -4.061703343856329,
    -4.111638807097997
  ],
  "1": [
    0.05518323604927297,
    0.5237164052628581,
    0.221542404038549,
    -0.16129853494476676,
    -1.4363396554818197,
    -1.7280016249376762,
    -2.849882050763991,
    -3.65566845665435,
    -3.6674100673046244,
    -4.054197026612432
  ],
  "2": [
    -0.35737802558057474,
    -0.08450816556648033,
    0.0625449397391376,
    0.02717896174597395,
    -0.913377562694719,
    -1.1942166196526331,
    -2.017049527213984,
    -2.0630672478895447,
    -3.443024814407326,
    -3.6378486119466538
  ],
  "3": [
    -0.74619654014603,
    -0.46547335617590513,
    -0.1692202345609377,
    0.2570864547238773,
    -0.3821278666516227,
    -0.5001579749802132,
    -1.699303438869834,
    -1.6073936306764802,
    -3.114152487484503,
    -2.9492743689738727
  ],
  "4": [
    -1.8281917098812352,
    -1.267289652856269,
    -0.977406525440164,
    0.007605648914724802,
    0.09132013135056519,
    -0.12645912157550565,
    -0.7374632009445878,
    -1.3172230911327674,
    -2.172821160872595,
    -2.1942599128944194
  ],
  "5": [
    -2.145779093013022,
    -1.931296051028254,
    -1.4914962246252854,
    -0.7763796607994848,
    -0.25431854302566703,
    -0.22314309104670682,
    -0.3483637909786478,
    -1.0212499638094128,
    -1.402295868814478,
    -1.5496596876581976
  ],
  "6": [
    -2.655840120411032,
    -2.694271631104749,
    -1.873456534364037,
    -1.5278919398820385,
    -0.47392848911701985,
    0.0311882298228894,
    -0.11804872913620004,
    -0.33502865954409944,
    -0.8796349689186965,
    -0.8606498922275264
  ],
  "7": [
    -3.759640537429961,
    -3.2622801107046557,
    -2.846704228343912,
    -1.6546647144075668,
    -1.255564676044103,
    -0.6134772216757959,
    0.1895035860392252,
    0.3331565183113828,
    -0.5463375912462454,
    -0.10435992345434095
  ],
  "8": [
    -4.690192251524888,
    -4.116909745959387,
    -3.4383164081525135,
    -2.8344536009534966,
    -1.644000462418766,
    -1.2809558333823163,
    -0.2958690191650413,
    0.1441941135433234,
    0.05805538170004873,
    -0.006183333343196096
  ],
  "9": [
    -4.681139598022425,
    -4.759797475654345,
    -3.3484215478192563,
    -3.6544350703703894,
    -2.320894611290394,
    -2.1454231300612943,
    -0.9629118330731644,
    -0.7422156847634965,
    0.004525844591880809,
    0.34519947158939834
  ]
}