{
  "0": [
    -0.0741527449314086,
    0.3984920596526477,
    -0.5593901957827034,
    -0.8393573766519566,
    -1.966027554277801,
    -2.3751678603297455,
    -3.114943382485692,
    -3.848543874693398,
    -4.705336692582817,
    -4.685135446816374
  ],
  "1": [
    0.06567340771351715,
    0.47920394407656614,
    -0.05909604129013539,
    -0.02415717662688538,
    -1.2927912503380197,
    -1.810833700880815,
    -2.5606337342441035,
    -3.669742529934115,
    -4.037563902142036,
    -3.79499400305653
  ],
  "2": [
    -0.06422296504631934,
    -0.04465627747818778,
    0.4089363407373698,
    0.19211759514449117,
    -0.7740537179068226,
    -0.8188109074778335,
    -1.9453592838745282,
    -1.8683637046605626,
    -3.212473807193184,
    -3.9306136526125592
  ],
  "3": [
    -0.8144319693671995,
    -0.5503640203648487,
    -0.03576710061529759,
    0.39770265854399284,
    -0.2561722249545874,
    -0.26865540824161566,
    -1.606274431374124,
    -1.6073936306764802,
    -3.1303849065506704,
    -3.0180727644047156
  ],
  "4": [
    -1.32457620372958,
    -1.04350335524168,
    -0.9590637388907121,
    0.24049433145241644,
    0.416136350019484,
    0.0010264099169536578,
    -0.567953303663823,
    -1.2658002891077407,
    -2.457283423988266,
    -1.9545033533347667
  ],
  "5": [
    -2.042866973461462,
    -1.8792562368555825,
    -1.3997156763071303,
    -0.6925461784971816,
    0.2384129893571653,
    0.05882038849719569,
    -0.12056301889085871,
    -0.9431603859920163,
    -1.5925808239812704,
    -1.843423279878834
  ],
  "6": [
    -2.770902220784819,
    -2.4039475112741373,
    -1.673790199501958,
    -1.5737368191851804,
    -0.4006881323672823,
    0.025483540650562908,
    0.37503350337819663,
    -0.14502401585143526,
    -1.0671662850894155,
    -0.8754879743639576
  ],
  "7": [
    -3.716631324138474,
    -3.2934557067271224,
    -2.8283378033261615,
    -1.7463535723554906,
    -1.0723483769151316,
    -0.5307578704754852,
    0.06691440866654869,
    0.5163748495095788,
    -0.08795796850543718,
    -0.19636870003962287
  ],
  "8": [
    -4.466081954284483,
    -4.325675808112653,
    -3.0661349420903328,
    -2.912155925268867,
    -1.669758699750631,
    -1.3626838489023163,
    -0.3177341022874567,
    -0.13085320658706842,
    -0.3610729720828128,
    0.3805830374987888
  ],
  "9": [
    -5.09819709723749,
    -5.006744914323667,
    -3.5820993501217004,
    -3.5436145515414195,
    -2.1026275496121203,
    -1.8985004368088472,
    -0.8968352649014686,
    -0.6040226713615571,
    0.2633547856602221,
    -0.014152149374579481
  ]
}