{
  "0": [
    -0.005907700727152562,
    0.17565280604118638,
    -0.5947848015607975,
    -0.8263656267398098,
    -1.981337692461528,
    -2.285906354526887,
    -3.2290965063942485,
    -3.879447243055632,
    -4.163526034038769,
    -4.322124182353656
  ],
  "1": [
    0.05367934536897315,
    0.7003788715762486,
    0.04034160797192441,
    -0.12805992901874907,
    -1.373877536203659,
    -1.892752876763708,
    -2.7748086320532934,
    -3.6774336684477813,
    -4.107023144195286,
    -3.8534072853143364
  ],
  "2": [
    -0.4669580896403015,
    -0.3789686801437373,
    0.8028393291476749,
    0.09436354162937831,
    -0.7740537179068226,
    -0.8817897851628135,
    -1.9453592838745282,
    -2.0695889271553094,
    -3.212473807193184,
    -3.8978884782090932
  ],
  "3": [
    -0.6213726408275821,
    -0.4165352716956645,
    0.12658266985401817,
    0.5619148734925531,
    -0.39701677653896295,
    -0.27096922594504,
    -1.5750668022813796,
    -1.6073936306764802,
    -3.114152487484503,
    -3.0247511138211385
  ],
  "4": [
    -1.32457620372958,
    -1.1439188012397459,
    -0.8439099419977516,
    -0.11490829242142321,
    -0.06582902490260972,
    0.15109255249439218,
    -0.6150134022406172,
    -1.2511959589810637,
    -2.3760716816669194,
    -1.7795973107366203
  ],
  "5": [
    -2.0728557841707858,
    -1.8792562368555825,
    -1.3997156763071303,
    -0.38387847271831227,
    0.05506305506254838,
    0.2614854378472159,
    -0.05627615982934717,
    -1.3046654928045955,
    -1.5337619730036745,
    -1.7780458322118637
  ],
  "6": [
    -2.6239161327633638,
    -2.607512957233476,
    -1.8047781713528113,
    -1.5737368191851804,
    -0.5472659452381635,
    -0.013722528564776081,
    0.5252712128285771,
    -0.11843280815906287,
    -1.0133538480003081,
    -0.9008599797906123
  ],
  "7": [
    -3.7518789114245124,
    -3.3311460467091285,
    -2.8084493768071894,
    -1.7659188877809147,
    -1.1448852253445707,
    -0.6036488923943155,
    0.16699332420524704,
    0.5665632778002865,
    -0.05837736874899442,
    -0.10622732072558816
  ],
  "8": [
    -4.690192251524888,
    -3.9575192914775776,
    -3.3813885964048436,
    -2.873237564589654,
    -1.7473365679446682,
    -1.2209894471261475,
    -0.26787335156210146,
    -0.003625180330799546,
    -0.11813785259743897,
    0.5289145399134992
  ],
  "9": [
    -5.09819709723749,
    -4.6398700245862425,
    -3.220353509206787,
    -3.6213840196278086,
    -2.3887503016383285,
    -2.0248602722305127,
    -0.9236696778924969,
    -0.46906913854853083,
    -0.11959336897714662,
    0.28291545966264103
  ]
}