{
  "0": [
    0.03449075855579895,
    -0.6459734837389816,
    -0.5043326230705354,
    -0.9029220881752478,
    -2.0706329392893967,
    -2.1537662264919457,
    -3.452689104195757,
    -3.787792324603055,
    -4.6695959072504465,
    -4.600220520754295
  ],
  "1": [
    0.478821487668508,
    0.623789916767137,
    0.03848407582291338,
    -0.44292053538845205,
    -1.0948485835352861,
    -1.7687441618361524,
    -2.647787289504855,
    -3.29569640628525,
    -3.7695773959996566,
    -4.04827091950321
  ],
  "2": [
    0.06698195886405782,
    0.151466505497636,
    0.5083414329878136,
    0.15337140620081785,
    -0.7500542205660273,
    -0.6379171933852548,
    -1.8008818899392556,
    -2.5130503595208005,
    -3.302844311099315,
    -3.549151841252128
  ],
  "3": [
    -0.6250295559245911,
    -0.5832471716417907,
    -0.24195199495617034,
    0.5154345832537198,
    -0.09011909034944704,
    -0.30472654127062637,
    -1.223504924623149,
    -1.331694606888136,
    -2.7744232103648825,
    -2.8946437661870212
  ],
  "4": [
    -1.5198735961667713,
    -1.1328129560162594,
    -0.5168723539194569,
    -0.005027535020393575,
    0.3263364501143147,
    -0.12350121467194584,
    -0.7830560403908792,
    -1.4135091432735198,
    -2.187015797209725,
    -2.0686862354038094
  ],
  "5": [
    -1.8844234501812736,
    -2.211524518597682,
    -1.1009212655733043,
    -0.9212470283168867,
    0.04989323813275054,
    0.16465455016132502,
    0.04496607400370209,
    -0.3498727811983138,
    -1.193486455706498,
    -1.422899283066429
  ],
  "6": [
    -2.819863572495102,
    -3.008692702799049,
    -1.84237493282854,
    -1.2270666504075056,
    -0.2556692510784966,
    -0.2224947117017941,
    0.4713482285092541,
    0.07573530399476222,
    -0.7125203308060513,
    -0.4502906104014524
  ],
  "7": [
    -2.8180991654614864,
    -2.9495174438608265,
    -2.390466638801458,
    -1.712801449112281,
    -0.6952221065318276,
    -0.6265513562551109,
    0.049414168922235685,
    0.5939885090140227,
    -0.010890430211465548,
    -0.34244596766219737
  ],
  "8": [
    -4.335743059098807,
    -3.736219278873692,
    -2.974774929590894,
    -1.8557861919858374,
    -1.462985803280167,
    -1.342982491393741,
    -0.5383439311541183,
    0.07429750944499358,
    0.5395350410449598,
    0.4665620424826341
  ],
  "9": [
    -3.9514216459265183,
    -5.017295471875159,
    -2.7829432131778185,
    -2.526445156768718,
    -1.6934247387226424,
    -1.9026095296176537,
    -1.1976567388544574,
    -0.38812173329379407,
    0.18206919572817915,
    -0.1369514337685535
  ]
}