{
  "0": [
    -0.17136412687754965,
    0.32003256325689566,
    -0.5677036335416638,
    -0.8101522214398746,
    -1.8301038418541509,
    -2.4777840422678015,
    -3.0603475002550624,
    -3.948476315915647,
    -4.978508001480643,
    -4.939899163533136
  ],
  "1": [
    0.022598013215232568,
    0.705063594214124,
    -0.08650063735364084,
    -0.02415717662688538,
    -1.268713094553998,
    -1.6942137860649962,
    -2.789149173502309,
    -3.566375194520301,
    -4.377218283560331,
    -3.5363497297207873
  ],
  "2": [
    -0.07711038710040383,
    -0.06414890502060405,
    0.3625320024193571,
    0.11461500258048236,
    -0.7388564632548537,
    -1.0932668461763237,
    -1.9883193407090776,
    -2.283307655838322,
    -3.055476193555182,
    -3.9215291827897274
  ],
  "3": [
    -0.8144319693671995,
    -0.647638077606865,
    0.06339058874114759,
    0.32739172135815403,
    -0.31143321632945925,
    -0.3334200753878268,
    -1.456755079744052,
    -1.5491276880552263,
    -3.2151499840300426,
    -3.0253864404338167
  ],
  "4": [
    -1.2493238379162266,
    -1.04350335524168,
    -0.7987026471050759,
    0.002614030330290021,
    0.5655773203410286,
    -0.06894412987244468,
    -0.7025725403963096,
    -1.2086947405935153,
    -2.491135157205023,
    -2.1637435584167704
  ],
  "5": [
    -2.2024779655605298,
    -1.8792562368555825,
    -1.07980318376673,
    -0.6868295743975907,
    -0.05348458423406921,
    0.31373829016980836,
    -0.15307605405040653,
    -0.7649788254952861,
    -1.622236187644797,
    -1.4442331417350724
  ],
  "6": [
    -2.770902220784819,
    -2.6861321250861683,
    -1.6346620788861939,
    -1.3566213284846493,
    -0.37204223554383886,
    0.022821799055875454,
    0.21752288291974786,
    -0.1543220794779238,
    -1.1093681521130587,
    -0.8565325327176014
  ],
  "7": [
    -4.021778020533361,
    -3.1417806546869644,
    -2.802187405769766,
    -2.0199038260572744,
    -1.1314038263970214,
    -0.5307578704754852,
    0.029887486920352577,
    0.4244181707385186,
    -0.08795796850543718,
    -0.07526615931387753
  ],
  "8": [
    -4.392527050717312,
    -4.316799069581918,
    -2.940021090156116,
    -2.7945893661186063,
    -1.669758699750631,
    -1.3861163391111566,
    -0.37270912628988806,
    0.177426708628357,
    -0.09165737840538922,
    0.5678780542246094
  ],
  "9": [
    -4.906700430442639,
    -4.939054515524796,
    -3.5564615528978316,
    -3.3212505230064524,
    -1.9418877893935385,
    -1.8265543071082586,
    -0.884280174216288,
    -0.4429689974720122,
    0.10369342367639575,
    -0.014152149374579481
  ]
}