{
  "0": [
    0.4586043085166853,
    -0.15543606949053107,
    -0.6503493142503736,
    -0.8959404531889696,
    -2.3499340896064345,
    -2.2683286072676596,
    -3.3297100688111323,
    -3.7894505875627416,
    -4.627549219031164,
    -4.704522069916358
  ],
  "1": [
    0.32137757803432854,
    0.532578605257686,
    -0.04035262757973565,
    -0.41526239935026477,
    -1.610807253160846,
    -1.5047968102896991,
    -2.7687999196271704,
    -3.633364584280344,
    -3.536922856412727,
    -3.8763342538582695
  ],
  "2": [
    -0.41108086497663454,
    -0.2740325453574395,
    0.5724484289520061,
    0.219243167105867,
    -0.7808523920850247,
    -0.8319220869937447,
    -1.8180624409534891,
    -2.491014562317711,
    -3.03926764309269,
    -3.6419943732722118
  ],
  "3": [
    -0.6334022618068443,
    -0.6800521440985592,
    -0.1693632311615592,
    0.4242278015569798,
    -0.12945544333611989,
    -0.224195271852682,
    -1.8251291906888898,
    -1.7533343684978688,
    -3.1318440073287617,
    -2.986143058935326
  ],
  "4": [
    -1.4792106344427973,
    -1.785490740034636,
    -0.8154084598818387,
    -0.17727094393317538,
    0.3552835429891089,
    -0.2665143114751235,
    -0.8786022021238006,
    -1.5086281365499534,
    -2.1939923232011105,
    -2.2639782618726847
  ],
  "5": [
    -2.355823548151932,
    -2.127219705230209,
    -1.1977804123409839,
    -0.848706983753301,
    -0.6257749850103865,
    0.4562304487322818,
    -0.28813069934014934,
    -0.5921194696115349,
    -1.3488704635448916,
    -1.8232089558446536
  ],
  "6": [
    -2.932866444088539,
    -2.7813661518645407,
    -1.9511838028593762,
    -1.3461446703452336,
    -0.4139606914214312,
    -0.6296790260247734,
    0.27950088088190633,
    -0.35151937988508364,
    -0.8001762109553624,
    -0.7305522285696692
  ],
  "7": [
    -3.438228813399645,
    -2.9952623387113064,
    -2.784213517343645,
    -2.299886495863699,
    -0.8355846676348393,
    -0.6789705553304761,
    -0.04098523642794068,
    0.3886023498892495,
    0.048340323954011395,
    -0.4191339971327655
  ],
  "8": [
    -4.2108631388611295,
    -4.29245546509843,
    -2.6767951329014927,
    -2.8037839860797207,
    -1.500169995144606,
    -1.5817880083544495,
    -0.2181954523352009,
    -0.24367523194885504,
    0.6122540117496007,
    0.11087146210618139
  ],
  "9": [
    -3.977079244363935,
    -4.494264151368758,
    -3.4327772082639667,
    -2.5036435851377257,
    -2.143264986395155,
    -1.9797886138134633,
    -1.2184496798373374,
    -0.4783790408692234,
    -0.167738185700367,
    0.5057816881648108
  ]
}