{
  "0": [
    0.4231870923268119,
    -0.17464344697171472,
    -0.5551868742478815,
    -0.8620710187667779,
    -2.0008799341369423,
    -2.4657664381735382,
    -3.402951515049438,
    -3.722499406811283,
    -4.531118141030279,
    -4.463089368158136
  ],
  "1": [
    0.19707527326178048,
    0.6328470919330808,
    -0.1202836239298878,
    -0.5950660806716954,
    -1.1183530091339668,
    -1.845441017477142,
    -2.559629814499197,
    -3.0504794897126053,
    -3.6972432511174675,
    -4.04827091950321
  ],
  "2": [
    0.06411925150960592,
    0.1357019295951008,
    0.27444110786841286,
    0.16836969103846847,
    -0.7756033409219243,
    -0.9220068550108832,
    -1.9606499918519715,
    -2.4365677533440735,
    -3.053032571939116,
    -3.4228177630510306
  ],
  "3": [
    -0.5968956676435966,
    -0.575343598388092,
    -0.09244811563289201,
    0.5248905151359053,
    0.06996541445792975,
    -0.22641159824976848,
    -1.223504924623149,
    -1.3934285737483305,
    -2.504703299419472,
    -2.6802972246684305
  ],
  "4": [
    -1.3983336283539083,
    -1.0963984137955958,
    -0.5258760536903462,
    0.07037229653457235,
    0.6187074296854227,
    -0.12350121467194584,
    -0.8395423790599899,
    -1.4361581909611891,
    -2.174496966601557,
    -2.100364969906083
  ],
  "5": [
    -1.5443488588490288,
    -1.9199022846365799,
    -1.1019214604624759,
    -0.6815124316710347,
    0.19079099967118554,
    0.6729269325577018,
    -0.07981699955193093,
    -0.5607102618518306,
    -1.2111716139563375,
    -1.2902977016496753
  ],
  "6": [
    -2.616926453605176,
    -2.7156526706698934,
    -1.8770473038542586,
    -1.2047903630064845,
    -0.13173862946604412,
    -0.29480708146918194,
    0.1360782990991446,
    0.05938111794386486,
    -0.4662419997803921,
    -0.5372278925863879
  ],
  "7": [
    -2.8829337967513737,
    -3.2529654505524013,
    -2.0304611495466305,
    -1.8157510268761332,
    -0.8604445013816191,
    -0.5102084055145633,
    0.049414168922235685,
    0.5071641455954797,
    -0.010890430211465548,
    -0.3440696085924106
  ],
  "8": [
    -4.328370411176386,
    -3.5294687270165475,
    -3.2784190108190923,
    -1.8311306976066088,
    -1.2170015662371325,
    -1.2723720823060738,
    -0.5991341897165121,
    0.05202114795860579,
    0.6780696113266085,
    0.39713316852275427
  ],
  "9": [
    -3.810056492588547,
    -4.890316070376449,
    -3.0354096621711033,
    -2.988902923684078,
    -1.8536399423099184,
    -1.7396778226712717,
    -1.1976567388544574,
    -0.41616403203031976,
    0.08748150589352743,
    0.5790895095696456
  ]
}