{
  "0": [
    0.40120563034910245,
    -0.16007812433542493,
    -0.5903206142810624,
    -0.9060135733146365,
    -1.833038477207962,
    -2.267915265506755,
    -3.2328432423391553,
    -3.5912681099278996,
    -4.2912545610877055,
    -4.258843974229086
  ],
  "1": [
    0.6100861913559952,
    0.4589984786681589,
    0.303646446444706,
    -0.40133063527435847,
    -1.0615404846191654,
    -1.7807974716864414,
    -2.4048296799245663,
    -2.963619971401747,
    -3.6417521445076493,
    -3.966394220452212
  ],
  "2": [
    -0.028701595195039883,
    0.1015215461975378,
    0.3917840081553235,
    0.08532206889503302,
    -0.7511763591511623,
    -0.8909267003962652,
    -2.0111729250047885,
    -2.3142053048512796,
    -3.1277451619298016,
    -3.1665836032560732
  ],
  "3": [
    -0.6824861694140913,
    -0.6018039521970693,
    -0.1853227971552323,
    0.6429187676060302,
    -0.16542072003669284,
    -0.3429611920938434,
    -1.1623873356584904,
    -1.183864800099516,
    -2.2487887931605828,
    -2.3411761652374743
  ],
  "4": [
    -1.3455679898041486,
    -1.1938011486877882,
    -0.3359336416389037,
    0.09949571931442999,
    0.5222060367826268,
    -0.18171193202433222,
    -0.6360142437011012,
    -1.2553257155757056,
    -2.011271405370498,
    -1.940551199350936
  ],
  "5": [
    -1.6871602316662586,
    -1.7181451452066125,
    -1.1295659374177847,
    -0.6543805793549287,
    0.35122054315462403,
    0.4828956332005261,
    -0.005149026974593712,
    -0.6196256469822284,
    -1.2257108305839224,
    -1.3600719913153148
  ],
  "6": [
    -2.528086150635009,
    -2.4407285679459583,
    -2.120589991921799,
    -1.1908720563247797,
    -0.21739001457104273,
    -0.40211123366401963,
    0.4986560438159616,
    0.1574108604017529,
    -0.516761303297808,
    -0.5071178582682945
  ],
  "7": [
    -2.9801265030779733,
    -3.084899764717974,
    -1.6622151282354825,
    -1.6154500077348748,
    -0.7853085118852635,
    -0.5444897519604259,
    0.3047019997141763,
    0.3100469256377655,
    -0.07354410612123308,
    -0.4714866139034178
  ],
  "8": [
    -4.036068199554418,
    -3.4404817221620174,
    -3.069786849638088,
    -2.1418759419442344,
    -1.0075881878293658,
    -1.1614196645407149,
    -0.5849771578074853,
    0.0281081496120946,
    0.8012757887266242,
    0.4927086184155558
  ],
  "9": [
    -4.226580187579167,
    -4.687936332500393,
    -2.8281770679056786,
    -2.712605344677474,
    -1.8286045276121425,
    -1.7039217353544438,
    -1.1593617900793927,
    -0.44789932393278603,
    0.10217188402116678,
    0.4672084514723023
  ]
}