{
  "0": [
    0.5202183537356765,
    0.028644632560508865,
    -0.5853943420179711,
    -0.8959404531889696,
    -2.3725269703547966,
    -2.2463949213119303,
    -3.4687234054591136,
    -3.5336920754543457,
    -4.586590292925773,
    -4.759422910668356
  ],
  "1": [
    0.6237116311623365,
    0.2840639885776811,
    -0.01716883105026081,
    -0.3884112918669049,
    -1.610807253160846,
    -1.6751197562557432,
    -2.744679028691302,
    -3.6044269052763607,
    -3.536922856412727,
    -4.08470646139463
  ],
  "2": [
    -0.34238199773324735,
    -0.3075861673391883,
    0.61295238123778,
    0.0702464547766289,
    -0.7272354033900937,
    -0.8319220869937447,
    -1.8880337640050882,
    -2.549562297893374,
    -3.03926764309269,
    -3.675502125148127
  ],
  "3": [
    -0.6225745711368026,
    -0.7655377084526973,
    -0.12637939793424668,
    0.6214717475921427,
    -0.07508195200288434,
    -0.224195271852682,
    -1.8311039004615255,
    -1.8846110446786202,
    -3.077258040065792,
    -3.020308473063043
  ],
  "4": [
    -1.69771546733157,
    -1.5325615908276533,
    -0.8154084598818387,
    -0.09318912905227136,
    0.26705082387084067,
    -0.2665143114751235,
    -0.8619527906115941,
    -1.2459888666417251,
    -2.1939923232011105,
    -2.3058361232390907
  ],
  "5": [
    -2.3508159820711154,
    -2.0659344208384938,
    -1.1688114090598831,
    -0.7598266620390424,
    -0.6257749850103865,
    0.21609131212502578,
    -0.28813069934014934,
    -0.5921194696115349,
    -1.3488704635448916,
    -1.7683066148860005
  ],
  "6": [
    -2.9558258118112417,
    -2.8575275175947072,
    -1.7112064725126757,
    -1.449623420764604,
    -0.3760718605877406,
    -0.6103902210191732,
    0.6347395145891455,
    -0.19694428351156368,
    -0.8001762109553624,
    -0.7064490633248922
  ],
  "7": [
    -3.5151831699662934,
    -2.9952623387113064,
    -2.795365185825443,
    -2.0925468337132753,
    -0.9371984460013503,
    -0.7011053697514412,
    -0.055390270205694335,
    0.5191684481114621,
    -0.2003945941056697,
    -0.32593130330259357
  ],
  "8": [
    -4.273171262837464,
    -4.329561010182793,
    -2.834227556386872,
    -2.8037839860797207,
    -1.591703302745403,
    -1.565331342839114,
    -0.19981584670714722,
    -0.11453881000615582,
    0.4634300137884959,
    0.07916364416888286
  ],
  "9": [
    -4.364844193483504,
    -4.494264151368758,
    -3.6119352365602375,
    -2.5036435851377257,
    -2.143264986395155,
    -1.9797886138134633,
    -1.0152608886929817,
    -0.4783790408692234,
    -0.167738185700367,
    0.4721301325042105
  ]
}