{
  "0": [
    0.510498190693874,
    -0.2520957648709426,
    -0.4259138160029741,
    -0.9010852957316471,
    -1.8032586916891913,
    -2.1370332500688733,
    -3.2752504099517226,
    -3.8562346841527115,
    -4.772932871595137,
    -5.1791927677836505
  ],
  "1": [
    0.4757685917759894,
    0.6724068187194018,
    -0.2899582717426855,
    -0.3814691282589048,
    -1.158537125563544,
    -1.734277815221156,
    -2.7286446204507886,
    -3.29569640628525,
    -4.00925270616223,
    -4.351529951794051
  ],
  "2": [
    0.09984862799769578,
    0.14765702248728566,
    0.6525770563786384,
    0.15337140620081785,
    -0.8583521008641529,
    -0.6807539268704291,
    -1.9655230671249435,
    -2.591771796095886,
    -3.060946648218405,
    -2.907700602298888
  ],
  "3": [
    -0.6845161369673479,
    -0.5917248419556873,
    -0.05470714067382332,
    0.5277365299212026,
    0.014377642051786307,
    -0.2314479805667427,
    -1.1077879104525563,
    -1.5409564822374318,
    -2.776830325590251,
    -2.940448550089575
  ],
  "4": [
    -1.291878877535627,
    -1.024827482571269,
    -0.588823732662072,
    -0.17866316442203936,
    0.4724952287304821,
    -0.1503199057721015,
    -0.7502988504428912,
    -1.1837156632180068,
    -2.210799214748084,
    -1.8767813783544536
  ],
  "5": [
    -2.1649445391841406,
    -2.0372837487618254,
    -1.106723138791873,
    -0.9303436561149943,
    0.11037647448775811,
    0.6346525375936782,
    -0.010330883724988943,
    -0.4571431137945263,
    -1.193486455706498,
    -1.7175671403659556
  ],
  "6": [
    -2.877974177900629,
    -3.0719084172206976,
    -1.84670910373856,
    -1.4505194866664304,
    -0.28705552809372886,
    -0.23995076078919575,
    0.39245632416330867,
    -0.057882702109882,
    -0.7272939189502033,
    -0.5312845819917815
  ],
  "7": [
    -3.3354778464486876,
    -2.6199295576299253,
    -2.559788675013488,
    -1.712801449112281,
    -0.7497637106193642,
    -0.6600690149809527,
    0.09664712996626033,
    0.43801242409811314,
    -0.18689180019924498,
    -0.28847015823832056
  ],
  "8": [
    -4.543891962626703,
    -4.091601661179339,
    -2.960143106654583,
    -2.1747781885050848,
    -1.4421238818522526,
    -1.1340352675853724,
    -0.5566013996578889,
    0.05776793560206994,
    0.013154260574480214,
    0.40412541893337556
  ],
  "9": [
    -4.041865219248603,
    -5.077302760604887,
    -2.7829432131778185,
    -2.8845120542637575,
    -1.70467370120638,
    -1.7879741341971953,
    -1.1023371014551786,
    -0.39990481191038446,
    -0.05981120835289293,
    0.3344077289146744
  ]
}