{
  "0": [
    0.34770309607879796,
    -0.0004838424016831988,
    -0.627943930098501,
    -1.0269603886689538,
    -2.191748861834381,
    -2.0818599124351027,
    -3.062173279369215,
    -3.3600493055039653,
    -4.298589146774626,
    -4.569917814975502
  ],
  "1": [
    0.1326127519444322,
    0.5879191099073627,
    0.14696032706518597,
    -0.35216442626619665,
    -1.508230020490759,
    -1.5599739099410461,
    -2.985115489451019,
    -3.4522197370428165,
    -3.7076403480699573,
    -3.7036549811545942
  ],
  "2": [
    -0.4481891503694738,
    0.07764937345329617,
    0.5997479659840608,
    0.13982647729686823,
    -0.8439620872928314,
    -1.0490490294480466,
    -1.9730113357353196,
    -2.242955522031362,
    -2.782136303238766,
    -3.59267226619845
  ],
  "3": [
    -0.8238963574624429,
    -0.4908494598512585,
    -0.2811410743765502,
    0.2616034924028666,
    -0.25017334871687635,
    -0.3114379835641704,
    -1.8000606273362274,
    -1.8038392952858582,
    -3.1214284089633124,
    -2.899741580073462
  ],
  "4": [
    -1.514607745484112,
    -1.4200142790326677,
    -0.8731440061731575,
    0.02875892595477128,
    0.2313092372985768,
    0.39397727929744286,
    -0.7636804684213356,
    -1.6485236693945167,
    -2.252653267900647,
    -2.2499943462108964
  ],
  "5": [
    -2.3132133185700288,
    -2.114727801458972,
    -1.4759289810209342,
    -0.7501087811925435,
    0.6180071691969216,
    -0.22611957661980747,
    -0.18469585116302306,
    -0.7463962132645011,
    -1.4073521687657085,
    -1.5445037271227178
  ],
  "6": [
    -2.7718843754316342,
    -2.798176321957927,
    -1.3849009333005433,
    -1.338019259577737,
    -0.36663865223083986,
    -0.27008036590880147,
    -0.29399019681890964,
    -0.46729520558327325,
    -0.7990099838018944,
    -0.8782352183522341
  ],
  "7": [
    -3.5986650596358105,
    -3.615659001899369,
    -2.8001744604796257,
    -1.7175161394242502,
    -1.1635118021887292,
    -0.6271721511595238,
    0.16093711031287294,
    -0.14621243835196585,
    -0.2789529345611278,
    -0.22513041056193195
  ],
  "8": [
    -4.586901383716148,
    -4.382134366903239,
    -3.0882747021143793,
    -2.8134041592888615,
    -1.816594192586817,
    -1.4613981023789215,
    -0.20215512648539669,
    0.04730110083429038,
    -0.20867911592136307,
    0.02746120487243455
  ],
  "9": [
    -4.107669010031076,
    -4.77743876469376,
    -3.550171914352575,
    -3.300056153684115,
    -2.4165118182427614,
    -2.19732473739979,
    -0.809342648076428,
    -0.6490950913107096,
    0.12912798620337357,
    0.2812837154426967
  ]
}