{
  "0": [
    -0.1174243702966074,
    0.23842357595216793,
    -0.47401478315281004,
    -1.0570604661142533,
    -1.546260054155537,
    -2.1284830075074455,
    -2.7821918061813173,
    -2.8578949821856128,
    -3.381447666137896,
    -3.692071227897819
  ],
  "1": [
    0.3677802604480589,
    0.6743084440255243,
    0.2878387786173374,
    -0.42722095384414716,
    -0.5439206830284329,
    -1.7151920948955122,
    -2.3192951261353576,
    -2.5833542408577306,
    -3.0682929818579394,
    -3.9071515565818196
  ],
  "2": [
    -0.1986602693551144,
    0.12646354022832285,
    0.7060126833447652,
    0.42788844624415673,
    -0.41813281637633243,
    -1.0544494001199773,
    -1.906699970610736,
    -1.6490465989743748,
    -2.6486265332519783,
    -2.7747522908770588
  ],
  "3": [
    -0.7254561761914167,
    -0.7527376616456133,
    -0.036951105885250496,
    0.6152087559709268,
    -0.18606743991449556,
    -0.30153465261112855,
    -1.2137555181596875,
    -1.0472081755755591,
    -2.368733630911202,
    -2.5544306597153907
  ],
  "4": [
    -0.9479918289608731,
    -1.1225827448150372,
    -0.2841104871174586,
    -0.01956763879443503,
    0.1609213240218274,
    0.37159607303685627,
    -0.6447502171911519,
    -0.9484372693636551,
    -1.9331707473035498,
    -1.1529702001104627
  ],
  "5": [
    -1.2913713706856849,
    -1.6062141486112318,
    -1.0878049855852745,
    -0.5664265458610551,
    0.25183921432191053,
    0.7369116545521059,
    0.01636941609693884,
    -0.5107852755441247,
    -0.9736213050493767,
    -1.2123423797964257
  ],
  "6": [
    -2.473260494540796,
    -2.0364284871390432,
    -1.7453206177800695,
    -1.360634260048592,
    -0.35578382699157096,
    0.09633172165892444,
    0.5567793831669117,
    0.2157349563277479,
    -0.423310578241065,
    -0.7361777296866815
  ],
  "7": [
    -2.1278197612867995,
    -2.7475671958701056,
    -1.9615408684382143,
    -1.7485648598504495,
    -1.001203043500105,
    -0.33411815191920574,
    0.36242368368277333,
    0.3040962627656596,
    -0.01613641670173563,
    -0.029970251498885422
  ],
  "8": [
    -3.8636250886299734,
    -3.202901008237366,
    -2.4025383191216036,
    -1.1537291175244297,
    -1.3170884630585502,
    -1.0400193372992563,
    -0.2589866031040392,
    -0.06798524208055282,
    0.24261781450132267,
    0.6853885299373446
  ],
  "9": [
    -3.699393495624049,
    -4.318222760362403,
    -3.2881809359100314,
    -2.534760816120066,
    -1.842591429699741,
    -1.564457887157245,
    -0.9832682176380961,
    -0.3981273228225583,
    0.17332063741985532,
    0.46391657012410054
  ]
}