{
  "0": [
    0.5645532369630716,
    -0.2177028300106962,
    -0.8766226497507896,
    -0.8119324444752622,
    -2.1025314963335324,
    -1.9547898523695229,
    -3.3783884049124056,
    -3.3277974389759906,
    -4.1612436751567285,
    -4.078442889778564
  ],
  "1": [
    0.5879665217938942,
    0.04899240072018696,
    0.008325480048796944,
    -0.22089245757918516,
    -1.270449213308936,
    -1.7280016249376762,
    -3.002279526008425,
    -3.59612489597602,
    -3.3181954758413474,
    -4.2156797712542105
  ],
  "2": [
    -0.39369529192396846,
    0.024915280540088843,
    0.3233467105772763,
    0.02717896174597395,
    -0.9199221368443558,
    -1.0076356587408368,
    -1.9395379546910716,
    -2.1779359005221055,
    -3.09542941951938,
    -3.6378486119466538
  ],
  "3": [
    -0.7635027213668878,
    -0.4672755551631816,
    -0.04479993718596309,
    0.4684317663878299,
    -0.33401559874175524,
    -0.34084650676890405,
    -1.8144293438815229,
    -1.7813581888107537,
    -3.165816508651689,
    -2.9492743689738727
  ],
  "4": [
    -1.7844683873357199,
    -1.447989603277799,
    -0.7895716604084321,
    -0.04791852329238166,
    0.2946434694340349,
    -0.12645912157550565,
    -0.7169019176277666,
    -1.3172230911327674,
    -2.278566421933985,
    -2.1942599128944194
  ],
  "5": [
    -2.0487179471959367,
    -1.931296051028254,
    -1.4995337696306543,
    -0.7427636547443511,
    -0.17042740025977077,
    0.29273712613401465,
    -0.3300796316682976,
    -0.9414207454881274,
    -1.402295868814478,
    -1.7933544969631041
  ],
  "6": [
    -2.522604181512786,
    -2.571814091688099,
    -1.5570076547672178,
    -1.568204880206776,
    -0.4593138102982017,
    -0.3782315121458848,
    0.2515660845526938,
    -0.16558037972530623,
    -0.8368043071494514,
    -0.853666179764213
  ],
  "7": [
    -3.361354696314851,
    -3.5117069310637836,
    -2.846704228343912,
    -1.4953841353991253,
    -1.1998441775359994,
    -0.6446241287765294,
    -0.010464162327348814,
    0.437338538678765,
    -0.5192909674531465,
    -0.10490812771188185
  ],
  "8": [
    -4.7288558180834865,
    -4.245686938498781,
    -3.4383164081525135,
    -2.9343495050962463,
    -1.4376442058303334,
    -1.386130031954959,
    -0.2918447597135254,
    -0.06561796761275324,
    0.7634175805969415,
    0.23425615945082984
  ],
  "9": [
    -4.681139598022425,
    -4.919710354993284,
    -3.783624488224994,
    -3.7029596116290895,
    -2.2286185898222852,
    -2.2222633497596123,
    -0.9727667642688367,
    -0.6935621172765067,
    0.11164155531637408,
    0.3771187849279701
  ]
}