{
  "0": [
    0.051757456449806824,
    0.3117388418736762,
    -0.4981091579736363,
    -0.7576243967904108,
    -1.5530620313433583,
    -2.434998774144163,
    -3.4966881139289625,
    -4.001407344011017,
    -4.916023781370558,
    -4.22465522987948
  ],
  "1": [
    0.37357829819112776,
    0.5143124173428616,
    -0.024754975794322613,
    -0.1486106598593116,
    -1.1805148908524499,
    -1.692023425152912,
    -2.2795903640801223,
    -3.680709411294626,
    -3.8896076329389877,
    -4.247768779229971
  ],
  "2": [
    0.16158727041725063,
    -0.09770002114029724,
    0.3822871553573193,
    0.14387398852674954,
    -0.7355211381964922,
    -1.0959340198653975,
    -2.162795176791536,
    -2.7388249424524282,
    -3.351653496422005,
    -3.5423975367406766
  ],
  "3": [
    -0.7301078944534283,
    -0.7138655922264149,
    -0.012897898310739203,
    0.1329633319314367,
    0.01783127002264112,
    -0.20972815208309095,
    -1.2346958881479175,
    -1.6812085908957344,
    -2.6139197943280834,
    -2.728874521395251
  ],
  "4": [
    -1.324761868790027,
    -1.169164458380032,
    -0.5518862500235497,
    -0.05818056717253748,
    0.2519142902792023,
    -0.1309005236755498,
    -1.233963894749603,
    -1.132754844612383,
    -2.2034597955650455,
    -2.4274178518240466
  ],
  "5": [
    -2.051956245978681,
    -2.0868810603123804,
    -1.1284768496965893,
    -0.7823412321644444,
    -0.027703049685848538,
    0.636084288985775,
    -0.05322917669513065,
    -0.3745202317000114,
    -1.2024937552560138,
    -1.3756159636008318
  ],
  "6": [
    -2.882882931217657,
    -2.6922093162797305,
    -1.6195167421444339,
    -1.2894882845575266,
    -0.4389076207899175,
    -0.018069609129668013,
    0.4232510577477273,
    -0.486981631441986,
    -0.880516441556996,
    -0.8353195711267933
  ],
  "7": [
    -3.789220884806543,
    -3.3462952152169287,
    -2.699540681136181,
    -1.9744350959318524,
    -1.0103859233963324,
    -0.8412580085745636,
    0.14045073619551038,
    0.4694104374049734,
    -0.34889217314870863,
    -0.12879505420582657
  ],
  "8": [
    -4.408793433857357,
    -4.005439514075779,
    -2.9519804947829327,
    -2.8201569222268286,
    -1.49155015283508,
    -1.445985413212271,
    -0.5097002536048204,
    0.11209886237354463,
    0.7943252540875386,
    0.4460000215536556
  ],
  "9": [
    -4.3229167459105025,
    -4.939213991161949,
    -3.382945755604477,
    -3.3256604821255356,
    -1.730447040120699,
    -1.732947540232995,
    -0.79427270269565,
    -0.39447771923241326,
    0.4173569313136704,
    0.0664707443758247
  ]
}