{
  "0": [
    -0.07040966007391623,
    0.38254154063467,
    -0.5133953582058952,
    -0.9080238293573788,
    -1.6447399813875694,
    -2.434998774144163,
    -3.408392139435619,
    -4.050348093181185,
    -4.981483282064283,
    -4.735204607144125
  ],
  "1": [
    0.4019089953836904,
    0.11010257639589568,
    -0.04140731042515654,
    -0.14164416574029473,
    -1.1292422356305019,
    -1.7663607695041128,
    -2.4294888577260294,
    -3.4701814695990003,
    -3.9749026318791216,
    -3.7526686432224876
  ],
  "2": [
    -0.5229931686705904,
    -0.10449537416121507,
    0.412800081602672,
    0.05633416648246789,
    -0.6176639097699065,
    -1.023327142031139,
    -1.9386935929980338,
    -2.49545458693446,
    -3.2743150957346048,
    -3.607211301544662
  ],
  "3": [
    -0.5712182195161918,
    -0.7432029770059528,
    -0.012897898310739203,
    0.2508431510188082,
    0.024136303588398564,
    -0.19233369477717374,
    -1.2719192886894914,
    -1.4765438118014853,
    -2.683052694911396,
    -2.985107261776489
  ],
  "4": [
    -1.3542067468281962,
    -1.1411437518404046,
    -0.5412840205493227,
    -0.07934126047442362,
    0.40409579755395125,
    -0.020465613267302618,
    -0.9566458457122092,
    -1.211572825349399,
    -2.2052869256057486,
    -2.1643317673563405
  ],
  "5": [
    -2.1061208015265516,
    -1.5703242148596597,
    -1.2126845144670606,
    -0.7823412321644444,
    0.3450817901788481,
    0.04527338995702891,
    0.10584599287703483,
    -0.3745202317000114,
    -0.9672955747068364,
    -1.4481019034859743
  ],
  "6": [
    -2.6822084820454837,
    -2.864881997785069,
    -1.3540832816894233,
    -1.2049944483440347,
    -0.4389076207899175,
    -0.018069609129668013,
    0.4530518621006074,
    -0.22625999468096714,
    -0.880516441556996,
    -0.8434089094887512
  ],
  "7": [
    -3.8097148114020514,
    -3.1415878230499854,
    -2.731872119651884,
    -1.9744350959318524,
    -1.1379010857472802,
    -0.7358168934539033,
    0.14568581913712694,
    0.7280366905816641,
    -0.08628362605146467,
    -0.08722456831175257
  ],
  "8": [
    -4.321407454555823,
    -4.201098452175703,
    -3.065684516236755,
    -2.8333356853868215,
    -1.669758699750631,
    -1.3861163391111566,
    -0.5097002536048204,
    0.06558289449912681,
    0.7162676698294012,
    0.4632753044729668
  ],
  "9": [
    -4.557719988983063,
    -4.814727978363046,
    -3.692682117456732,
    -3.262590930733638,
    -1.7900357558716329,
    -1.6192244251773336,
    -0.8338179496838208,
    -0.39784332052849414,
    0.4024717924977378,
    0.0765455447379659
  ]
}