{
  "0": [
    -0.08140488061412215,
    0.23011277541792818,
    -0.5039905390706708,
    -0.9150300949973802,
    -0.7061604006059068,
    -1.296976957975425,
    -1.6648562370910431,
    -1.333070770245168,
    -2.7570685984612124,
    -2.1636034029344415
  ],
  "1": [
    0.10081365966320366,
    0.40957799005255885,
    0.13915147508383374,
    -0.15702226424124865,
    -0.21419268955643234,
    -1.0707230500247205,
    -1.4524971900020078,
    -1.811887870249767,
    -2.7324696213839017,
    -2.9503181190332053
  ],
  "2": [
    -0.27402597589949984,
    -0.0929006045526045,
    0.41450140937265273,
    0.1676339396931727,
    -0.3755051006210052,
    -0.6658367463462733,
    -0.9262051796036841,
    -0.9946822056228701,
    -1.9136578710098493,
    -1.1234099917593046
  ],
  "3": [
    -0.4400412605179869,
    -0.8841102287574167,
    0.05798386212589182,
    0.3065193264249284,
    -0.2734192000970522,
    -0.014487067695362295,
    -0.6010920279168832,
    -0.9383154364843476,
    -2.2706091765565795,
    -1.8510293078698896
  ],
  "4": [
    -0.8439170929278472,
    -0.5210841646866882,
    -0.27718773141952335,
    0.09486091153313993,
    0.203809513966255,
    0.07409198519608698,
    -0.2893988638904724,
    -0.58643992389681,
    -1.0472021902541861,
    -1.2512589546929425
  ],
  "5": [
    -0.816765646016985,
    -1.1507723489869868,
    -0.9176144829609395,
    -0.2768824863566723,
    0.23277523339219508,
    0.519539126788555,
    -0.172075241160256,
    -0.18252514272226794,
    -0.2665798590516991,
    -0.5376335111521997
  ],
  "6": [
    -1.82502281065123,
    -1.7781587471058853,
    -1.2814814227059916,
    -1.2734632810005166,
    -0.32914647486107645,
    -0.0853885219228847,
    0.4911828866393128,
    0.15936912828225164,
    -0.12762241165297716,
    -0.5001808766985921
  ],
  "7": [
    -1.9093711427315176,
    -1.5728815098868223,
    -1.507023440528707,
    -1.0627556916657677,
    -0.6030292783147779,
    -0.5268528319489468,
    0.12166199126617838,
    0.5405437021725666,
    0.11676895344290758,
    -0.022426962297545233
  ],
  "8": [
    -2.977910041894381,
    -2.605548807847111,
    -1.748288005030411,
    -0.9114984192392974,
    -1.1859741076582007,
    -0.8023570615036499,
    -0.35708949920831623,
    0.008220515775010831,
    0.16916383602262017,
    0.4403113181843543
  ],
  "9": [
    -2.463140237067025,
    -2.4305654813806643,
    -1.77073528648548,
    -1.8481150152339765,
    -0.949768968663288,
    -1.2528979101207351,
    -0.7519157988141039,
    -0.27999869445538306,
    -0.24640247119210207,
    0.4336886582395912
  ]
}