{
  "0": [
    7.9841949553213905,
    7.7547576517806185,
    7.683397510839164,
    7.71050304513682,
    7.587916166666819
  ],
  "1": [
    7.778993532161866,
    8.074396655746469,
    7.713457784078943,
    7.607368369686208,
    7.637594455661047
  ],
  "2": [
    7.984607201429723,
    8.126699771288417,
    8.177162183132017,
    8.058974956434557,
    7.552919865329757
  ],
  "3": [
    7.597531139897741,
    7.693686257369668,
    7.709654918824007,
    7.940806665582131,
    7.953988124249335
  ],
  "4": [
    7.705655310465804,
    7.595051351036041,
    7.567646289042286,
    7.769686828843627,
    7.93736379609487
  ]
}