{
  "0": [
    3.358148312004865,
    2.8752688736134018,
    3.164547984235339,
    0,
    0
  ],
  "1": [
    3.5911215402324035,
    3.266511806022907,
    3.119430702859151,
    0,
    0
  ],
  "2": [
    3.628535851907931,
    3.8099698724813216,
    3.493509330965029,
    0,
    0
  ],
  "3": [
    3.0140985075562483,
    3.0414453941514044,
    3.2406459055968333,
    0,
    0
  ],
  "4": [
    3.0779842402554767,
    3.0055770384047995,
    3.2055324851348392,
    0,
    0
  ]
}