{
  "0": [
    7.863322139958446,
    7.462573847394055,
    7.368254404734026,
    7.473443735250347,
    7.448713787334833
  ],
  "1": [
    7.628070203596511,
    8.004159933354364,
    7.502876748086728,
    7.4038298652599215,
    7.3603380363698365
  ],
  "2": [
    7.55828016945777,
    8.013366568499123,
    8.12423169835146,
    7.896231805213229,
    7.663806884032763
  ],
  "3": [
    7.319448997896491,
    7.330214936631442,
    7.7398631035422545,
    8.15274676368535,
    7.706516162263875
  ],
  "4": [
    7.4844264639440805,
    7.259947678666198,
    7.430706567668384,
    7.467273489248943,
    7.85747271977876
  ]
}