{
  "0": [
    1.7119834587917624,
    1.2462660009393731,
    1.505184825501467,
    0,
    0
  ],
  "1": [
    1.8450446616351788,
    1.173594575352058,
    1.1870529119467361,
    0,
    0
  ],
  "2": [
    1.6549386166554036,
    1.9587888686338595,
    1.7934125417198137,
    0,
    0
  ],
  "3": [
    1.2306696469444656,
    1.3088234534276766,
    1.529923055948189,
    0,
    0
  ],
  "4": [
    1.3253015414887757,
    1.2469837666028316,
    1.4534710321588877,
    0,
    0
  ]
}