{
  "0": [
    3.0153680557749407,
    2.336857756495969,
    2.4393013697438803,
    0,
    0
  ],
  "1": [
    2.744546568557596,
    2.3814784436654097,
    2.51403822141326,
    0,
    0
  ],
  "2": [
    2.668505858440541,
    2.9801841596079237,
    2.580115649962509,
    0,
    0
  ],
  "3": [
    2.3780273259090468,
    2.2976791834832095,
    2.6457774804635568,
    0,
    0
  ],
  "4": [
    2.3496667130192614,
    2.4759445811087986,
    2.678390804162736,
    0,
    0
  ]
}