{
  "0": [
    3.340260003318263,
    2.713233461594543,
    2.9803327540997095,
    0,
    0
  ],
  "1": [
    3.3560377779303456,
    2.939722301972219,
    3.016502081023934,
    0,
    0
  ],
  "2": [
    3.585439172790563,
    3.604123421406459,
    3.1336561590316157,
    0,
    0
  ],
  "3": [
    3.038822373976318,
    3.017591020654316,
    3.2271704024432197,
    0,
    0
  ],
  "4": [
    2.858929776689316,
    3.0159681566218177,
    3.2667820559110803,
    0,
    0
  ]
}