{
  "0": [
    1.8805856989307073,
    1.5197690161646367,
    1.384863206405471,
    1.4246068144993274,
    1.467178060434913
  ],
  "1": [
    1.858083838305303,
    1.9387072676426649,
    1.5193360250615306,
    1.21251288195455,
    1.3951437189151705
  ],
  "2": [
    1.2552770852654647,
    2.097631588039379,
    2.3161383375677738,
    1.7805951600337067,
    1.437360474185264
  ],
  "3": [
    1.4213670366970343,
    1.3617558107503087,
    1.4948937208242608,
    1.7343563529259105,
    1.5341115479425356
  ],
  "4": [
    1.4054563070594832,
    1.254063342565375,
    1.2730411609069745,
    1.3009458400847014,
    1.8047101219910715
  ]
}