{
  "0": [
    7.939593094135566,
    7.696396297084944,
    7.7389818997926225,
    7.638692847027615,
    7.707081586735052
  ],
  "1": [
    7.644045729920281,
    7.999156932240331,
    7.726267961589205,
    7.583527979329549,
    7.687585276250455
  ],
  "2": [
    7.769564304509168,
    8.035504492707378,
    7.967128163526285,
    7.969018057288942,
    7.478669422355657
  ],
  "3": [
    7.571536534600608,
    7.630210018133709,
    7.596592458364219,
    7.651092372914253,
    7.900721900426326
  ],
  "4": [
    7.478887720962233,
    7.545372489650392,
    7.491060797051695,
    7.520946424651705,
    7.71703736659355
  ]
}