{
  "0": [
    7.909512678370388,
    7.603977882054263,
    7.370613193140748,
    7.504429122500311,
    7.4741777572650845
  ],
  "1": [
    7.736526698025303,
    8.04335928486123,
    7.643014508493482,
    7.418194756116582,
    7.501912452095389
  ],
  "2": [
    7.875345501364032,
    7.9624093658826,
    8.45662490335774,
    7.910204659232414,
    7.646344430147043
  ],
  "3": [
    7.5839184516599865,
    7.60844957363757,
    7.813178620712963,
    7.934813359712463,
    7.885129217661705
  ],
  "4": [
    7.567734647639907,
    7.386305241099882,
    7.495385639620291,
    7.654877009529764,
    7.995001295146103
  ]
}