{
  "0": [
    8.19534797345116,
    7.716025158096581,
    7.791843659243874,
    7.755254412409519,
    7.6866072147583155
  ],
  "1": [
    7.90998584476473,
    8.263172384000482,
    7.91239654132969,
    7.866977569045665,
    7.742988495923807
  ],
  "2": [
    8.037230182123796,
    8.161578443085716,
    8.440370026614941,
    8.06440413503761,
    7.982930672929811
  ],
  "3": [
    7.694527053618786,
    7.73132575907964,
    7.874809525150053,
    8.111845542860241,
    7.942316075898006
  ],
  "4": [
    7.72892533759731,
    7.770733510138232,
    7.697343303199751,
    8.060433831061108,
    8.19190144672425
  ]
}