{
  "0": [
    0.5870626835572917,
    0.20831556538495777,
    0.20363460783106496,
    0,
    0
  ],
  "1": [
    0.8627411664911031,
    0.3160245285048564,
    0.4328101909148313,
    0,
    0
  ],
  "2": [
    1.127646148686136,
    1.205019549071082,
    1.0105770449853724,
    0,
    0
  ],
  "3": [
    0.7013228248508521,
    0.6336818674052878,
    0.8750530159149585,
    0,
    0
  ],
  "4": [
    0.6808729088493626,
    0.5994711203799029,
    0.9067505622220677,
    0,
    0
  ]
}