{
  "0": [
    2.797799578952465,
    2.2662933350635686,
    2.406211157104716,
    0,
    0
  ],
  "1": [
    2.7633241986552126,
    2.365170406441602,
    2.3793992086174556,
    0,
    0
  ],
  "2": [
    2.7524863206133903,
    2.73812860180422,
    2.420274956104434,
    0,
    0
  ],
  "3": [
    2.2818423287584713,
    2.328046526066631,
    2.4397099995257943,
    0,
    0
  ],
  "4": [
    2.3301412934697083,
    2.2611462558420348,
    2.5227184607846236,
    0,
    0
  ]
}