{
  "0": [
    2.9431008820152833,
    2.367403432062984,
    2.2864898676033922,
    2.1851769200066404,
    2.2608244699865363
  ],
  "1": [
    2.597261292128231,
    2.8788417131001087,
    2.2364623540398196,
    2.084451864845698,
    2.1059464246187947
  ],
  "2": [
    2.113032688207319,
    2.8432136841078255,
    3.318470343948236,
    2.802252571653028,
    2.7258604562684736
  ],
  "3": [
    2.1969091202216067,
    2.127086712841844,
    2.371823733783469,
    2.846170452971487,
    2.408456619203465
  ],
  "4": [
    2.2489184663870114,
    2.455541644505049,
    2.1557573059752477,
    2.2271103280292297,
    2.98174350031447
  ]
}