{
  "0": [
    10.616199342408358,
    6.886762810334487,
    5.35893254794922,
    5.915448241592248,
    6.3531618690205764,
    6.862081707584791,
    6.548355377119343,
    5.1890308396834195,
    7.854746407969593
  ],
  "1": [
    9.190271369769743,
    10.392169248458261,
    9.266648161032686,
    8.896381615559372,
    9.152403855259427,
    8.519972637977338,
    8.837768942026159,
    8.960669418186475,
    8.71985889818572
  ],
  "2": [
    9.366973361870073,
    10.501009313881852,
    8.652669299258942,
    8.806166682451222,
    8.559181895763354,
    9.087661712493674,
    8.77179825587642,
    9.430465508058663,
    8.992610837124936
  ],
  "3": [
    9.276000484386236,
    9.647820357336462,
    9.958705654475184,
    10.528833081267168,
    9.5917845110012,
    9.451504601138021,
    9.181596832609028,
    8.988326604661218,
    8.742911401630964
  ],
  "4": [
    10.092027090865823,
    10.138580629371797,
    9.910837601015503,
    10.341228926672354,
    10.568461261743627,
    10.339445989681108,
    10.149285383259134,
    10.282773942705436,
    10.060142403123205
  ],
  "5": [
    9.404911756685397,
    9.05301323283397,
    9.101995734242768,
    9.220816824859243,
    9.48151640416898,
    9.720438295971183,
    10.60722824564978,
    9.692433721216482,
    9.615250905939568
  ],
  "6": [
    8.764755556106303,
    7.954187051400173,
    8.437555441325046,
    8.596912940402913,
    8.620531390676206,
    8.676741863055456,
    9.236485688739322,
    10.559016188265858,
    9.33518524676975
  ],
  "7": [
    8.811903110557587,
    8.819365283606793,
    8.963008624805033,
    8.912234327854591,
    8.7601326881604,
    8.941364758088174,
    9.106656497516727,
    9.068019959650185,
    10.251725496883164
  ],
  "8": [
    6.116116208385024,
    7.582472557859192,
    8.065591325796719,
    8.515501014200831,
    8.011092702525108,
    8.52317968751016,
    8.501716777418551,
    7.541476243088527,
    10.393299575884498
  ]
}