{
  "0": [
    8.023987841860428,
    7.798212185916316,
    7.873452919240392,
    7.8307662390321955,
    7.834037520324015
  ],
  "1": [
    8.148976362983536,
    7.97080059082472,
    7.767835739091862,
    7.886042731165495,
    7.679538571968495
  ],
  "2": [
    8.078166021513944,
    8.230092042795114,
    8.500820285440701,
    8.220014180211471,
    7.968520966617167
  ],
  "3": [
    7.839661318551812,
    7.7197509061893,
    7.918736752474804,
    8.107491255997552,
    7.939750324720001
  ],
  "4": [
    7.7882820130619566,
    7.989280478942576,
    7.865651351720017,
    7.931671154717414,
    8.205847664567843
  ]
}