{
  "0": [
    8.017199660599104,
    7.673118993996102,
    7.5756568176035435,
    7.585740158833509,
    7.649950160571375
  ],
  "1": [
    7.929619893810337,
    7.70781091097861,
    7.56803628325903,
    7.549797524447733,
    7.5137112907638075
  ],
  "2": [
    7.68115228081872,
    7.927873905786016,
    8.13188097967093,
    7.850934807592116,
    7.480553705468418
  ],
  "3": [
    7.351425449199089,
    7.522517745857353,
    7.579167739271309,
    7.911915113233473,
    7.690595793661537
  ],
  "4": [
    7.41777576335617,
    7.451968221739621,
    7.512374306174642,
    7.583588126572437,
    7.911001229114161
  ]
}