{
  "0": [
    1.995521623023117,
    0.9649249214839749,
    0.8028020174307522,
    0.8797490028942772,
    0.3832124644352882,
    0.8174523778777463,
    0.49984671138582293,
    0.888386744844031,
    0.8005724783226185
  ],
  "1": [
    1.312683170324966,
    2.181781099260414,
    0.8734930194620868,
    0.746110688437867,
    0.9767065611148903,
    0.7176221890658744,
    0.8263003945442041,
    0.811002657892958,
    1.1307330958091875
  ],
  "2": [
    1.299042245841226,
    2.2341178301459026,
    1.2692074141845369,
    0.8672199855903306,
    0.9476118372257515,
    1.058977613464232,
    0.8683980993258131,
    0.9367867025506283,
    0.8782105979140694
  ],
  "3": [
    0.813818357066719,
    1.0678467876173987,
    1.2806869244758914,
    2.1004066370241623,
    0.8044532159875821,
    0.6367188166399471,
    0.8111381476625272,
    1.2441450837347405,
    0.9523031119645434
  ],
  "4": [
    1.940518512722473,
    1.7699705960471084,
    1.4368994894720681,
    2.1510867116218484,
    2.57992532926674,
    1.8393035183900002,
    1.9519325629981183,
    1.7761330029769289,
    1.641301403057803
  ],
  "5": [
    0.6457194650038345,
    1.13931890510147,
    0.7594712627113864,
    1.1895462086471584,
    1.3745382366459324,
    1.0863417246090685,
    2.1188894220605183,
    1.2739509008673076,
    1.2548759245985348
  ],
  "6": [
    0.6424689053122016,
    0.9635093483105334,
    0.8074567838563991,
    1.0599004385789295,
    1.1115069314348627,
    0.5793426430575934,
    1.332567511184477,
    2.4007380088788097,
    1.054895185949538
  ],
  "7": [
    1.0562872287751666,
    0.8087905198276097,
    1.190257148928418,
    0.6275602986116031,
    0.6548002839640646,
    0.6797157161486653,
    1.1804498317495133,
    1.161522620316507,
    1.9600593967670066
  ],
  "8": [
    0.865621051549673,
    0.6486839965077962,
    0.8093589946370454,
    0.7443484191624127,
    0.7699931580684285,
    0.9750386195103908,
    0.9426440589724493,
    0.7555933815524938,
    2.302184814715859
  ]
}