{
  "0": [
    7.394495543326991,
    7.1682442422570904,
    6.866944123135256,
    6.735236144348926,
    6.793543488254844
  ],
  "1": [
    7.183723501953998,
    7.483489932098708,
    6.9555037796008445,
    7.057216120070224,
    6.751308267108467
  ],
  "2": [
    7.206161676407463,
    7.230504411876533,
    7.846860194019128,
    7.511111489837125,
    7.095742491665684
  ],
  "3": [
    6.813484753002817,
    6.641067002967615,
    7.202635038180826,
    7.618416297681284,
    7.182986865585354
  ],
  "4": [
    6.737500995895066,
    6.526984797520703,
    6.8935863468466465,
    6.863097170952636,
    7.5387873080194066
  ]
}