{
  "0": [
    6.434666550738212,
    5.759453840711794,
    5.909140322747448,
    5.662417417597659,
    5.801206381269557
  ],
  "1": [
    6.111318119226291,
    6.6255514792506585,
    5.960516398468819,
    5.767625338592998,
    5.789542720682295
  ],
  "2": [
    6.118180321684323,
    6.254554307221153,
    6.901857902668097,
    6.361994457666664,
    6.038051070973476
  ],
  "3": [
    5.9404877398748965,
    5.911354730678093,
    5.744349034325179,
    6.781387648393136,
    6.151893830931046
  ],
  "4": [
    5.888818322423047,
    5.730771707293713,
    5.938545154071827,
    5.912508514942964,
    6.6234562150949525
  ]
}