{
  "0": [
    1.2382360306826112,
    0.8374051424138456,
    0.8701382866183497,
    0.8807045488729784,
    0.8373342172337069
  ],
  "1": [
    0.951936179299522,
    1.14031102909996,
    0.7683952925053074,
    0.7192311537036508,
    0.7907827730279966
  ],
  "2": [
    0.7951300375735671,
    1.2672578698716976,
    1.3881212035007313,
    1.2250992854767593,
    0.963562546836548
  ],
  "3": [
    0.5632687521759077,
    0.9833933524627495,
    0.9937740131812037,
    1.10393576482772,
    0.9252220792281095
  ],
  "4": [
    0.73826211456291,
    0.7645622673065415,
    0.7629071782063209,
    0.7776687704878085,
    1.0347526411379
  ]
}