{
  "0": [
    7.396226099554729,
    7.355234331804018,
    7.135357505266724,
    6.903754639407518,
    6.9460829107718975
  ],
  "1": [
    7.245799943666408,
    7.373603809660585,
    7.279348214418563,
    7.190931642857503,
    6.955334571388445
  ],
  "2": [
    7.187347001558822,
    7.470582158037951,
    7.725412917236413,
    7.607470255009243,
    7.32990618570851
  ],
  "3": [
    6.998004678797335,
    7.127401542127792,
    7.332339797531187,
    7.629461628380118,
    7.441268628774482
  ],
  "4": [
    7.103620425705242,
    6.90363382679813,
    7.063958051666283,
    6.910545997123839,
    7.597331961752638
  ]
}