{
  "0": [
    1.6089428965611978,
    0.9100903106283967,
    1.3219063030125453,
    0,
    0
  ],
  "1": [
    1.6502668879564917,
    1.0550335077309476,
    1.1019022908121434,
    0,
    0
  ],
  "2": [
    1.4843455850924216,
    1.5823093049541865,
    1.59019235921203,
    0,
    0
  ],
  "3": [
    1.1309526438458046,
    1.0782348767457797,
    1.2262074870785888,
    0,
    0
  ],
  "4": [
    1.0264742840638454,
    1.0756646740380766,
    1.226914644907446,
    0,
    0
  ]
}