{
  "0": [
    11.173032528055149,
    7.990729931737853,
    7.46713319106583,
    8.111928476900488,
    7.185455289082197,
    7.908101060284555,
    7.7045487590833925,
    6.635638585518985,
    9.24613473845673
  ],
  "1": [
    10.401504122685544,
    11.452395784395522,
    10.524669806131328,
    10.406797058369515,
    10.420266131211172,
    9.976447197763488,
    10.251196711925603,
    10.368306726358089,
    10.286710387815885
  ],
  "2": [
    10.409462515504213,
    11.55656593537742,
    10.47912693470736,
    10.3518957134857,
    10.088628611125008,
    10.422758826730025,
    10.474190925100647,
    10.4557980580716,
    10.299455336296337
  ],
  "3": [
    10.850307567792862,
    10.854912131759956,
    11.508486789231721,
    10.96548025687037,
    10.620964539042946,
    10.563501173590147,
    10.653606884965008,
    10.643374241705965,
    10.448938377737933
  ],
  "4": [
    11.034767661743775,
    10.994656330519495,
    10.994186954772555,
    11.170790819512884,
    11.648734473311293,
    11.23738022866387,
    11.069802644638244,
    11.012177858584707,
    10.979039179156107
  ],
  "5": [
    10.554606075630646,
    10.646463523300227,
    10.584424583339473,
    10.595905903975055,
    10.618269698851366,
    11.157293498166885,
    11.666728344862301,
    10.949776470468157,
    10.769832281667359
  ],
  "6": [
    10.08402444651816,
    10.320331379327472,
    10.229693240356847,
    10.269500635656044,
    10.43571505327327,
    10.634674894057166,
    10.739665708538219,
    11.570188199496814,
    10.422105754788927
  ],
  "7": [
    10.286399281642117,
    10.284033474953063,
    10.33058632398351,
    10.018849162210678,
    10.301158788225175,
    10.291085847733966,
    10.364459708461833,
    10.507767712009926,
    11.214936958942312
  ],
  "8": [
    8.424003133102918,
    7.819363247655603,
    9.704447649560725,
    9.790889301466713,
    10.186782702780626,
    9.948686170744637,
    10.098702187395933,
    10.155168582388141,
    11.322664847546863
  ]
}