{
  "0": [
    4.733208303329784,
    4.0180065114264565,
    4.122298640777931,
    4.006028765356223,
    3.9601386167226402
  ],
  "1": [
    4.274988658299554,
    4.898565744470633,
    3.8517012653201905,
    4.026192989278754,
    4.030490561832785
  ],
  "2": [
    3.6308368950669263,
    4.5957368246047245,
    4.970944760556624,
    4.253456575785463,
    4.173741455253767
  ],
  "3": [
    3.947031518170645,
    3.8717930838085337,
    3.969557384018566,
    4.733794249979337,
    4.571801565261604
  ],
  "4": [
    3.977521035169343,
    4.081807206888391,
    4.046265065804758,
    4.0865177826226144,
    4.8006239097096834
  ]
}