{
  "0": [
    7.999102753528529,
    7.676879616317917,
    7.711998383181104,
    7.714670772627455,
    7.635090375251302
  ],
  "1": [
    7.829987275410697,
    8.14108719650733,
    7.79702726325499,
    7.739540903088419,
    7.6492880102014364
  ],
  "2": [
    7.68384601871823,
    8.222471901519881,
    8.301167039708771,
    8.122385435637065,
    7.910600091829607
  ],
  "3": [
    7.506795701513994,
    7.65377745221769,
    7.772843593280034,
    7.938961840023937,
    7.879632397588935
  ],
  "4": [
    7.755990296573932,
    7.715109708252312,
    7.650611580504155,
    7.768855335538693,
    8.011670264814514
  ]
}