{
  "0": [
    7.901350242125072,
    7.788375519526333,
    7.610120087116451,
    7.682290710080755,
    7.79457235018891
  ],
  "1": [
    7.82515013104922,
    7.957591204747198,
    7.7933973666822585,
    7.902838263380302,
    7.670098600460553
  ],
  "2": [
    8.111871906567163,
    8.091637687774295,
    8.209908204600666,
    8.065997590652838,
    7.742902704392513
  ],
  "3": [
    7.669425790001026,
    7.68341500831187,
    7.6488802519485315,
    7.771681174069869,
    7.657876276936591
  ],
  "4": [
    7.519298139667206,
    7.835753345039617,
    7.738238210651627,
    7.759081435769903,
    7.973385957917633
  ]
}