{
  "0": [
    4.024322354255193,
    1.5415710565477874,
    0.8028020174307522,
    1.6229581715992778,
    1.700026192919345,
    1.6101602947735913,
    0.7980897376898668,
    1.3112313277707086,
    1.54110476901234
  ],
  "1": [
    2.98599937496508,
    4.107355272190581,
    2.277716262803545,
    2.7440072697476987,
    2.0233901824390634,
    2.077598100418013,
    1.9304574513755597,
    1.8781733300369428,
    2.1031918141624537
  ],
  "2": [
    3.0262316465731245,
    4.350361192036592,
    2.5677607995401073,
    2.6821408997221874,
    2.7754970788254614,
    2.0495125687412363,
    2.2975405724229994,
    1.749526975439339,
    2.1538225658937957
  ],
  "3": [
    2.717207050405411,
    2.732731822374434,
    2.3834728463049517,
    4.160293396831674,
    2.531404991327799,
    2.610546876218434,
    2.42651438908701,
    2.7805395695027633,
    2.4497068581677497
  ],
  "4": [
    3.238181164602362,
    3.169649968876584,
    3.754637062718622,
    3.7797543793445416,
    4.512832932629032,
    3.615496879485306,
    3.3694251054688964,
    3.4322123755498493,
    3.2149271649191418
  ],
  "5": [
    2.2415238736836955,
    2.4732822059586335,
    2.292504978985008,
    2.466228201581595,
    2.4460451054374857,
    2.574018261995087,
    4.308092864506236,
    3.613970867329738,
    2.974215585748602
  ],
  "6": [
    1.6485013840862344,
    1.9877098415571368,
    1.763700251709917,
    1.958976582207911,
    2.061726720542742,
    2.526923304075637,
    2.5445565814848377,
    4.286160380285006,
    2.5670043317600624
  ],
  "7": [
    2.4453504821605216,
    2.5683470660632812,
    2.4079633673699994,
    2.373618288867469,
    1.8824676720046964,
    2.8750126192910765,
    2.3547552675861567,
    2.5954593763382587,
    3.928386583374124
  ],
  "8": [
    1.5858836826902425,
    1.4756240499315028,
    2.3536288043517355,
    1.5853900914926977,
    1.3233023088357907,
    1.9847622127984583,
    1.8469291900746323,
    2.5430319411117113,
    4.033636696853467
  ]
}