{
  "0": [
    1.973045147555207,
    1.5855742758058267,
    1.6977230885954413,
    0,
    0
  ],
  "1": [
    1.9783367065772122,
    1.7414672021686888,
    1.5747201863973417,
    0,
    0
  ],
  "2": [
    1.9866857430829288,
    2.1646804613084774,
    2.0178376900538475,
    0,
    0
  ],
  "3": [
    1.6584190035115773,
    1.8172571746156594,
    2.0982183349290096,
    0,
    0
  ],
  "4": [
    1.7141626091823705,
    1.8212956086596546,
    1.8696436627854194,
    0,
    0
  ]
}