{
  "0": [
    11.072486238969347,
    7.5857396783593725,
    7.093251379417893,
    7.831689620385959,
    7.185455289082197,
    7.908101060284555,
    7.7045487590833925,
    6.635638585518985,
    8.889272088287969
  ],
  "1": [
    10.279526390941326,
    11.17550343352454,
    10.337587503238822,
    10.406797058369515,
    10.368867052522052,
    9.480365508700835,
    10.073864815141217,
    10.283438892268704,
    10.131701111316152
  ],
  "2": [
    10.409462515504213,
    11.209969682422285,
    10.290313622882557,
    10.196106188627107,
    9.753478442936126,
    10.385156096342087,
    10.344497008451928,
    10.411525591971362,
    10.000788575131576
  ],
  "3": [
    10.706279077828327,
    10.76084085589767,
    11.26575975340538,
    10.837157301304481,
    10.539498720961275,
    10.538944078492621,
    10.589529083626912,
    10.61481259537357,
    10.448938377737933
  ],
  "4": [
    10.881259832836758,
    10.999546672035482,
    10.887777014391203,
    11.049835467085394,
    11.052305581507047,
    11.152594424029205,
    11.01044558764219,
    10.925404959246986,
    10.90582341543329
  ],
  "5": [
    10.493023483741204,
    10.587657074116064,
    10.575113985082087,
    10.52626716814184,
    10.595550209032307,
    11.144289443567251,
    11.274969339436483,
    10.836731310609569,
    10.695228162728219
  ],
  "6": [
    9.925387847773287,
    10.118868736132171,
    10.19035443000596,
    10.115471946249505,
    10.361393870913385,
    10.605138440361724,
    10.670787538160008,
    11.231125984546068,
    10.076607672179339
  ],
  "7": [
    10.184550137112131,
    10.221397861659032,
    10.273830817126905,
    9.952327945104976,
    10.06900801476251,
    10.186644685301657,
    10.364459708461833,
    10.287352072736534,
    10.839523611214238
  ],
  "8": [
    8.424003133102918,
    7.819363247655603,
    9.704447649560725,
    9.565144066091749,
    9.915684706048243,
    9.71016755533238,
    10.03580655301338,
    10.018138412846405,
    11.123373747064454
  ]
}