{
  "0": [
    7.947374660699185,
    7.347311241742628,
    7.2124190259098135,
    7.10008265382332,
    7.256716607452711
  ],
  "1": [
    7.387581287068143,
    7.765535207503841,
    7.352319196005293,
    7.321158805497335,
    7.161752456120485
  ],
  "2": [
    7.209542803106895,
    7.803523752112607,
    8.066838860139907,
    7.622106386813513,
    7.4467900938988425
  ],
  "3": [
    7.1603733177459095,
    7.2297547691204,
    7.351425028309753,
    7.8652038959191835,
    7.516876013195885
  ],
  "4": [
    7.149821029959155,
    7.047072235189291,
    7.080000254995287,
    7.237946790941917,
    7.859838813220452
  ]
}