{
  "0": [
    8.173877238586812,
    7.80786269228559,
    7.5556427006673275,
    7.73058918601696,
    7.572929597183166
  ],
  "1": [
    7.967651085854738,
    8.189428759671141,
    7.813478715916842,
    7.854587307854387,
    7.629286214091799
  ],
  "2": [
    7.825047987630142,
    8.13802026901759,
    8.324861686712367,
    8.38076784019592,
    7.923842408107965
  ],
  "3": [
    7.63983049088429,
    7.663037135061549,
    7.853446504212522,
    7.963959420133228,
    8.139919436566812
  ],
  "4": [
    7.667572861704846,
    7.799163371524041,
    7.661013075209579,
    7.851540010416777,
    8.206755459057886
  ]
}