{
  "0": [
    2.0621351445893428,
    1.7177594297416974,
    1.9371911031522304,
    0,
    0
  ],
  "1": [
    2.2853597526096094,
    2.045565800507776,
    1.800882620811773,
    0,
    0
  ],
  "2": [
    2.3933666782679683,
    2.3299819066209944,
    2.158568993372496,
    0,
    0
  ],
  "3": [
    1.9397788521607875,
    2.0681633422551933,
    2.316482722354305,
    0,
    0
  ],
  "4": [
    1.7972669109018495,
    1.8969684486759997,
    2.0899126834338793,
    0,
    0
  ]
}