{
  "0": [
    1.8883543306352797,
    1.3558313036576335,
    1.4198946032365871,
    0,
    0
  ],
  "1": [
    1.6625764429132774,
    1.4703947818127212,
    1.4706918269504456,
    0,
    0
  ],
  "2": [
    1.7900589211030624,
    1.8541393872455776,
    1.6068732832215522,
    0,
    0
  ],
  "3": [
    1.346722119892652,
    1.3732056472998706,
    1.5880160413048316,
    0,
    0
  ],
  "4": [
    1.3213576543191752,
    1.594666342354575,
    1.6647868439943194,
    0,
    0
  ]
}