{
  "0": [
    3.6019175688770675,
    2.864683275887163,
    2.984886850624974,
    3.036968430871141,
    2.931434169783841
  ],
  "1": [
    3.0566363746686545,
    3.678634591463225,
    2.8540057808633867,
    2.8589827172803894,
    3.076957689744394
  ],
  "2": [
    3.1164259015307607,
    3.5776337508308016,
    3.840659562506447,
    3.321809840881926,
    3.357149398698858
  ],
  "3": [
    2.9377664463326294,
    2.719503002255134,
    3.066121708608502,
    3.7678670993862564,
    3.066067713939355
  ],
  "4": [
    2.912548637309212,
    3.0852041320882186,
    2.939426640213534,
    3.2338896616508617,
    3.7536905423452422
  ]
}