{
  "0": [
    0.6979164427280563,
    0.1496514230549173,
    0.15553689372084978,
    0.2876582533132147,
    0.23265376648891548
  ],
  "1": [
    0.5522331250033243,
    0.5363474829243043,
    0.28303373531599735,
    0.13369456815711403,
    0.3706509732393802
  ],
  "2": [
    0.3212658913600637,
    0.5953315117528007,
    0.9132212031426515,
    0.7132603676288617,
    0.3578642598038041
  ],
  "3": [
    0.22253759614333685,
    0.26301812899192856,
    0.15889658521345484,
    0.686238857208664,
    0.4107878541925054
  ],
  "4": [
    0.1953183988809884,
    0.1965261907359892,
    0.20655671350067292,
    0.21558899041385637,
    0.47785955020274273
  ]
}