{
  "0": [
    7.043655720184174,
    6.46943592854944,
    6.41815765080928,
    6.270613152220323,
    6.302476355158081
  ],
  "1": [
    6.475944114373595,
    6.942703971137201,
    6.524064237072523,
    6.492251455752109,
    6.139390147838539
  ],
  "2": [
    6.590644224364991,
    6.852753152046766,
    7.319729203321587,
    6.791900473650431,
    6.549055100947875
  ],
  "3": [
    6.3464823464946996,
    6.414672868997036,
    6.452011510445445,
    6.932274118753208,
    6.607522441909713
  ],
  "4": [
    6.379865068516663,
    6.444517510715791,
    6.472376900866173,
    6.429832204662642,
    7.150711247823958
  ]
}