{
  "0": [
    5.5492263005809,
    4.8634598073090025,
    4.90517047708089,
    4.719605407053151,
    4.717826144039233
  ],
  "1": [
    5.00216949638936,
    5.524833697305365,
    4.700639679703098,
    4.686836891731285,
    4.808214619757575
  ],
  "2": [
    4.880648753103027,
    5.04040071852971,
    5.735266316986612,
    5.237406242129238,
    5.055745868422944
  ],
  "3": [
    4.672866861268974,
    4.790268744458265,
    4.524300700355859,
    5.484166450984378,
    5.187832840762977
  ],
  "4": [
    4.642908650178431,
    4.5818222598619,
    4.7443806172647855,
    4.915932041897113,
    5.563965545269579
  ]
}