{
  "0": [
    8.312617790181825,
    7.908419950703008,
    8.03290263203763,
    7.724260924730075,
    7.756168993470723
  ],
  "1": [
    8.113035642062083,
    8.083223493825235,
    7.817080724160068,
    7.9608660905110895,
    7.756955290158311
  ],
  "2": [
    7.978958299012594,
    8.409869944434414,
    8.56719174987771,
    8.148275645268315,
    7.983318732972068
  ],
  "3": [
    7.712865083930566,
    7.709712617888521,
    7.969650977447465,
    8.185497343513312,
    7.951655362281704
  ],
  "4": [
    7.7912090635014595,
    7.911559935073763,
    7.868157436949355,
    7.964203487064301,
    8.027706664795039
  ]
}