{
  "0": [
    2.383601000547735,
    1.9393249045191723,
    2.0759119736790095,
    0,
    0
  ],
  "1": [
    2.352159495501075,
    2.2489263404451343,
    2.034919286431967,
    0,
    0
  ],
  "2": [
    2.428698723969922,
    2.427691563273015,
    2.182527439967252,
    0,
    0
  ],
  "3": [
    2.1079377517857156,
    2.1792893909824333,
    2.336308295544254,
    0,
    0
  ],
  "4": [
    1.9012435998057924,
    2.0032114371792287,
    2.304361220236952,
    0,
    0
  ]
}