{
  "0": [
    6.052654274419702,
    5.5872767698643955,
    5.3750980232022165,
    5.299431490624719,
    5.363465043274845
  ],
  "1": [
    5.936146895452175,
    6.000160774738574,
    5.373498309451367,
    5.452580785559996,
    5.339330668380509
  ],
  "2": [
    5.818890302714406,
    5.575725019525958,
    6.319530881141935,
    5.871506798978558,
    5.549673143386733
  ],
  "3": [
    5.362225898548012,
    5.57155963151316,
    5.225968352761968,
    5.993420865403087,
    5.66502813365921
  ],
  "4": [
    5.34895589983493,
    5.463905926812088,
    5.354751397144543,
    5.680174117863436,
    6.0840936301260875
  ]
}