{
  "0": [
    3.222960495674598,
    2.3745708516922295,
    2.779062293952233,
    0,
    0
  ],
  "1": [
    3.329516071039633,
    2.7555227335116417,
    2.7765851627028053,
    0,
    0
  ],
  "2": [
    3.378841437443933,
    3.5072354976273106,
    2.9849773592751876,
    0,
    0
  ],
  "3": [
    2.4963119666062616,
    2.925970882069595,
    3.233672816200863,
    0,
    0
  ],
  "4": [
    2.883875738161744,
    2.8640217068955494,
    2.9083978926139427,
    0,
    0
  ]
}