{
  "0": [
    0.2962259143244002,
    -0.01238464663425962,
    0.08442465384518466,
    0,
    0
  ],
  "1": [
    0.38812937748735177,
    0.024685588717124732,
    0.2093630783706575,
    0,
    0
  ],
  "2": [
    0.5068171921788436,
    0.7459013009933776,
    0.5283281209366444,
    0,
    0
  ],
  "3": [
    0.2532846535680775,
    0.22725041007154573,
    0.7055278490332322,
    0,
    0
  ],
  "4": [
    0.15484824068130132,
    0.18867212594573957,
    0.3523473348802983,
    0,
    0
  ]
}