{
  "0": [
    0.3078627136021688,
    0.750751439953536,
    0.29203179107589083,
    0.32199011002334316,
    0.281773674313037,
    0.23430299778892277,
    0.2212673996781382,
    0.0580877112264246,
    0.34103277662491316,
    0.08905541576577605
  ],
  "1": [
    0.5370691025701804,
    0.4185513475178268,
    0.3438426244390901,
    0.27546917169414853,
    0.09980099894388032,
    0.2492770238804765,
    0.21573386117883445,
    0.13730111007961077,
    0.05631026270493897,
    0.020803970049189976
  ],
  "2": [
    0.37543150085788374,
    0.5182650221336722,
    0.440651981465086,
    0.4237426779308011,
    0.39281590555547286,
    0.3966313216345377,
    0.19335904460086945,
    0.24254988174200226,
    0.34540858586688516,
    0.3225650020853292
  ],
  "3": [
    0.20617404902833747,
    0.36150292311550253,
    0.9254686842934446,
    0.5308677797645064,
    0.5535412459369611,
    0.22105749719082737,
    0.30602998760956257,
    0.4530236972432451,
    0.5456193193075844,
    0.3128186285468884
  ],
  "4": [
    0.23959646493643305,
    0.44518770054860224,
    0.06017916120230042,
    0.5353274530191645,
    0.5081517904842772,
    0.7492292877822815,
    0.37556751916832537,
    0.44564851397814903,
    0.3774454094145196,
    0.4916646276084656
  ],
  "5": [
    0.3341518965846673,
    0.3787984167768494,
    0.4014847412973203,
    0.36894422478134037,
    0.5720759927691522,
    0.6611725568205555,
    0.5934261594825339,
    0.3718286573533346,
    0.36247767914030465,
    0.4583052120571083
  ],
  "6": [
    0.1417928287761432,
    0.3910867651411797,
    0.31051401167863024,
    0.44925505779934755,
    0.545104766286887,
    0.7583254487064675,
    0.522500283395756,
    0.5005203744845088,
    0.34437720260607635,
    0.39824014245890865
  ],
  "7": [
    0.4829507266716711,
    0.3843001237605375,
    0.2859039714100751,
    -0.0095422491388433,
    0.39430647391079987,
    0.37085946588473356,
    0.45939550789797046,
    0.628009871435785,
    0.4984361862036142,
    0.5037989110486226
  ],
  "8": [
    0.11653168467255874,
    0.33932446605868083,
    0.3343833160011047,
    0.10088732929479723,
    0.4637848131336786,
    0.42956132621690196,
    0.42274936698295545,
    0.47518675106893893,
    0.4999862123284193,
    0.6076986026661311
  ],
  "9": [
    0.18622326952430285,
    0.26175110003703034,
    0.23729463153765978,
    0.10615668079115743,
    0.28607794026234956,
    0.2634165548869719,
    0.2925740211585094,
    0.351678222681084,
    0.40599136398935737,
    0.7224338692900256
  ],
  "-1": [
    0.4666036542999234,
    0.475521613761038,
    0.47264895812918917,
    0.523864017857767,
    0.4639764070366982,
    0.45309692251297584,
    0.48730411843101895,
    0.4643952925672862,
    0.484940165332834,
    0.47264493099178073
  ]
}