{
  "0": [
    0.4249825492741891,
    0.8592739323815266,
    0.3663677818257503,
    0.42274863112665834,
    0.3100961182049415,
    0.24604759355993527,
    0.1651008925549684,
    0.06611435497235259,
    0.30721667154798765,
    0.1034572881946557
  ],
  "1": [
    0.33534366498825247,
    0.5807616323893345,
    0.2541391323366663,
    0.28036585659181984,
    0.10458602000731203,
    0.13267407941633763,
    0.02313074728701542,
    0.12530816427544442,
    -0.008014826821561835,
    0.2095432146530217
  ],
  "2": [
    0.44906729861259964,
    0.41694282980707636,
    0.4542194028906509,
    0.46534999484437245,
    0.19806895253086743,
    0.310638544325614,
    0.35694596873611273,
    0.244722019722625,
    0.44781933729121787,
    0.3474370096014809
  ],
  "3": [
    0.08142205882347331,
    0.21882493867387348,
    0.540993867484315,
    0.4792990777175025,
    0.49954671254118493,
    0.3496667932018729,
    0.3521458599582226,
    0.4834907167458715,
    0.43226790926977626,
    0.11950034110473702
  ],
  "4": [
    0.14920737846905507,
    0.30993730004261694,
    0.11258875088028444,
    0.5104745502117468,
    0.6362545648138288,
    0.4301899089917749,
    0.06672846135596727,
    0.3290076863932294,
    0.20511936592297894,
    0.23335463651064017
  ],
  "5": [
    0.3033374160211675,
    0.29910363151739683,
    0.4111057416452623,
    0.09484831730142132,
    0.4903044313398549,
    0.5416896700504811,
    0.6179422134072383,
    0.27573972896661014,
    0.11148732069845854,
    0.38991915876034117
  ],
  "6": [
    0.17591086755589455,
    0.2727320421386056,
    0.3134178292862734,
    0.35402568255723416,
    0.14651157059250453,
    0.41050453295627537,
    0.6304537695263577,
    0.44464995202102686,
    0.1750154758651505,
    0.2544781557121252
  ],
  "7": [
    0.562303504266285,
    0.24527296719815456,
    0.14775794850597523,
    0.07774739879626208,
    0.21495568230042525,
    0.3427730465446668,
    0.42209415276987894,
    0.47394533411919915,
    0.7504822908880939,
    0.550177467105687
  ],
  "8": [
    0.1185474547262633,
    0.3874623394502933,
    0.20528597667607185,
    0.13081451400491118,
    0.35311557032234964,
    0.1166510810263458,
    0.46347516706627007,
    0.6946983669268116,
    0.43865011909370966,
    0.5302516658382656
  ],
  "9": [
    0.19928844746488095,
    0.2339174838773801,
    0.19686499139834487,
    0.16902369678353002,
    0.30344374639134136,
    0.27629689362554083,
    0.36172052098261287,
    0.2948647432802415,
    0.4649800150323074,
    0.48315308473796226
  ],
  "-1": [
    0.46027393444168574,
    0.4954954550128633,
    0.4659150571745987,
    0.45618892260860594,
    0.4671225421513863,
    0.46989496962583116,
    0.4617322392908856,
    0.46795114962473816,
    0.45674681361978753,
    0.4466960259886873
  ]
}