{
  "0": [
    0.2595244263795297,
    0.14854982050380366,
    0.21196061685973067,
    0.17446211923378716,
    -0.03927054400602484,
    0.10403363422468492,
    0.04110758956326253,
    0.059369617976006976,
    0.15277338151905565,
    -0.03566421511893754
  ],
  "1": [
    0.21401256529767884,
    0.439171248398589,
    0.2541391323366663,
    0.18323638915562665,
    -0.013385721455710695,
    0.0327838832396879,
    -0.21986680733530584,
    0.03204626203057365,
    -0.05586641595500419,
    -0.010963664432852738
  ],
  "2": [
    0.6315114503575828,
    0.5834679693272519,
    0.5102658293104363,
    0.3640174345663915,
    0.226890097706196,
    0.16635119371876395,
    0.14529914499761026,
    0.23324136540966406,
    0.3116854567264073,
    0.2822880546318721
  ],
  "3": [
    0.17112290713535977,
    0.5145641068269134,
    0.582314368299151,
    0.6009419049049032,
    0.39144707920599575,
    0.37542378725107173,
    0.22404902390799128,
    0.43342240742368054,
    0.5123206260412287,
    0.3294641777363633
  ],
  "4": [
    0.16590309775414863,
    0.25671265012702654,
    0.07307146174391861,
    0.3953649924720015,
    0.447964066366364,
    0.39811228519631786,
    -0.025081240446973158,
    0.37370033258242447,
    0.08083120916146298,
    0.15777463348817283
  ],
  "5": [
    0.19955675329554315,
    0.15662336408036842,
    -0.002421283797360882,
    0.014768789694344711,
    0.3531141308316898,
    0.5649432144818958,
    0.417806202787092,
    0.15258443082897927,
    0.19945246405230452,
    0.34537665253161837
  ],
  "6": [
    0.12756424748380804,
    0.17621198813122546,
    0.23437821102603065,
    0.3080241393950961,
    0.18712944218956554,
    0.34839633317680896,
    0.5083724186331435,
    0.4264349977866121,
    0.0877440233958923,
    0.24612013085870588
  ],
  "7": [
    0.3306472137922152,
    0.09725059174577262,
    0.12841916879233417,
    0.04080489514966999,
    0.274406284052766,
    0.18296345438475686,
    0.5060904554390947,
    0.38022535831858484,
    0.41357358305126624,
    0.36380205601449833
  ],
  "8": [
    -0.022178041416512376,
    0.16405268132182627,
    0.18376972180711376,
    0.12398212805971584,
    0.20907069491886368,
    0.06767398682508581,
    0.4167805730075591,
    0.719958506598402,
    0.45177745960736715,
    0.4645453951676303
  ],
  "9": [
    0.09811961254201898,
    0.12616535192848133,
    0.13282249985803074,
    0.14059708488155534,
    0.07762039945641086,
    -0.009740948848748626,
    0.19418871259947923,
    0.22714415416672018,
    0.2573037129558762,
    0.586827467015817
  ],
  "-1": [
    0.406506717672233,
    0.3867790300287845,
    0.38910702867387736,
    0.46381422803050004,
    0.3905748062539744,
    0.3914599025040395,
    0.38309831355987933,
    0.3808898367489489,
    0.3790445791749979,
    0.38123690196033827
  ]
}