{
  "0": [
    0.08810329325214168,
    0.0001265120893256584,
    0.19274058399848196,
    0.0010046273661579958,
    -0.05358397741615152,
    0.0014056898813962044,
    -0.050266387007331034,
    -0.08207070360730725,
    0.009902200763724101,
    -0.04442410987028296
  ],
  "1": [
    0.06276327514721058,
    0.03602192841873383,
    -0.17216579110386807,
    -0.06264826528994835,
    0.010317037542793544,
    -0.07409541623471738,
    -0.02388123580343448,
    -0.10518117024431213,
    0.0176814644591614,
    -0.2027008773453131
  ],
  "2": [
    0.010618574935923294,
    0.11447991824168262,
    0.04064645839407706,
    0.11507600904024609,
    0.12256827693307903,
    -0.04833518721059626,
    0.029085608636779295,
    -0.012906253014480111,
    -0.32358547900419254,
    -0.16626094108326214
  ],
  "3": [
    0.009860713529823636,
    -0.1346140083848017,
    0.12667958585144806,
    0.11120914455076755,
    0.02473921216116863,
    -0.021381767867330072,
    -0.11268417938603423,
    0.015740494125215703,
    -0.0751377061859316,
    -0.04624500978249155
  ],
  "4": [
    -0.18315835204986575,
    -0.16679602591577602,
    -0.06969592429789623,
    0.003898749447719426,
    0.06058937434527684,
    0.00035088745029474835,
    0.00035088745029474835,
    -0.058031011141340176,
    -0.15663830220305214,
    -0.17584016330062857
  ],
  "5": [
    0.003376765700816511,
    -0.16094334536138835,
    -0.1,
    -0.08244448547622488,
    0.01664478259480253,
    0.04638298477320841,
    0.02189551138104548,
    0.00788059494650583,
    -0.16903419118515162,
    -0.07711259937787779
  ],
  "6": [
    0.0034739362779368822,
    -0.12897329236550445,
    0.12086513842922442,
    0.04431733689695384,
    -0.08738428132170556,
    0.10825778456182147,
    0.15156905119364067,
    0.04156008570484736,
    -0.03812975948107364,
    0.040682061994823555
  ],
  "7": [
    -0.09086837172736444,
    0.01164102741314958,
    0,
    -0.057406101501881496,
    -0.04352470284298868,
    -0.15108223919493927,
    0.08775242904665026,
    -0.013426129769305753,
    -0.04814876424088442,
    0.12371605189612317
  ],
  "8": [
    -0.08820420484434334,
    0.024611157071699735,
    0,
    -0.08832216279589991,
    -0.14341912126571918,
    -0.07777464525067773,
    0.016792774842193808,
    0.02002057198941811,
    0.18954821619417436,
    0.07838398234651561
  ],
  "9": [
    -0.09498117060268843,
    -0.161628653663438,
    -0.1847308415928175,
    0,
    -0.09467454146920144,
    -0.07372950048264874,
    0,
    -0.14555438909686322,
    0,
    0
  ],
  "-1": [
    0.05384375210639371,
    0.0471688223398613,
    0.0647235979312047,
    0.048339196098916945,
    0.05744173882235769,
    0.05409973082321932,
    0.05721407946155977,
    0.05917176145331745,
    0.04754028380356823,
    0.04610691841228563
  ]
}