{
  "0": [
    0.10559687432946865,
    -0.023457890411562588,
    -0.11298388892591742,
    -0.15521002573564965,
    -0.014962432020756882,
    -0.038233430244731643,
    -0.029373515758613845,
    -0.1858062915265393,
    -0.1493114589742012,
    -0.21722850073842584
  ],
  "1": [
    0.07028667499659273,
    0.1983341392886787,
    0.05270710063228455,
    0.07209294042919628,
    -0.16036109278405938,
    -0.16639065185500346,
    -0.035537037511931685,
    -0.06316250857973497,
    -0.23933478226091326,
    -0.16123082354486937
  ],
  "2": [
    0.4459356830945122,
    0.5694972151199192,
    0.21412695313144853,
    0.1051561749986158,
    -0.19421227330750768,
    0.004681197944060821,
    0.1396833734393849,
    0.03809043282195797,
    -0.09196746354510496,
    -0.013515129997580387
  ],
  "3": [
    0.10956552010949912,
    0.2607445454406553,
    0.5766695043925845,
    0.3817933391155269,
    0.3346232961082761,
    0.014729182404399743,
    0.26057658948508405,
    0.0236694541920422,
    0.22187020196520502,
    -0.06619305846845379
  ],
  "4": [
    -0.044822404949322756,
    0.09406815628066917,
    -0.04118841640633763,
    0.20967562952036897,
    0.34589830311600056,
    0.20731630311169658,
    0.15496422810487973,
    -0.1532136324956368,
    -0.029431665913561646,
    -0.1934286577732701
  ],
  "5": [
    -0.00510364371092044,
    0.006354231439435344,
    0.04809321655084291,
    0.07963263728344697,
    0.15398055473874556,
    0.2110350103031296,
    0.180741775590825,
    -0.11080286541550548,
    0.036059745346455715,
    0.07812718211954676
  ],
  "6": [
    0.05777088842685937,
    -0.09860032332603169,
    0.12762192372995482,
    0.22148374628577594,
    0.1863462299401727,
    0.25212822602293916,
    0.30433559154850437,
    0.24412004426535772,
    0.1666868954031923,
    0.02190084728552816
  ],
  "7": [
    -0.033047980007184105,
    -0.13880179548593682,
    -0.1130567664963308,
    -0.0734395381354468,
    0.02483260682493477,
    -0.15467914403453542,
    0.29198698375100546,
    0.12596089252003417,
    0.0723285626588184,
    0.008248187985155996
  ],
  "8": [
    0.005665486904199574,
    -0.017568348352170554,
    -0.016133823290626008,
    -0.11424004518558356,
    -0.06884518109388182,
    -0.09038312086408466,
    0.08537032359920041,
    0.45859956909147664,
    0.14307113289288165,
    0.231426670349356
  ],
  "9": [
    -0.20097352069349284,
    0.025207238007914117,
    -0.08454695599038509,
    -0.11705669067479069,
    0.08322639911443289,
    -0.06344963352698446,
    0.10213376152115192,
    0.12828373686126016,
    0.2320422272954279,
    0.17127796118593563
  ],
  "-1": [
    0.24735782419636998,
    0.21819416440236963,
    0.22538422684667542,
    0.23251002679727042,
    0.23496923884936466,
    0.21851985384667025,
    0.25158369221645016,
    0.23524652204153992,
    0.19480358281838822,
    0.2386638739646047
  ]
}