{
  "0": [
    -0.11557589792485859,
    -0.07794577979307415,
    -0.20750853929962398,
    0.03230895492128532,
    0.047157566860414585,
    -0.04215101283919847,
    -0.039571583567154636,
    -0.08317959195898797,
    -0.22682356931899506,
    -0.06588285445173558
  ],
  "1": [
    -0.049666825315686905,
    0.002607313290395154,
    -0.07664858659841296,
    -0.15828077909491686,
    -0.09290110378827572,
    0.005374700163165507,
    -0.07768577035321511,
    0.012915553174862327,
    0.014379236890665637,
    -0.0696796578358775
  ],
  "2": [
    0.02845776343724123,
    0.3268782750148686,
    0.06053642192484607,
    -0.04574398732802459,
    -0.07551862916548735,
    -0.1063970650982376,
    0.00044828075690538094,
    0.07343732298471606,
    -0.14555776974884807,
    -0.14303587627096015
  ],
  "3": [
    0.03179844943329534,
    -0.09746789426110505,
    0.08755733524123752,
    0.18076896213863053,
    0.008516573142956837,
    0.04413698564124956,
    -0.18650397535019553,
    0.06665186713170027,
    0.04447596994055794,
    -0.042239337860385445
  ],
  "4": [
    -0.0066395171016071924,
    -0.22488612643315753,
    -0.09041555176950432,
    -0.03637616119405798,
    0.07144841921528247,
    0.01048683857914086,
    -0.01647894843513692,
    -0.08295212801393706,
    -0.02510851571699426,
    -0.07521295205628707
  ],
  "5": [
    -0.05848496140435094,
    0.025061536695824407,
    -0.014868259072887604,
    -0.038086629880656586,
    0.04711259329596673,
    0.03669053528117628,
    0.004318462500728078,
    -0.225083673758673,
    -0.03297238993172033,
    -0.10263712677238933
  ],
  "6": [
    -0.07243779107831815,
    0.029999459908101545,
    -0.15249602572637935,
    0.00162492761536202,
    0.018179069745979864,
    0.06510755247830444,
    0.03849369650139917,
    0.17145775661220808,
    0.06088732716433889,
    -0.09929206046643671
  ],
  "7": [
    -0.21238056956514106,
    0.007083595812368229,
    0.00459337054439528,
    -0.06839339990980353,
    -0.13124379182307222,
    -0.2081736239632393,
    0.19774154231130983,
    0.007217938379292905,
    -0.02886284927509114,
    -0.045799383156852405
  ],
  "8": [
    -0.12674144501001017,
    -0.05783270947132785,
    -0.0051129099949633605,
    -0.04870240597062024,
    -0.03736565090945826,
    0.03404459697057427,
    -0.08415344820750696,
    0.09665499863917845,
    0.0637531049587262,
    0.035003458434931224
  ],
  "9": [
    -0.07206835501343534,
    -0.12136801655261041,
    -0.08154877105150501,
    0.032696813522597304,
    -0.13582347301047407,
    -0.15977796404557304,
    -0.05024398557390364,
    -0.05048284462076917,
    0.10265036970057347,
    0.02061270614120314
  ],
  "-1": [
    0.07683349376978439,
    0.06509935321909775,
    0.06897691820938158,
    0.09074699224152358,
    0.06459882144465727,
    0.06631996627710458,
    0.0723821798874284,
    0.06694584835589319,
    0.08700055615120264,
    0.07772274247433328
  ]
}