{
  "0": [
    0.23728179872409907,
    0.4026667193681961,
    0.24895906292277933,
    0.40273787982198034,
    0.32710838579110113,
    0.19015055894299515,
    0.15657890624204007,
    0.19759681600571627,
    0.4382072345300347,
    0.12597281250784043
  ],
  "1": [
    0.3945343905155718,
    0.5313043929070399,
    0.3195057723132617,
    0.3568810145475851,
    0.06973358444475096,
    0.20471007156751642,
    0.12373342155911608,
    0.11293680861782095,
    0.0921622186162459,
    0.05822162747835252
  ],
  "2": [
    0.44879693077732097,
    0.4431664318823193,
    0.5293714248448461,
    0.4059257440464025,
    0.1931928747270653,
    0.32481504196862654,
    0.30758196833115803,
    0.1662640070101154,
    0.3844960939556044,
    0.3807161865093431
  ],
  "3": [
    0.08142205882347331,
    0.27439138290613385,
    0.8419304247535178,
    0.5196448537874321,
    0.5603029009022605,
    0.30802155367623585,
    0.3016686926322334,
    0.4530236972432451,
    0.47318694875661016,
    0.15979785727603169
  ],
  "4": [
    0.28521350197003287,
    0.2968476955857409,
    0.07657357030017582,
    0.4414249579486627,
    0.470131185457621,
    0.6135702559953076,
    0.19011665595633012,
    0.29383671551825047,
    0.2746218090088617,
    0.3620378403384957
  ],
  "5": [
    0.24774905498241814,
    0.36744689114506257,
    0.3145301890582052,
    0.28179492346958357,
    0.5405258715770638,
    0.567738306394979,
    0.6426755086183876,
    0.3286380495764771,
    0.34422947677310445,
    0.4295636056766136
  ],
  "6": [
    0.23797068509190922,
    0.2671357622397846,
    0.3253624391131232,
    0.5076081639113513,
    0.4137926659792994,
    0.44697221283291105,
    0.5329202486212965,
    0.4880147399783271,
    0.1750154758651505,
    0.2842003398408284
  ],
  "7": [
    0.4599559406992026,
    0.12707030933668628,
    0.1751108713492106,
    0.06306753404271227,
    0.28564775303266887,
    0.38758130688450415,
    0.524291126850846,
    0.5368148475567912,
    0.5689885208728602,
    0.4692538002563265
  ],
  "8": [
    0.08011908668249872,
    0.29273626374408435,
    0.13534610251982845,
    0.06054255327970558,
    0.4637848131336786,
    0.36889809018448433,
    0.46426599337082713,
    0.5894370220406937,
    0.4729259228553379,
    0.5414499976158589
  ],
  "9": [
    0.1915729783682469,
    0.2795007212791826,
    0.2233073430198316,
    0.1314827276316327,
    0.3046399319305311,
    0.2536815681519183,
    0.31512180889768504,
    0.26377004085394573,
    0.39397467508693024,
    0.3431994943139189
  ],
  "-1": [
    0.44412021896392845,
    0.4479489220401984,
    0.44674710178087834,
    0.44870462408000067,
    0.4484996313240977,
    0.44993780528925,
    0.4483911346186994,
    0.4497526133953161,
    0.4366201260716015,
    0.4560662629391781
  ]
}