{
  "0": [
    0.4911256543321807,
    0.2901814081265912,
    0.30550942235802786,
    0.138604138678789,
    0.08726783214920895,
    0.052716721085703314,
    -0.0011018559147736653,
    0.059369617976006976,
    0.18196268645580205,
    -0.15103708028806181
  ],
  "1": [
    0.21401256529767884,
    0.3669475100597284,
    0.23546057253985897,
    0.14837704546229932,
    0.0083896573848012,
    -0.04472791764666749,
    -0.17255596826700256,
    -0.10041457148526942,
    -0.045142545103366516,
    -0.010963664432852738
  ],
  "2": [
    0.6046068057746179,
    0.5866906588803029,
    0.5071059587954643,
    0.2811086409933144,
    0.1889489635266817,
    0.2536335082926895,
    0.2892772082983168,
    0.23324136540966406,
    0.25477284745575085,
    0.24262795276247356
  ],
  "3": [
    0.1171114065408983,
    0.4828070589620585,
    0.6355776185899055,
    0.599957196631635,
    0.33041476672712855,
    0.2552925483776228,
    0.1355478161054594,
    0.3645350041057811,
    0.4007859479688108,
    0.21476072688614456
  ],
  "4": [
    0.08291546830979331,
    0.21541304419144636,
    0.07247875722923189,
    0.4721538344376363,
    0.4405768051633924,
    0.37731790826048517,
    0.1169583588781333,
    0.21858195042901685,
    0.03465275549378809,
    0.10481449171766498
  ],
  "5": [
    0.17580983632364916,
    0.04210050397696197,
    0.06733498404908789,
    0.08711939116337492,
    0.3531141308316898,
    0.5784652106986969,
    0.40793604858006155,
    0.15258443082897927,
    0.16376732787713533,
    0.27217504725271857
  ],
  "6": [
    0.16368744703427796,
    0.17621198813122546,
    0.18005456279785467,
    0.3080241393950961,
    0.2748575606162346,
    0.3391364316064775,
    0.4526214836588727,
    0.3261649492377788,
    0.0877440233958923,
    0.07568119622366282
  ],
  "7": [
    0.29676770397522473,
    0.1757255884000868,
    0.21473048754413046,
    0.1931009401744094,
    0.274406284052766,
    0.034863665814733644,
    0.5385855338325254,
    0.38022535831858484,
    0.4062062355408758,
    0.35361546113886644
  ],
  "8": [
    -0.09663811890040952,
    0.14007868990914962,
    0.22026089811653404,
    0.09493174126355314,
    0.20907069491886368,
    0.06767398682508581,
    0.35842494962745386,
    0.7239578208987875,
    0.4295791730294181,
    0.44343846871166986
  ],
  "9": [
    0.1496446214186042,
    0.020963043273006715,
    0.049863694455160285,
    0.04545459466257332,
    0.19187078815776848,
    -0.04020065881245885,
    0.16065537259189877,
    0.2015237748864576,
    0.3590436484567867,
    0.2937738231384926
  ],
  "-1": [
    0.38172993132641836,
    0.40097831010935064,
    0.39646858202658364,
    0.41017931364900306,
    0.38851718145863146,
    0.4101998194894623,
    0.40109556466826773,
    0.3913440714701647,
    0.4344173576188277,
    0.3536734668981213
  ]
}