{
  "0": [
    0.0029579835125097126,
    -0.029581535070420356,
    -0.1416029465595422,
    -0.10990682745819463,
    0.0179128574857671,
    -0.053041276593759804,
    -0.029373515758613845,
    -0.20674723338073908,
    -0.07785010583467455,
    -0.21722850073842584
  ],
  "1": [
    0.049859951107614105,
    0.10790545074647644,
    0.05270710063228455,
    0.03852144701663182,
    -0.22315531226337415,
    -0.176601108177232,
    -0.052110285194825,
    -0.10547467632058521,
    -0.18967231385757555,
    -0.22635314075642593
  ],
  "2": [
    0.4530160287680339,
    0.45667343422817386,
    0.18539043916790296,
    0.1051561749986158,
    -0.11921207024537175,
    -0.044253112613481554,
    0.1847187386924737,
    0.12803844837419537,
    -0.014086198484595504,
    -0.0670199247767921
  ],
  "3": [
    0.06928599557192726,
    0.18618199615270625,
    0.5473454878291054,
    0.32235721593987954,
    0.14702956143236856,
    -0.036087712989294266,
    0.1744499915140587,
    -0.14501779273695958,
    0.19406897541160048,
    -0.06619305846845379
  ],
  "4": [
    -0.07456476075195548,
    0.019973497151448256,
    -0.11127550131390943,
    0.18099953436645363,
    0.2501221069297102,
    0.18005818875047694,
    0.15496422810487973,
    -0.00927992735994427,
    -0.1075940936413515,
    -0.14398300704000414
  ],
  "5": [
    -0.025767976111543647,
    0.12920640382235557,
    0.03212023957132751,
    -0.029130299460637207,
    0.12941652003140294,
    0.2054513979019833,
    0.42093924478656475,
    -0.14365943469631554,
    0.044323003462776296,
    0.07812718211954676
  ],
  "6": [
    0.05777088842685937,
    -0.11793575927904265,
    0.045515312495020624,
    0.06335030137098593,
    0.14540369730895367,
    0.12899332244493075,
    0.26111215492105794,
    0.23772849705327054,
    0.20924932360325083,
    -0.005217043315006706
  ],
  "7": [
    -0.033047980007184105,
    -0.13880179548593682,
    -0.1130567664963308,
    -0.10631725843846697,
    -0.03098415727961379,
    -0.08610201847729886,
    0.24597602211640052,
    0.11523877562317855,
    0.1654668399167831,
    0.008248187985155996
  ],
  "8": [
    -0.07265050515351185,
    0.038575556868594485,
    -0.06302990225280461,
    -0.21276582283158,
    -0.043487574233487813,
    -0.048280109646716286,
    0.012050426382737414,
    0.3493748389303839,
    0.11264473663941629,
    0.19551460323271064
  ],
  "9": [
    -0.03160986202698092,
    -0.06204293160510903,
    -0.16554426417158408,
    -0.21729609175566,
    0.057795058780082835,
    -0.10479223953683987,
    0.10213376152115192,
    -0.06722428986898363,
    0.3538283645927098,
    0.0824655734034126
  ],
  "-1": [
    0.20884487491507575,
    0.20877537309855157,
    0.22013746968408412,
    0.1994226101127341,
    0.22191060094860088,
    0.1823655747959677,
    0.22704575244846142,
    0.22723051987848386,
    0.2191948420605561,
    0.1958751716835465
  ]
}