{
  "0": [
    0.36082583015938474,
    0.06745470688203384,
    -0.04784701261147984,
    -0.12595546227549262,
    -0.07180236740532277,
    -0.10628319815849369,
    -0.004843063304931124,
    -0.18605748756292229,
    -0.07892056621429938,
    -0.09479903151545974
  ],
  "1": [
    0.08864509974207407,
    0.31480389583855567,
    0.14580877032400574,
    0.02327919713630383,
    -0.09100135391727976,
    -0.226303131375163,
    -0.12763984618302007,
    -0.0983497607584267,
    -0.23933478226091326,
    -0.18527952461599556
  ],
  "2": [
    0.5251544687413591,
    0.709296091975082,
    0.32342713077077945,
    0.1214681440674542,
    0.0326117052296713,
    0.12833870506660225,
    0.09327200540467212,
    0.10310689085386344,
    0.09717035677006608,
    -0.08952108469834183
  ],
  "3": [
    0.14804133135609573,
    0.30934761539021866,
    0.6268381331430652,
    0.3955154112300207,
    0.2879043909666815,
    -0.014880349942417562,
    0.22213980089132648,
    0.16356733017941488,
    0.21012396629625785,
    -0.06619305846845379
  ],
  "4": [
    -0.044822404949322756,
    0.11109120486205967,
    0.0593488579113646,
    0.2142823701362919,
    0.40674582241192914,
    0.22339481856785282,
    0.17911309088530847,
    -0.06495443248862971,
    -0.0308634498648964,
    -0.19939252255031462
  ],
  "5": [
    0.12852316332334576,
    0.006354231439435344,
    0.07211598337007363,
    0.07963263728344697,
    0.0699743996701868,
    0.25766105391987143,
    0.19141606046667836,
    -0.15727810150971874,
    0.05587750298634391,
    0.08930761483487376
  ],
  "6": [
    0.10157538772695462,
    -0.001293506374777327,
    0.13775241912210495,
    0.06332257350237926,
    0.03407373769569762,
    0.2880941255816761,
    0.24060137772168946,
    0.24428086930391682,
    0.1962953272763313,
    0.06058308397916631
  ],
  "7": [
    -0.033047980007184105,
    -0.05117580978943885,
    0.08427272455214949,
    -0.034021250437317324,
    0.07583969109661341,
    -0.15467914403453542,
    0.4044443729643461,
    0.12596089252003417,
    0.15134766713956882,
    0.13915386233278176
  ],
  "8": [
    0.040508008454840365,
    0.057953807521248124,
    -0.04212748519831016,
    -0.11783980310353093,
    -0.026905683445843494,
    -0.026938212704748256,
    0.19545362784252923,
    0.5395882398140308,
    0.15861837722557146,
    0.2656316653292674
  ],
  "9": [
    -0.1437208832085968,
    0.08129270232331429,
    -0.006790547263235008,
    -0.08446722115072311,
    0.033042167098367076,
    -0.013112525173792501,
    0.08072879941547598,
    0.165865056921929,
    0.4198353449401491,
    0.28568328678869065
  ],
  "-1": [
    0.2841825864117192,
    0.2881318818384802,
    0.29526187374774315,
    0.2989477515548967,
    0.25887167299922137,
    0.3329276463392452,
    0.26396188545692156,
    0.31032008061246136,
    0.26323294207628606,
    0.3134714032904554
  ]
}