{
  "0": [
    0.33380941028754674,
    0.6223744082683227,
    0.2514679079888894,
    0.20328912811844296,
    0.2132190581254318,
    0.16974609269668783,
    -0.018599435424829593,
    0.07342513007897802,
    0.1940755350279067,
    0.05811127849347927
  ],
  "1": [
    0.23213672112378397,
    0.4680311805407347,
    0.2541391323366663,
    0.12140461548128031,
    -0.03734963047164502,
    0.11905985070745821,
    -0.0804257370242138,
    0.1361754391769096,
    -0.01818415508921189,
    0.1464820802918397
  ],
  "2": [
    0.5744787970871925,
    0.6948218675249117,
    0.5121718714204545,
    0.3640174345663915,
    0.226890097706196,
    0.16635119371876395,
    0.3014560514520316,
    0.18038640974277678,
    0.3334495360948284,
    0.3766868486585365
  ],
  "3": [
    0.17112290713535977,
    0.29175086340982925,
    0.7547828077792507,
    0.5746530126788101,
    0.40491361545713184,
    0.4197239291203887,
    0.1476394743415243,
    0.4459560420296207,
    0.5290190161372385,
    0.24049723853342797
  ],
  "4": [
    0.14481283990631305,
    0.2834887083383371,
    -0.01817760150082684,
    0.49307263316528044,
    0.5901488864863081,
    0.41016563618835383,
    -0.07848786973280467,
    0.3639571728970225,
    0.11961342970315317,
    0.15777463348817283
  ],
  "5": [
    0.12356077459454062,
    0.16037860964487774,
    0.09068864463302644,
    0.10876542021448111,
    0.4475894522100937,
    0.5822381093389756,
    0.42944110731942553,
    0.21119638242316358,
    0.11930601219363998,
    0.385294024939606
  ],
  "6": [
    0.09293164434906598,
    0.17621198813122546,
    0.2656645894706084,
    0.3080241393950961,
    0.14456157563677605,
    0.3682633966236201,
    0.5992580930580718,
    0.429087480508164,
    0.0877440233958923,
    0.2845826599187123
  ],
  "7": [
    0.35392047194165943,
    0.09725059174577262,
    0.1611253929026193,
    0.04080489514966999,
    0.3131212037969883,
    0.08176347517992984,
    0.3944107399971215,
    0.39776020977213816,
    0.5922084262324885,
    0.38478201731868733
  ],
  "8": [
    0.11014733138972234,
    0.13455682918144102,
    0.23565319650759045,
    0.09187829063297605,
    0.3367818168263589,
    0.1311670350237653,
    0.44690542897791635,
    0.8576420733174683,
    0.47546197763488285,
    0.4645453951676303
  ],
  "9": [
    0.20017691069554489,
    0.1489696704836887,
    0.2367105706664023,
    0.06567771395868226,
    0.2501440043663071,
    0.17280513664573047,
    0.24799570254836584,
    0.3608354795816451,
    0.37518154855351354,
    0.5589354922006687
  ],
  "-1": [
    0.4807454083774545,
    0.42349627496150954,
    0.4167350907295505,
    0.4196972900248471,
    0.44813559464670255,
    0.45289996010812206,
    0.4318237205710786,
    0.44070395163839016,
    0.4369427071175279,
    0.4299183555048115
  ]
}