{
  "0": [
    0.23728179872409907,
    0.511197750789648,
    0.24895906292277933,
    0.3986006908868694,
    0.33234000008501846,
    0.19015055894299515,
    0.20133740500553077,
    0.20139682860348304,
    0.34103277662491316,
    0.08905541576577605
  ],
  "1": [
    0.4196737698546159,
    0.3697477844985395,
    0.33537259044356915,
    0.2603023543079821,
    0.0655732407278726,
    0.20471007156751642,
    0.12373342155911608,
    0.04135618191930532,
    0.08179640510193964,
    0.1337979841467295
  ],
  "2": [
    0.44879693077732097,
    0.4495085831299652,
    0.5641094979202848,
    0.4237426779308011,
    0.22453238169023665,
    0.37197711815727186,
    0.2459908594897621,
    0.12053942365404322,
    0.31530977070829963,
    0.4041248304518528
  ],
  "3": [
    0.20617404902833747,
    0.38717717685098496,
    0.8602751668259608,
    0.537532503240163,
    0.491754543726558,
    0.30652490352175593,
    0.25679134376518814,
    0.4530236972432451,
    0.4957203887124233,
    0.25985492997510806
  ],
  "4": [
    0.32963600452106034,
    0.38208356298568985,
    0.12524782490975608,
    0.48076307969361265,
    0.47502050208201246,
    0.7918396766314021,
    0.2586515854118121,
    0.38224676476753583,
    0.27085673810103134,
    0.474793600902717
  ],
  "5": [
    0.2801970741717566,
    0.3423053010363235,
    0.3706749442006026,
    0.3370129617340515,
    0.5469785157882624,
    0.56876540978334,
    0.8507172877520268,
    0.21184583451466765,
    0.4108236427124584,
    0.36547096641130083
  ],
  "6": [
    0.1417928287761432,
    0.353412605207462,
    0.2737046936699116,
    0.4975067614495154,
    0.4739792983302591,
    0.6032871092575431,
    0.522500283395756,
    0.5005203744845088,
    0.26441677975290745,
    0.31606341911129393
  ],
  "7": [
    0.4706084020872223,
    0.3843001237605375,
    0.160475088110399,
    0.06660524369413363,
    0.376609410030237,
    0.40376659456372416,
    0.5274761596803523,
    0.5368148475567912,
    0.6043776020443747,
    0.49668835883529244
  ],
  "8": [
    0.08845928194482996,
    0.31545628764686345,
    0.17376742868014117,
    0.09738786992595205,
    0.4637848131336786,
    0.3940097480553897,
    0.37435614711070775,
    0.46638214307389475,
    0.4951024757160284,
    0.6097134595067601
  ],
  "9": [
    0.2522559425035358,
    0.3017778834323607,
    0.18385501207474866,
    0.16123402684268648,
    0.24562099114027475,
    0.2634165548869719,
    0.23191429517174797,
    0.27786699553806077,
    0.3786873085944402,
    0.3581210924617916
  ],
  "-1": [
    0.4797298982148547,
    0.4302038533667107,
    0.43742978124954845,
    0.4718130267895896,
    0.46802179018529283,
    0.45963311264331175,
    0.4526682961355509,
    0.45801569437869594,
    0.4567903343036663,
    0.43796458409592526
  ]
}