{
  "0": [
    -0.05038039124241769,
    -0.05646637811204483,
    -0.1626696205389524,
    0.031349346651168224,
    -0.04952747750226596,
    -0.03508597095062697,
    -0.11150417939246329,
    -0.16477386306996114,
    -0.2509603979342229,
    -0.21820470365133107
  ],
  "1": [
    -0.043537742998380605,
    0.004275497324013702,
    -0.03018536944668449,
    -0.20902170761658037,
    -0.23743123126730267,
    -0.07693091603829305,
    -0.05326918624214013,
    0.012038139563339286,
    -0.06987201302563975,
    -0.1545444627505526
  ],
  "2": [
    0.054736841397341904,
    0.3236094922647199,
    0.07551777192659574,
    0.04558098840123527,
    -0.03884191194511382,
    -0.06254900506170291,
    -0.02937415112076361,
    0.08712377167956196,
    -0.10187713847013846,
    -0.16902816785264954
  ],
  "3": [
    0.09481187580679021,
    -0.06891978767856964,
    0.08755733524123752,
    0.24831717843648998,
    0.04262092684300236,
    0.04413698564124956,
    -0.11814518601474955,
    -0.00976095033156317,
    0.04447596994055794,
    -0.20701662889639638
  ],
  "4": [
    0.011086616015767402,
    -0.16232802618808512,
    -0.07494363886317847,
    -0.0010227562175746194,
    0.11967770722021345,
    0.10684456685515176,
    -0.01647894843513692,
    -0.08295212801393706,
    -0.11416688472324876,
    -0.11835244124840452
  ],
  "5": [
    -0.0712001739298545,
    0.03534810467283838,
    0.024300599919849314,
    -0.12542686593025998,
    -0.06590673948410807,
    0.09722105863114167,
    0.07544811041089351,
    -0.225083673758673,
    0.012755055011662398,
    0.048413347951442
  ],
  "6": [
    -0.0407621981551549,
    0.029999459908101545,
    -0.1359522918335815,
    0.00162492761536202,
    0.04404432287493128,
    0.08197521619236939,
    0.03849369650139917,
    0.24253408489575673,
    0.1508113466955986,
    -0.09929206046643671
  ],
  "7": [
    -0.19303313292326416,
    -0.05906847387313687,
    0.03256585759475961,
    -0.1000370620523474,
    -0.07482953532724951,
    -0.13480683167498986,
    0.08408366194413952,
    -0.057068620893062416,
    0.027188145048187024,
    0.0280849298966569
  ],
  "8": [
    -0.1507419511801844,
    -0.02151458041796495,
    -0.08647663379708306,
    -0.19151243114469024,
    -0.02518850345129877,
    0.048373527396835155,
    -0.00608723216650758,
    0.19506729135650142,
    0.07511118458617189,
    0.049236502714756415
  ],
  "9": [
    -0.06064154613133005,
    -0.12136801655261041,
    -0.08776858546078053,
    -0.06301023458780383,
    -0.02053094906524966,
    -0.15217606055534832,
    -0.0037860129196007637,
    -0.13687229613313295,
    0.2686108462777983,
    0.04321726163156385
  ],
  "-1": [
    0.08741489229659037,
    0.0892556735656606,
    0.10512837210799919,
    0.11208632992364481,
    0.08652141445286207,
    0.08502102688295307,
    0.08342197856459499,
    0.10598832195439142,
    0.10762133532043762,
    0.09232096251307362
  ]
}