{
  "0": [
    0.3966896579824687,
    0.24418410598837195,
    0.08238292521507229,
    -0.011136028784736608,
    -0.03119901847734423,
    -0.06256599727707252,
    -0.13859652939036907,
    -0.051073432598929706,
    -0.03662127376267266,
    -0.14077242315614014
  ],
  "1": [
    0.17951592925749724,
    0.35637359909777094,
    0.26123024355385716,
    0.1316664931708793,
    -0.07113533414471804,
    -0.04405423801506591,
    -0.19609082089666285,
    -0.1130174285549213,
    -0.18585809607373843,
    -0.05485206011065735
  ],
  "2": [
    0.6791941836566933,
    0.7383782029117874,
    0.33939359699077387,
    0.09677738109414911,
    0.01580443688846775,
    0.31341924099244756,
    0.2803029209261391,
    0.2959558083316295,
    0.1770063901855532,
    0.1647849343275009
  ],
  "3": [
    0.1748501965283815,
    0.28636728648594223,
    0.7261670709687342,
    0.4939743899349681,
    0.44095308250291176,
    0.24863834467897344,
    0.31479334210213666,
    0.3342103500211742,
    0.27637068402159604,
    0.11657287982820114
  ],
  "4": [
    0.10692146419165086,
    0.20765423258778906,
    -0.03287933849058031,
    0.25576232176295566,
    0.294151076771916,
    0.24810812919823813,
    0.20234677606535661,
    0.11977463163705895,
    0.1269373371904021,
    -0.23010560116086773
  ],
  "5": [
    0.08573691887969774,
    0.06504164605487098,
    0.07211598337007363,
    0.04015156449673482,
    0.18186279993292373,
    0.4434770506470333,
    0.31255640739587176,
    0.032625446624342476,
    0.042510310834430666,
    0.1225971812825577
  ],
  "6": [
    0.11426092472263033,
    0.09092481564138244,
    0.17253407324789283,
    0.16048874049833745,
    0.20055691955699967,
    0.3449518915307935,
    0.4234538697597292,
    0.2904183358333738,
    0.33486419811629714,
    0.09144126821056148
  ],
  "7": [
    0.17840877022928323,
    -0.05117580978943885,
    0.14599378157573,
    -0.006111024518107092,
    0.10953215988071131,
    -0.11883672036993853,
    0.5428390462921472,
    0.26949783842603203,
    0.30808118519756106,
    0.2956119599862341
  ],
  "8": [
    -0.03120599687993971,
    0.057953807521248124,
    0.0146882753651036,
    -0.1126626194239503,
    0.06545131167202642,
    -0.041433256209812044,
    0.2740912663878459,
    0.5769585529924418,
    0.23009575151209083,
    0.35471097756792136
  ],
  "9": [
    0.11889518376447211,
    -0.038680444310631015,
    0.05447288770245115,
    0.009136376740549727,
    0.1495487994401798,
    -0.09204401649226462,
    0.20137125709149664,
    0.15447085344149314,
    0.3733980698250023,
    0.27903874123101474
  ],
  "-1": [
    0.34941544660115936,
    0.338363027335198,
    0.3673482582770881,
    0.34229647393416174,
    0.3345337011417857,
    0.3524891509675504,
    0.33071345830030263,
    0.3609273295983421,
    0.3479939666780536,
    0.3531121892996552
  ]
}