{
  "0": [
    -0.023794433918860408,
    0.11570047221534463,
    0.002563504665601124,
    0.03151077902840975,
    0.02882767067423239,
    0.018487763207963366,
    -0.0655478832735067,
    -0.15054599882495773,
    -0.0859167594062114,
    -0.029992305241242086
  ],
  "1": [
    0.04933001202797281,
    0.002607313290395154,
    -0.08660957040954395,
    -0.1773120065167705,
    0.0011996577723295556,
    0.0044397010825175534,
    0.006982135182870428,
    0.0011996577723295556,
    0.014590648374597002,
    -0.07895403002753024
  ],
  "2": [
    0.02845776343724123,
    0.04170083928238073,
    0.010744733071477587,
    -0.15666951992297795,
    0.01637653381955477,
    -0.14664075754613798,
    -0.07040462286225162,
    -0.007860487327982712,
    -0.07986152352564098,
    -0.18539101208425587
  ],
  "3": [
    0.01688768005203099,
    -0.06868550410949407,
    0.0470869278242049,
    0.18246134045112636,
    -0.027830643531928906,
    0.04413698564124956,
    -0.10500893809162691,
    0.05581149610122099,
    0.016388988547426337,
    -0.04846478561031684
  ],
  "4": [
    -0.04012502775047525,
    -0.07224160721687325,
    -0.18604954082499592,
    -0.06713784070722047,
    0.07193097251484729,
    0.08258050173460765,
    -0.039086727784152495,
    0.02854035584430642,
    -0.08907407672700673,
    -0.09078695877115558
  ],
  "5": [
    0.0009670259764329829,
    0.01718477287052904,
    0.015265843895528167,
    -0.08027503220803422,
    0.04711259329596673,
    0.03535096521921725,
    0.00008703233787896847,
    -0.08070872347621477,
    -0.06099197727929576,
    -0.07342465479079126
  ],
  "6": [
    -0.07243779107831815,
    0.016013767916859486,
    -0.15249602572637935,
    0.030519450570071906,
    0.018179069745979864,
    0.06510755247830444,
    -0.07585376789411871,
    0.1749390435794389,
    0.0035717812714207414,
    -0.09929206046643671
  ],
  "7": [
    -0.16013551715718724,
    0,
    0.0032460730539863713,
    -0.09,
    -0.07049873916203368,
    -0.18583836580792706,
    -0.08246760358852492,
    0.006162259537205955,
    -0.04578462582136011,
    0.03534973555791157
  ],
  "8": [
    -0.1535248789650956,
    -0.1354747636782596,
    0.007406186065076767,
    -0.0813683893484461,
    -0.08455124750209106,
    0.013405196777788949,
    -0.15490063780491753,
    0.010563560124398968,
    0.057577374563038276,
    0.01796588363387233
  ],
  "9": [
    -0.1347278807225251,
    0.021874896176635857,
    -0.08154877105150501,
    0.02626781069667472,
    -0.06222737232121732,
    -0.07335720642373204,
    -0.06634125710724864,
    -0.08452200207870052,
    0.10945919366850092,
    0.0029357988761242355
  ],
  "-1": [
    0.056977507504934286,
    0.05864408975721569,
    0.05260542687586167,
    0.041377856649136735,
    0.05039835281579537,
    0.04503162897685053,
    0.05511248867523306,
    0.05625797672726374,
    0.053312870113049166,
    0.055358712548530836
  ]
}