{
  "0": [
    0.07757927980967143,
    0.030233053088244408,
    0.10811557431557522,
    0.007052661800879221,
    0.02121918776203402,
    0.009730401688401771,
    0.013400057421670518,
    -0.1,
    0.007052661800879221,
    -0.09824194829090108
  ],
  "1": [
    0,
    0.0006347395620791299,
    -0.0977066588767253,
    0.006982135182870428,
    0.0006347395620791299,
    0,
    0.006982135182870428,
    0.0006347395620791299,
    0,
    -0.1
  ],
  "2": [
    0.000957355716668653,
    0,
    0.010744733071477587,
    -0.08287530957591717,
    0.01637653381955477,
    -0.09803410427148977,
    0.008578184381671548,
    0.09436002819838701,
    0.009362725916644516,
    -0.1
  ],
  "3": [
    0.09376708007851223,
    -0.13062802861022035,
    0.016110889213489826,
    0.029283747979955994,
    -0.048324187173348625,
    0,
    -0.09776280293403336,
    0.02371346833672263,
    0.016388988547426337,
    0.023100798819342558
  ],
  "4": [
    -0.09827853223946269,
    0.001270146843961835,
    -0.09964918066007532,
    -0.09823893129395429,
    0.007353481728200095,
    0.07387822684372043,
    0,
    -0.09824861785955354,
    -0.023776426629806002,
    0.007427759321414238
  ],
  "5": [
    0.0009670259764329829,
    0,
    0.0012085696162593912,
    -0.09824861785955354,
    0.006937979239729973,
    0.03535096521921725,
    0.00008703233787896847,
    0.00010877126546334521,
    0.00008703233787896847,
    -0.08511804628946756
  ],
  "6": [
    -0.09815704499403419,
    0.00029917110523331375,
    -0.088330721123932,
    0.0005700520657296765,
    0,
    0,
    0.0063339118414408495,
    0,
    -0.05395887592556059,
    -0.08901398488525152
  ],
  "7": [
    -0.08214492394850999,
    0,
    0.0032460730539863713,
    -0.09,
    0,
    -0.09824194829090108,
    -0.09516564420970774,
    0.0033119814855487916,
    -0.06402265816379507,
    0.03606747837762634
  ],
  "8": [
    -0.1749143018121394,
    -0.15485861816009944,
    0.0038979926658298776,
    -0.09474042446030664,
    -0.09827693351991215,
    0.010563560124398968,
    0.010563560124398968,
    0.007406186065076767,
    0.04331102962033197,
    0
  ],
  "9": [
    0,
    0,
    0,
    0,
    -0.08968426259406778,
    0,
    0,
    0,
    0.017168414480258687,
    0
  ],
  "-1": [
    0.01431923056210099,
    0.013667066689393718,
    0.01444293559201536,
    0.019098048398585452,
    0.021923797351344358,
    0.012658971953302083,
    0.025481568036385557,
    0.018513447476230776,
    0.015361981820423027,
    0.014855641712254128
  ]
}