{
  "0": [
    0.23767209225579686,
    0.7262059307495454,
    0.3091327450546841,
    0.40273787982198034,
    0.3869310498236265,
    0.24604759355993527,
    0.2072608305006387,
    0.17168971029494154,
    0.3803957146560283,
    0.19237333399243456
  ],
  "1": [
    0.34415549935418693,
    0.47862307489187633,
    0.3007008408486996,
    0.3405665859298985,
    0.13992909240093895,
    0.17315006224231588,
    0.1495466002352868,
    0.1551235487126597,
    0.04586925838317288,
    0.2095432146530217
  ],
  "2": [
    0.45551710237744536,
    0.4521645055426174,
    0.44680775863077277,
    0.44633603125379523,
    0.23119062221096692,
    0.2742194446099253,
    0.3715476792352191,
    0.08880660603900113,
    0.4479481796272771,
    0.3677931265651178
  ],
  "3": [
    0.08142205882347331,
    0.25561247200765325,
    0.6325274302585031,
    0.49964790033384426,
    0.49954671254118493,
    0.25833463075884794,
    0.3016686926322334,
    0.4834907167458715,
    0.4616047796799455,
    0.1644777757175286
  ],
  "4": [
    0.2285896465439764,
    0.38824953202738977,
    0.11258875088028444,
    0.5722507664898362,
    0.6860975354024751,
    0.4531585676688408,
    0.1666523492495928,
    0.35502929652245524,
    0.20511936592297894,
    0.3047870602137772
  ],
  "5": [
    0.24774905498241814,
    0.3479420600217292,
    0.3145301890582052,
    0.18847165928740636,
    0.7096809981789202,
    0.5612645058073495,
    0.586238444426681,
    0.30652954397563975,
    0.17584731527805306,
    0.4295636056766136
  ],
  "6": [
    0.19738676596236496,
    0.22992447497539736,
    0.2605922225621062,
    0.4004722202309462,
    0.26240279811205586,
    0.44697221283291105,
    0.6570287008639288,
    0.4880147399783271,
    0.1750154758651505,
    0.2842003398408284
  ],
  "7": [
    0.454439731655672,
    0.24527296719815456,
    0.11926009592966781,
    0.015769464992533497,
    0.25899741354336114,
    0.3663928409759163,
    0.5241567177857802,
    0.49136597517319414,
    0.5175572605053562,
    0.6810966473712186
  ],
  "8": [
    0.11247788500807265,
    0.29273626374408435,
    0.16902008878539823,
    0.13081451400491118,
    0.455777365901997,
    0.33469237594266765,
    0.36389948472889655,
    0.5495266003248056,
    0.46464597986466555,
    0.575105059793716
  ],
  "9": [
    0.1488300620321079,
    0.2370912323109204,
    0.2233073430198316,
    0.16902369678353002,
    0.24615916406334656,
    0.21795643776746187,
    0.28810023670056906,
    0.26377004085394573,
    0.6101162120005864,
    0.41376759789101136
  ],
  "-1": [
    0.45666799276352554,
    0.46455586907127455,
    0.4616397768251788,
    0.4721471443200785,
    0.45017991249825473,
    0.4648213880131373,
    0.4485369101911955,
    0.44348445866694924,
    0.4725659489392817,
    0.4654518366252508
  ]
}