{
  "0": [
    0.04181319895481328,
    -0.05646637811204483,
    -0.1264339939305545,
    -0.0343793530529341,
    0.007745347991891752,
    -0.0796856953391261,
    -0.056209564146851604,
    -0.13569733649534566,
    -0.10475540523127669,
    -0.16408591945823825
  ],
  "1": [
    0.03636831464276391,
    -0.003415557879358117,
    0.12057051484835521,
    -0.10922054967553832,
    -0.22315531226337415,
    -0.029747946228985467,
    -0.04685883505722558,
    -0.05508522148849465,
    -0.1775389442219637,
    -0.16718121025970453
  ],
  "2": [
    0.3456803593355295,
    0.4343886602602611,
    0.18539043916790296,
    0.09977032964529003,
    -0.11921207024537175,
    -0.131221222033444,
    0.15817781523934935,
    0.0653447529553739,
    -0.10187713847013846,
    -0.11464669714238325
  ],
  "3": [
    0.16623897641846394,
    -0.01214608309046834,
    0.33428855034318744,
    0.26979249146624973,
    0.10053156542006988,
    0.019914432500689735,
    0.06118151816866059,
    -0.14501779273695958,
    0.00832355472963044,
    -0.20701662889639638
  ],
  "4": [
    -0.07456476075195548,
    -0.04625273056350983,
    -0.07494363886317847,
    0.009850513054002055,
    0.2704995833340914,
    0.1199195788622047,
    0.1262545674932973,
    -0.041128590888422814,
    -0.1075940936413515,
    -0.06878612793565449
  ],
  "5": [
    -0.025767976111543647,
    0.08224520545234336,
    0.04149685536200027,
    -0.0016753745591597258,
    -0.03284110526681977,
    -0.0024132775388444744,
    0.30018682856583967,
    -0.19445600996532958,
    0.044323003462776296,
    0.05232190843310055
  ],
  "6": [
    0.05777088842685937,
    -0.03949211430375355,
    -0.028195321751327454,
    0.09250376462186677,
    0.07046128564334722,
    0.10509622592085076,
    0.14316599630856702,
    0.2883123173280758,
    0.18011463212531656,
    -0.13670798363311062
  ],
  "7": [
    -0.06207051634309148,
    -0.13880179548593682,
    0.045735582677857656,
    -0.10587354157665206,
    -0.09176984964524741,
    -0.1091727194656788,
    0.13503810046457854,
    0.03909480475235929,
    0.11000901398118407,
    0.0280849298966569
  ],
  "8": [
    -0.15386194677615406,
    -0.004564054211598299,
    -0.06302990225280461,
    -0.2580880636224936,
    0.03639488184241489,
    -0.08858205016716761,
    0.012050426382737414,
    0.24994797519573256,
    0.07511118458617189,
    0.1087096423741315
  ],
  "9": [
    -0.06064154613133005,
    -0.13136566656988352,
    -0.13552842769765364,
    -0.19755055477106362,
    0.005697122006277158,
    -0.15217606055534832,
    0.020525814775711138,
    -0.09983598319534776,
    0.259434259160799,
    0.0824655734034126
  ],
  "-1": [
    0.13569138940119224,
    0.1545680533099527,
    0.15655607339080807,
    0.14780119945024828,
    0.1449933475021762,
    0.15599793096706616,
    0.13988874625671463,
    0.18758354111808423,
    0.13241877449510436,
    0.1486516605327429
  ]
}