{
  "0": [
    0.3346420880115686,
    0.18260833335686927,
    0.1655986905528924,
    0.056274116763299985,
    0.003962140993970055,
    0.015240746708986612,
    -0.04194551962042778,
    0.059369617976006976,
    0.1536718658828114,
    -0.2054336397846037
  ],
  "1": [
    0.18753640859061768,
    0.17930233150136987,
    0.2440186315431994,
    0.1404615206926793,
    -0.009431799320393772,
    -0.042946183531269035,
    -0.16167221300718418,
    -0.10041457148526942,
    -0.045142545103366516,
    0.02020569893200924
  ],
  "2": [
    0.5511514490936321,
    0.6487199106357691,
    0.4966129701709222,
    0.13985217427375715,
    0.14762751703099647,
    0.31341924099244756,
    0.35490481179457,
    0.33023001420529546,
    0.21949990317608922,
    0.24780245503017945
  ],
  "3": [
    0.22272021326272942,
    0.3233615970198262,
    0.7292337686942019,
    0.5944285561349398,
    0.33041476672712855,
    0.287644296917905,
    0.31271220438869196,
    0.3645350041057811,
    0.4007859479688108,
    0.21476072688614456
  ],
  "4": [
    0.13464701600133874,
    0.21541304419144636,
    0.06422716150628008,
    0.30147382175231785,
    0.45406292819367267,
    0.3593394027193501,
    0.1768070152422288,
    0.19269034502469504,
    0.02207464994797141,
    -0.07240425557416114
  ],
  "5": [
    0.14423592653351855,
    0.06504164605487098,
    0.029859932593330432,
    0.1396841099930843,
    0.24581110251073868,
    0.4586951979400117,
    0.31255640739587176,
    0.15258443082897927,
    0.21268730205149017,
    0.1491898584584744
  ],
  "6": [
    0.10072089718862437,
    0.16680473873939392,
    0.24729806095108436,
    0.24746810831129992,
    0.3259326517688518,
    0.3141520720558867,
    0.41005534785907993,
    0.21312774422868938,
    0.16756939177833752,
    0.07568119622366282
  ],
  "7": [
    0.2791899631435695,
    0.04865124808901339,
    0.15786800032762946,
    0.16400467003155242,
    0.2541488107740656,
    0.034863665814733644,
    0.512596569653277,
    0.3453615455078262,
    0.3368631149215684,
    0.34235413776983803
  ],
  "8": [
    0.03081761098387155,
    0.057953807521248124,
    0.17561236445262482,
    -0.048070463969385024,
    0.11722015859888289,
    -0.041433256209812044,
    0.09713521134512532,
    0.6778296302895627,
    0.3443751930909466,
    0.35471097756792136
  ],
  "9": [
    0.11889518376447211,
    0.003659693414614959,
    0.00850125331654085,
    0.040181545481484594,
    0.17192335314741417,
    -0.09204401649226462,
    0.12531557169894425,
    0.15447085344149314,
    0.44147384736601886,
    0.27903874123101474
  ],
  "-1": [
    0.3930695535061859,
    0.35975385787750713,
    0.3358158725163305,
    0.35087203256796856,
    0.3613037437779683,
    0.3541876503523145,
    0.3599557738582726,
    0.3546698022310738,
    0.3554264817613087,
    0.34960253409080566
  ]
}