{
  "0": [
    0.3672484068011186,
    0.7030734585689784,
    0.3051361947993782,
    0.2796379036343762,
    0.18941542944351805,
    0.20068593053027006,
    0.051189291317372564,
    0.06611435497235259,
    0.22528330928828577,
    0.1763826933952134
  ],
  "1": [
    0.2816698222060759,
    0.5379431578053118,
    0.2541391323366663,
    0.1571786010364033,
    0.00932920275200265,
    0.21017512094304255,
    -0.03653964320213765,
    0.12530816427544442,
    -0.08469899330919525,
    0.17974831936590674
  ],
  "2": [
    0.5588057841003994,
    0.37268866294061387,
    0.5121718714204545,
    0.389524319506222,
    0.28329016734264867,
    0.20269074759806183,
    0.35694596873611273,
    0.21417975104307216,
    0.44781933729121787,
    0.3077119579785551
  ],
  "3": [
    0.20977413851460083,
    0.27450302552888733,
    0.5016109359986383,
    0.47123483613635225,
    0.5040144463287597,
    0.3762340601826487,
    0.4200530731240165,
    0.48731447730886557,
    0.43226790926977626,
    0.31111394362769645
  ],
  "4": [
    0.14433136987881304,
    0.30993730004261694,
    0.04418517552287014,
    0.49307263316528044,
    0.6367501523949642,
    0.41016563618835383,
    -0.05810688216562941,
    0.3639571728970225,
    0.1607654865166056,
    0.23335463651064017
  ],
  "5": [
    0.17114426383996473,
    0.24255362106608214,
    0.25279356752200133,
    0.11412846530766987,
    0.467876898445239,
    0.7133384695733108,
    0.5488611494052895,
    0.3734147375902571,
    -0.008011542437442301,
    0.32265543204459934
  ],
  "6": [
    0.17591086755589455,
    0.17621198813122546,
    0.29337407847180674,
    0.33500972782087945,
    0.1927240429265537,
    0.3218185659092027,
    0.5768045294973766,
    0.429087480508164,
    0.1750154758651505,
    0.15769601020320445
  ],
  "7": [
    0.3318268924059589,
    0.03557974445694132,
    0.13591112829591706,
    0.09465942975474437,
    0.27234552574895976,
    0.13870050001971235,
    0.42209415276987894,
    0.4210182632994705,
    0.709084624976175,
    0.4314381755867744
  ],
  "8": [
    0.11014733138972234,
    0.3183441393209955,
    0.20528597667607185,
    0.20629124689666445,
    0.3897980922608595,
    0.1311670350237653,
    0.46347516706627007,
    0.6940506498708865,
    0.5605376476284782,
    0.504688576888151
  ],
  "9": [
    0.25872220629572235,
    0.18670736634112822,
    0.19686499139834487,
    0.004114367229585053,
    0.30344374639134136,
    0.20482776381268622,
    0.24799570254836584,
    0.3206576348944402,
    0.3926175071072651,
    0.6605115334869354
  ],
  "-1": [
    0.48609419972812157,
    0.47953465333740614,
    0.49623792610309436,
    0.4525880769657078,
    0.48656901265188834,
    0.4555274468396089,
    0.4726159851743617,
    0.4801282091404741,
    0.47910179048849777,
    0.4675308268570348
  ]
}