{
  "0": [
    0.3713679131938473,
    0.19845747769846286,
    0.08238292521507229,
    -0.09095557283786088,
    -0.07180236740532277,
    -0.10628319815849369,
    0.010937001079145622,
    -0.1408643323021474,
    0.028762612596130437,
    -0.08405942353728217
  ],
  "1": [
    0.16286882594389218,
    0.3969513032547365,
    0.16272190504828493,
    0.07958840375664808,
    -0.05511485902452696,
    -0.08693806499747095,
    -0.1985388144195917,
    -0.15538915876544973,
    -0.13303892539267137,
    -0.10024491247850487
  ],
  "2": [
    0.6797067054486303,
    0.7753798975089393,
    0.30549611603903254,
    0.27295985569963743,
    0.01580443688846775,
    0.31341924099244756,
    0.13930713532295488,
    0.20831440530435755,
    0.1229359101304886,
    0.1647849343275009
  ],
  "3": [
    0.17244523392928035,
    0.390254097415369,
    0.6263951294594313,
    0.45531690593090424,
    0.2879043909666815,
    0.10362483025005416,
    0.2950631890445392,
    0.17865733770965497,
    0.21012396629625785,
    0.06173342112986315
  ],
  "4": [
    -0.044822404949322756,
    0.19424606514096734,
    0.07785810695766454,
    0.22767915702022606,
    0.29972664876971433,
    0.23704212941893565,
    0.22792737352922757,
    0.03430917406694699,
    -0.017200083164129007,
    -0.19262017176469284
  ],
  "5": [
    0.0672310398619867,
    0.06504164605487098,
    0.07211598337007363,
    0.04015156449673482,
    0.0699743996701868,
    0.4045645263726688,
    0.2290984779396548,
    -0.08336965529154187,
    0.004213195009769952,
    0.13380936785192393
  ],
  "6": [
    0.09837031565165333,
    -0.006393382968990842,
    0.10200996885848149,
    0.08762398502589068,
    0.13963324985497066,
    0.24497748661645846,
    0.37119935231940165,
    0.2531088626019586,
    0.19843122000367716,
    -0.0004160362224647912
  ],
  "7": [
    0.07802220808951141,
    -0.05117580978943885,
    0.11188144572805778,
    -0.006111024518107092,
    0.07583969109661341,
    -0.059220222250234024,
    0.44850741106306563,
    0.1517304674339012,
    0.2457059695838081,
    0.16360414026537404
  ],
  "8": [
    -0.03120599687993971,
    0.057953807521248124,
    -0.104251474314206,
    -0.1126626194239503,
    0.028765468277293836,
    0.02927134935214372,
    0.2740912663878459,
    0.5827864171640826,
    0.23009575151209083,
    0.35471097756792136
  ],
  "9": [
    0.06586664683359669,
    0.15899332946813707,
    -0.006790547263235008,
    -0.03286895398343109,
    0.103363188334746,
    -0.07905277894903734,
    0.17340719071313124,
    0.165865056921929,
    0.47946161169132995,
    0.21693323178923102
  ],
  "-1": [
    0.343195638056197,
    0.35077324364378404,
    0.3396944862946626,
    0.32916472241105965,
    0.3262252631826713,
    0.3267247634698932,
    0.32307634954937947,
    0.3464926642524377,
    0.327289984571235,
    0.3328637279003312
  ]
}