{
  "0": [
    0.0005187047532827322,
    0,
    0.0009855390312371913,
    0,
    -0.0738389253072992,
    0.0014056898813962044,
    -0.0970896913919143,
    -0.1,
    0,
    0.005705752286110055
  ],
  "1": [
    0.0640376238620657,
    0,
    -0.17957312420138946,
    0.005763386147585914,
    0.005187047532827322,
    -0.08873200264700366,
    0.010950433680413235,
    -0.09340034542654825,
    0.005763386147585914,
    -0.16116172981994004
  ],
  "2": [
    0,
    0.11798416595470325,
    0.01708288834990135,
    0.04398404487439564,
    0,
    -0.06596259126063708,
    0.010725833268609389,
    -0.07540735058783662,
    -0.08755094962384391,
    -0.09755652566986876
  ],
  "3": [
    0.009860713529823636,
    -0.1346140083848017,
    0.07934285982411521,
    0.07768215337777011,
    0,
    -0.05040639196622944,
    -0.07905411601124503,
    0.0030220623840591866,
    0.0036425619259079127,
    -0.07910240019120396
  ],
  "4": [
    0.000773747313179171,
    -0.07876442373685023,
    -0.08686742031290895,
    0.003898749447719426,
    0.00035443176797449335,
    0,
    0,
    -0.06486877621292769,
    -0.15663830220305214,
    -0.09
  ],
  "5": [
    0,
    -0.09936135788917287,
    -0.1,
    0.003292562948972839,
    0,
    0.038281419138823825,
    0.00029932390445207627,
    0.00029932390445207627,
    0,
    -0.09
  ],
  "6": [
    0,
    0,
    0,
    0.006970709958939671,
    -0.0861219040396977,
    0.016246246228584806,
    0.18051384698427564,
    0,
    0.016246246228584806,
    0.013160260400048486
  ],
  "7": [
    0,
    0,
    0,
    0.007343938906415409,
    0.011385372441254054,
    0,
    0.04668049381407976,
    -0.09858739295937557,
    0.007982364442207639,
    0
  ],
  "8": [
    0,
    0,
    0,
    0,
    0,
    -0.09934839086743481,
    0,
    0,
    0.007270499517351256,
    0.0807833279705695
  ],
  "9": [
    0,
    -0.17958739295937556,
    -0.09860151902978181,
    0,
    0,
    -0.09,
    0,
    -0.1796967766627941,
    0,
    0
  ],
  "-1": [
    0.012358646945024285,
    0.027149714779236014,
    0.021045954405274684,
    0.015292886255704553,
    0.013561948786455828,
    0.007961487763617246,
    0.008675927888861377,
    0.023825786880178695,
    0.013913917243060339,
    0.011900932789460101
  ]
}