{
  "1_6": [
    0.39040436959537106,
    0.5982580416724598,
    0.5343303166341722,
    0.29574919784776466,
    0.617400029632066,
    0.7238896937512377,
    0.8139127761158143,
    0.947043758502256,
    0.6519198558373301,
    0.47210046206516215
  ],
  "0_0": [
    0.5595632466661014,
    0.4096558543857669,
    0.48438882372708775,
    0.4800486254609531,
    0.4672252833663552,
    0.4413775577439463,
    0.4422629332619196,
    0.5671150665957002,
    0.4525009622253123,
    0.49737617656277944
  ],
  "1_1": [
    0.502718356967063,
    0.580109219842133,
    1.0415589162696726,
    0.3272789196297952,
    0.41212747700052216,
    0.46320724373525385,
    0.39138109678898436,
    0.33976149192756333,
    0.28985785962778027,
    0.41013459398926355
  ],
  "0_6": [
    0.5758394012943743,
    0.5288124540207285,
    0.5263159567436655,
    0.5541394729824034,
    0.5612870078446524,
    0.481640118328191,
    0.5499632902067237,
    0.5252277119811939,
    0.6382012155015185,
    0.5645582521713419
  ],
  "0_1": [
    0.5352816018132585,
    0.49204656135118535,
    0.5801135225080687,
    0.6740429270414618,
    0.5243588535157453,
    0.5280508774302859,
    0.5550698448730755,
    0.5236713848521725,
    0.559613524047473,
    0.445942739318935
  ],
  "1_0": [
    0.7491968774787715,
    0.49092242840687667,
    0.3791644437699639,
    0.15984061913739556,
    0.1587272365672638,
    0.32984169599700974,
    0.3830896691421972,
    0.4318904917288893,
    0.371594702640279,
    0.4422706453605044
  ],
  "0_9": [
    0.49889609507119426,
    0.4927520699622908,
    0.49690970853277827,
    0.4896599147278183,
    0.4614605764254792,
    0.4786420983079382,
    0.46244464050782097,
    0.442878652374351,
    0.5095931226509219,
    0.6352670768992567
  ],
  "1_8": [
    0.20520511023387988,
    0.16019699691336048,
    0.34907415195248515,
    0.1380208559545928,
    0.2345632861196057,
    0.48506520758353194,
    0.49567674672588774,
    0.5020268999789175,
    0.5182159597327043,
    0.6445084946284493
  ],
  "1_2": [
    0.5417901068022439,
    0.8707564643304612,
    0.5695966138751257,
    0.5578277796776278,
    0.310428620772672,
    0.046059669639388234,
    0.37727846035063584,
    0.39759168502386166,
    0.47951231374242353,
    0.2586835178971388
  ],
  "0_2": [
    0.4590405154550247,
    0.5046897475521709,
    0.46966696403659824,
    0.572376452689066,
    0.6013388443834502,
    0.5016548567518491,
    0.5116703525023305,
    0.5726166830387989,
    0.5523570597472892,
    0.4820335136341017
  ],
  "1_5": [
    0.5882774672170417,
    0.48381296337971247,
    0.400022959994704,
    0.5087902875054079,
    0.5627063172931053,
    0.7651502185176942,
    0.688562253300593,
    0.6550229349605525,
    0.6403691124849583,
    0.4044065767307347
  ],
  "0_4": [
    0.5518182524259178,
    0.48533615210237635,
    0.5484139099859346,
    0.5446739016798083,
    0.5953771535995366,
    0.5441781244933603,
    0.5215917722628326,
    0.44113278807186873,
    0.4685609876036093,
    0.5877808015311289
  ],
  "1_7": [
    0.3802102556944502,
    0.27208509272427267,
    0.5549893974366079,
    0.3270398368142552,
    0.3265277764045944,
    0.3035951529042723,
    0.745428169013069,
    0.5831565821285847,
    0.537934769084461,
    0.6265466496176442
  ],
  "0_7": [
    0.5330542804836809,
    0.5151701489572112,
    0.5605536976826876,
    0.5212097303253953,
    0.5902305859134592,
    0.623776281377492,
    0.534885928169077,
    0.5564561026399267,
    0.5708764238363043,
    0.5415426858112374
  ],
  "1_4": [
    0.5485062336601554,
    0.35087054339920787,
    0.41053948095863513,
    0.6836873556517344,
    0.6984502333780408,
    0.826549860796227,
    0.43488893158786424,
    0.20336869618547274,
    0.5640871538368301,
    0.5450349803590119
  ],
  "0_8": [
    0.5923095929524477,
    0.4496782234607998,
    0.624033293581265,
    0.5496972449783368,
    0.5509361415774323,
    0.5366109837128472,
    0.5651532637138533,
    0.6263884569864115,
    0.5051367570603934,
    0.4727580581975929
  ],
  "1_3": [
    0.3391925709474184,
    0.2701150160245863,
    0.8065581525622533,
    0.6694514248934619,
    0.8397624064056789,
    0.5389379349375618,
    0.5880658810174348,
    0.5439514950828674,
    0.5836156579909935,
    0.5682039722415478
  ],
  "0_5": [
    0.5499081586530061,
    0.4867125306890211,
    0.49481982193747853,
    0.538720103196711,
    0.5996732167272883,
    0.5459003060758068,
    0.5362956809354434,
    0.5344345790661862,
    0.5117009248111885,
    0.4891509032825832
  ],
  "1_9": [
    0.487631663722788,
    0.242952189966256,
    0.41913533107932716,
    0.16953435739517464,
    -0.03470357082044248,
    0.16709075634525944,
    0.1785636716392858,
    0.1288405976047914,
    0.9702624843357976,
    0.4296037715902827
  ],
  "0_3": [
    0.51269157780353,
    0.4816479712595988,
    0.5676340492387659,
    0.4944542745432655,
    0.6462639281574769,
    0.5712271169469488,
    0.5936204061864948,
    0.5508083704704722,
    0.527903922013463,
    0.5451877453000817
  ]
}