{
  "1_6": [
    0.2718548911325476,
    0.5371246254380143,
    0.5343303166341722,
    0.32986893994434646,
    0.5848220024467682,
    0.7090772006007355,
    0.7446464593951766,
    0.9739714841162848,
    0.7098619633777048,
    0.48421992010342996
  ],
  "0_0": [
    0.5866876481030829,
    0.4096558543857669,
    0.48438882372708775,
    0.4800486254609531,
    0.4607738858944259,
    0.4413775577439463,
    0.4422629332619196,
    0.5595467147558151,
    0.4096594271746668,
    0.49635477082277535
  ],
  "1_1": [
    0.4279046539593684,
    0.5512878811139216,
    0.7962062384099972,
    0.3131719657549942,
    0.3448744957433818,
    0.46320724373525385,
    0.293459368223081,
    0.1698140788200176,
    0.3655938740153017,
    0.41013459398926355
  ],
  "0_6": [
    0.5330385378813256,
    0.5109210057114864,
    0.5263159567436655,
    0.5490358666170257,
    0.5605245941370658,
    0.45927929993213723,
    0.5346108545824976,
    0.5140193764127803,
    0.6485430503352029,
    0.5641531403229464
  ],
  "0_1": [
    0.44128765554003474,
    0.47405166203683147,
    0.5572227563508513,
    0.5601795169717662,
    0.5123943468135486,
    0.4635409235964505,
    0.5606766109829046,
    0.5078798218863849,
    0.5883786239555938,
    0.445942739318935
  ],
  "1_0": [
    0.8403008287464095,
    0.484297344948719,
    0.3791644437699639,
    0.15984061913739556,
    0.1809968796308535,
    0.3053187533822002,
    0.3830896691421972,
    0.3895578676504271,
    0.3427280521079443,
    0.3735696075872231
  ],
  "0_9": [
    0.49146053923653255,
    0.4927520699622908,
    0.47244047851945825,
    0.42759737676175047,
    0.4614605764254792,
    0.4665481537696463,
    0.46244464050782097,
    0.442878652374351,
    0.5003588326679428,
    0.6123941454914378
  ],
  "1_8": [
    0.2873079629520294,
    0.19065552010771886,
    0.34907415195248515,
    0.1380208559545928,
    0.3100369088332183,
    0.47774929632115815,
    0.43236406636938135,
    0.49405326293178436,
    0.5741258395729568,
    0.5121935419703273
  ],
  "1_2": [
    0.5417901068022439,
    0.667910195872814,
    0.5427798441537454,
    0.5479645638050019,
    0.2247734793276134,
    0.1626360298583902,
    0.3196728660901525,
    0.3397823838609757,
    0.47951231374242353,
    0.2586835178971388
  ],
  "0_2": [
    0.4590405154550247,
    0.49843009682494993,
    0.46966696403659824,
    0.5537516199079328,
    0.6466085234872212,
    0.48852509894177853,
    0.5116703525023305,
    0.5412163382610448,
    0.503012638560712,
    0.46165411743116547
  ],
  "1_5": [
    0.5734896949536872,
    0.4575866188123716,
    0.4897491557128129,
    0.4789741665460439,
    0.45205227214479543,
    0.810641993092595,
    0.6869647690952708,
    0.6064192334928056,
    0.6054360535725131,
    0.4044065767307347
  ],
  "0_4": [
    0.5209431660394297,
    0.44302865348784487,
    0.5145745322724422,
    0.5446739016798083,
    0.5411391066116695,
    0.5507863034945243,
    0.48488039443418857,
    0.44113278807186873,
    0.4612943881559264,
    0.6123848005923023
  ],
  "1_7": [
    0.412251231875803,
    0.20416034816868464,
    0.42294178390346926,
    0.37579036854659964,
    0.39953206010424214,
    0.18287205014028887,
    0.594393685364208,
    0.7397727239380667,
    0.6250524094074479,
    0.632875403654186
  ],
  "0_7": [
    0.5189910419204367,
    0.5061404154935024,
    0.5271863095983713,
    0.5106826702953235,
    0.5417261168773971,
    0.5956008322655968,
    0.5232165235173036,
    0.5385416717748831,
    0.5608258714273143,
    0.5013570904790863
  ],
  "1_4": [
    0.5485062336601554,
    0.33418092007239425,
    0.41053948095863513,
    0.6755840566127365,
    0.6357195081579269,
    0.8905353544052091,
    0.4007498357475191,
    0.20336869618547274,
    0.5271831910224388,
    0.43287632766503015
  ],
  "0_8": [
    0.5935986019014879,
    0.4496782234607998,
    0.5084397246227925,
    0.5083584615302043,
    0.49716385184059897,
    0.470176759588786,
    0.5079043849992235,
    0.4184172075380264,
    0.5030844644280723,
    0.4624449914033919
  ],
  "1_3": [
    0.3171487036850585,
    0.21923305488942768,
    0.8233748330949646,
    0.6694514248934619,
    0.8089474069344601,
    0.5389379349375618,
    0.5880658810174348,
    0.6473937334627212,
    0.49153755951446365,
    0.5447661052953349
  ],
  "0_5": [
    0.5486197087234689,
    0.46307263880948485,
    0.4875947399209222,
    0.5010183375972469,
    0.5095445534402706,
    0.6007256687429774,
    0.5391387287995998,
    0.5344345790661862,
    0.4927305341808121,
    0.48691547044180644
  ],
  "1_9": [
    0.43063848408751837,
    0.242952189966256,
    0.41913533107932716,
    0.318716403715736,
    -0.03470357082044248,
    0.08340224297793665,
    0.13780415461526785,
    0.1288405976047914,
    0.48507946120933343,
    0.5457597842556872
  ],
  "0_3": [
    0.4987075275978336,
    0.4816479712595988,
    0.5676340492387659,
    0.4944542745432655,
    0.6692476895236762,
    0.5728719221016777,
    0.5936204061864948,
    0.5465659613251834,
    0.5155983510925072,
    0.5451877453000817
  ]
}