{
  "1_6": [
    0.3049383911441656,
    0.5516265998746038,
    0.5934839581439568,
    0.3338643675532343,
    0.509245046507551,
    0.604843043686384,
    0.6583757291919302,
    0.5811730808084494,
    0.6892798951582184,
    0.47210046206516215
  ],
  "0_0": [
    0.5720398056619352,
    0.4591262731644493,
    0.5373630612083241,
    0.48461613778392765,
    0.514991067963791,
    0.5122126123571652,
    0.46796476834005274,
    0.5821320199395174,
    0.4690332319710216,
    0.503709550076062
  ],
  "1_1": [
    0.5181460183100283,
    0.6181944177964276,
    0.6393934408504408,
    0.33983913088589834,
    0.4771605317859682,
    0.48676000683190856,
    0.39138109678898436,
    0.33534846696517906,
    0.2547939925170855,
    0.3091337665330849
  ],
  "0_6": [
    0.5882805172432305,
    0.5490300785096258,
    0.5378014058135117,
    0.5553987125737646,
    0.569262302629846,
    0.5079845049215876,
    0.5499632902067237,
    0.5252277119811939,
    0.6285086523198378,
    0.592473241651951
  ],
  "0_1": [
    0.5409586764242443,
    0.5140992865219457,
    0.5785845050900303,
    0.6100978910760779,
    0.5419176854239868,
    0.5323371495085187,
    0.5847075914003262,
    0.5348928585251131,
    0.5828542098810293,
    0.49394926933192834
  ],
  "1_0": [
    0.947516120697725,
    0.5595813932506409,
    0.5609417759133097,
    0.21977443859774728,
    0.2368481305011791,
    0.241293631887104,
    0.44710516689327595,
    0.517437604599819,
    0.4221176278313644,
    0.5643968473578616
  ],
  "0_9": [
    0.5406170153178288,
    0.4927520699622908,
    0.5198689008322253,
    0.49676431115079656,
    0.5000639098550952,
    0.5019917833921363,
    0.5062441407187178,
    0.47339492231938596,
    0.5349399607362251,
    0.6204866949605878
  ],
  "1_8": [
    0.2673725656105969,
    0.2032644587421716,
    0.34907415195248515,
    0.1926564718923794,
    0.35894001120567254,
    0.4875882325885619,
    0.5156543449824896,
    0.5189766655998959,
    0.8063005825011967,
    0.5662705952828426
  ],
  "1_2": [
    0.4441029525909319,
    0.609388569957502,
    0.5867282881546056,
    0.755676216683584,
    0.335843640262563,
    0.030671795809282587,
    0.4129782707978813,
    0.4304666597230008,
    0.47426713134430093,
    0.3966219704236376
  ],
  "0_2": [
    0.4754965879294005,
    0.5245957057073245,
    0.49363930927954075,
    0.6136952375728828,
    0.5792066614252688,
    0.505393935187253,
    0.5526406982432316,
    0.5631805179434679,
    0.5512386823344578,
    0.5168488657960145
  ],
  "1_5": [
    0.6101885451673208,
    0.4029578366030837,
    0.44896691917181714,
    0.6380646754860255,
    0.5640665868060356,
    0.7703365943943086,
    0.5688632073123547,
    0.5191072640302886,
    0.49382383823664017,
    0.46849376244081364
  ],
  "0_4": [
    0.637881890252509,
    0.48533615210237635,
    0.5596899491140662,
    0.5419968758231136,
    0.5808593996292656,
    0.5458329540403188,
    0.5782259428394735,
    0.45479309112779837,
    0.4926636312786313,
    0.5788516090740472
  ],
  "1_7": [
    0.3202626929622916,
    0.46004119204891636,
    0.5918691413200377,
    0.4003023504245063,
    0.2640746583425122,
    0.3325183997438852,
    0.7492411106155562,
    0.6116107423679622,
    0.639466667168968,
    0.6805941535136422
  ],
  "0_7": [
    0.5620180848258989,
    0.538734143368173,
    0.5941244829414098,
    0.5281246979256989,
    0.5900684830165694,
    0.5866536661717383,
    0.5522256010313318,
    0.5561516147465358,
    0.5708764238363043,
    0.544072957801728
  ],
  "1_4": [
    0.5107544822082515,
    0.3976723492422013,
    0.3245876616764239,
    0.7013389933882833,
    0.6406197988835975,
    0.7091059802538198,
    0.33864947184227734,
    0.24579186165752245,
    0.4679044896798342,
    0.4548106397262467
  ],
  "0_8": [
    0.5802501904039087,
    0.508231604400696,
    0.5868323920263433,
    0.5937020844606812,
    0.5530285159614505,
    0.5392028541895214,
    0.6796571649987568,
    0.6059182566389527,
    0.546217401358758,
    0.5238877090600306
  ],
  "1_3": [
    0.34299594909281045,
    0.30809975863710826,
    0.8308766131200633,
    0.6771312304585135,
    0.5952337655828843,
    0.6225154098634009,
    0.42442056004344,
    0.5631383753266556,
    0.4899317410074949,
    0.5449495622927375
  ],
  "0_5": [
    0.6040277442396412,
    0.5186981327630219,
    0.5256588501610668,
    0.5379384795041796,
    0.5824283534137277,
    0.5657697831844242,
    0.5477873244165794,
    0.5342053427312854,
    0.5354478191493887,
    0.5183369588458444
  ],
  "1_9": [
    0.5531623321927307,
    0.3407729756663654,
    0.4961051716251691,
    0.2818269883980201,
    0.0029598952458328304,
    0.20748877361852666,
    0.1785636716392858,
    0.3462910339127402,
    0.9158764978821509,
    0.4975934683350993
  ],
  "0_3": [
    0.5153598710983829,
    0.5117667691047096,
    0.5714193039637147,
    0.5230011201983104,
    0.6507244888499956,
    0.573559429435364,
    0.5896206116100859,
    0.559220172148915,
    0.5666147673109627,
    0.5664498697499475
  ]
}