{
  "1_6": [
    0.0680792322226561,
    0.04744556131166891,
    -0.08332490324651723,
    -0.17327815424718934,
    -0.12657278342796416,
    0.20113956566786456,
    0.1452066449534638,
    0.12041130745954663,
    0.10968914517914988,
    -0.04730509638713658
  ],
  "0_0": [
    0.025550112577145685,
    0.020580453240617483,
    0,
    0.0032376239143468103,
    0.010086957180481543,
    0.0018506966778299762,
    0.0009537162558539303,
    0.0022995101319431117,
    0.0007688250606480998,
    0.009311568009156845
  ],
  "1_1": [
    0.056084001215737714,
    0.057441303461071666,
    0.1610853341550288,
    -0.09045599132794484,
    -0.09067351906289614,
    -0.04337253469264422,
    0,
    -0.1139035523158673,
    0.00930880894440585,
    -0.11941168845223948
  ],
  "0_6": [
    0.04605361388541853,
    0.013579478102973195,
    0.01813666881072122,
    0.017183882088618912,
    0.016954319633265942,
    0.03083676004155604,
    0.01782113308079178,
    0.026243405356619683,
    0.015676777463618362,
    0.04330690166353058
  ],
  "0_1": [
    0.0009085091923069163,
    0.0012754251227696854,
    0.002247386434838396,
    0.0023141046384125585,
    0.020573860898124727,
    0.0022011209880991715,
    0.0001147882610492717,
    0.009305568532338541,
    0.00021809769599361625,
    0.0027859003110775192
  ],
  "1_0": [
    -0.021248875511005124,
    0.0009485944708928772,
    -0.07139150954468772,
    -0.1176980749671932,
    0.0006225956571940294,
    -0.09770048986805689,
    -0.09924229594934886,
    0.00029151721496299747,
    -0.09591169554508301,
    -0.17699638661533557
  ],
  "0_9": [
    0.008089584157596127,
    0.019540682877754182,
    0,
    0.006139352422888471,
    0.027209518893977012,
    0.005403859928235386,
    0.02225614437342415,
    0.005972706885694044,
    0.004723899112601109,
    0.0021248178901095757
  ],
  "1_8": [
    -0.0323543613607336,
    0.03154174305420783,
    -0.0700290868672,
    -0.08005764770080086,
    -0.18797914717431086,
    0.005219985152462142,
    0.01394879212455781,
    -0.08326162780976325,
    0.05684563831031272,
    0.03134511420425136
  ],
  "1_2": [
    0.012965328542049279,
    0.026810738620264556,
    -0.01730109269704727,
    0.005577288045929416,
    -0.08704884164198826,
    0.018656683053479197,
    0.03333956297694384,
    -0.035510352797579844,
    0.03267360845798672,
    -0.1852243745977565
  ],
  "0_2": [
    0.009415750263471327,
    0.0017396328479349903,
    0.0005190316022237178,
    0.007501270260337694,
    0.016062162451368104,
    0.007097501079393068,
    0.00023136219145077275,
    0.02002795978158773,
    0.031254476672222274,
    0.006744978268598318
  ],
  "1_5": [
    -0.10178622531040099,
    0.05011421872069494,
    -0.06310128790240027,
    0.040846757703259004,
    0.20331814371348397,
    0.12935168862054552,
    0.18699135411442722,
    -0.06210479838843927,
    -0.040957097592119004,
    0.061477050164228865
  ],
  "0_4": [
    0.025239191502147144,
    0.0016027541728760601,
    0.008373458915570342,
    0.018596441427192856,
    0.004856865989142856,
    0,
    0.0020738016461076276,
    0.016366502247109137,
    0.0034531481126441645,
    0.008250602207564049
  ],
  "1_7": [
    -0.07846124269742495,
    -0.16213094259655703,
    0.01940527627127875,
    -0.15995207035354955,
    -0.1379169720811688,
    -0.05986556933484569,
    0.07121336853120379,
    0.058579316432449964,
    0.060042714110265565,
    0.02780910499735363
  ],
  "0_7": [
    0.020993542297507845,
    0.03680858948838048,
    0.010975620646769638,
    0.008057469798005597,
    0.01076453155141623,
    0.005823792369879153,
    0.035357880560792115,
    0.007303213495252519,
    0.005779446721304415,
    0.003654524404830286
  ],
  "1_4": [
    -0.04127830479941265,
    -0.09904182376677488,
    -0.06150229566591471,
    0.009322487525764698,
    0.1641642584067275,
    0.08149331870810175,
    0.01993640318944273,
    -0.06440618736126032,
    0.00914617042123982,
    -0.0806104220066139
  ],
  "0_8": [
    0.0018109480502449594,
    0.006525050329960923,
    0.0012319280674548546,
    0.015430242199901157,
    0.002524669069967612,
    0.0018483264572900773,
    0.010401014144854547,
    0.018470116222944404,
    0.0013938453087201817,
    0.001679101474813128
  ],
  "1_3": [
    -0.08505114992728981,
    -0.047118015751849304,
    -0.046664836459699974,
    0.09730065368278651,
    0.01568295181159574,
    0.011317236483545998,
    -0.05628443945079193,
    -0.06288132816848127,
    -0.13984216408914224,
    -0.042127649220427284
  ],
  "0_5": [
    0.0027266595403571976,
    0.0020001865358165553,
    0.00584790887612242,
    0.0009869647417346994,
    0.011240198346636233,
    0.005652254148216287,
    0.005584641708068307,
    0.00569103262569371,
    0.001495786596155469,
    0.00679683735089703
  ],
  "1_9": [
    -0.05280855218971993,
    -0.052213155505180436,
    0.023708578418706057,
    -0.2612835936537023,
    0.028141074830342762,
    0.07310065905618172,
    -0.05125450270731426,
    0.08071353902990998,
    0.03407388806245921,
    0.018373719373110563
  ],
  "0_3": [
    0.005116107447928145,
    0.0054300124030448975,
    0.004568852178850419,
    0.005014506137382064,
    0,
    0.001419849861739388,
    0.05571673485980071,
    0,
    0.008365500189835623,
    0.0031283339013571075
  ]
}