{
  "1_6": [
    0.3433830661118456,
    0.4682857794541204,
    0.6326544423856172,
    0.42198628956037787,
    0.5263606412503105,
    0.3874104152329698,
    0.6028516951210738,
    0.7617772723317545,
    0.6312502889856421,
    0.4277514590686514
  ],
  "0_0": [
    0.6366845211340884,
    0.5286463624717409,
    0.5593492645944745,
    0.5064502346265748,
    0.5359012753729312,
    0.5139350251716351,
    0.48144950204620873,
    0.5579173823837947,
    0.47454618863127873,
    0.5306748844290324
  ],
  "1_1": [
    0.6313030839980632,
    0.7635849641793832,
    0.5585940559246324,
    0.5949510289233624,
    0.5715979576836315,
    0.5419215474033751,
    0.20082134316157893,
    0.3758910609941099,
    0.309548149663114,
    0.37363052318923773
  ],
  "0_6": [
    0.6589581594621307,
    0.5759594725570607,
    0.5652697951655905,
    0.5585938702046357,
    0.5615050818035902,
    0.5118478571260295,
    0.5852020445152774,
    0.5252277119811939,
    0.5877813891108545,
    0.5837482047871341
  ],
  "0_1": [
    0.5510818043325852,
    0.570493763673412,
    0.6021623702915605,
    0.6183175974489431,
    0.5463891167991661,
    0.5496701468139801,
    0.5928134991282176,
    0.5348928585251131,
    0.6264690123785361,
    0.5125931248396841
  ],
  "1_0": [
    0.7899898443715094,
    0.7343113052755396,
    0.7098256209731759,
    0.26578842575304795,
    0.17165593339908258,
    0.18990873033252173,
    0.43144768336034345,
    0.5029134300059269,
    0.26352426681784874,
    0.5002440169472824
  ],
  "0_9": [
    0.5586772802227502,
    0.5265126085851614,
    0.5218037120510284,
    0.511640683603039,
    0.5201822609071137,
    0.5240884632476139,
    0.5630686637829222,
    0.49781560178004763,
    0.6080255007471412,
    0.5540592899107665
  ],
  "1_8": [
    0.3081177674150368,
    0.2913040402095142,
    0.3998251419235157,
    0.23645359071717498,
    0.28498680588872854,
    0.2886740615211141,
    0.5707330088636176,
    0.6716288834992082,
    0.8206291962605353,
    0.5492100849041626
  ],
  "1_2": [
    0.5291321126908158,
    0.609388569957502,
    0.624671760632473,
    0.9220455068012281,
    0.5282249699005325,
    0.108741137134145,
    0.4129782707978813,
    0.3174635592421206,
    0.5353170742816373,
    0.458941760739979
  ],
  "0_2": [
    0.5294869017543534,
    0.540409623475588,
    0.5530298244776053,
    0.6202305844641548,
    0.6087542944524257,
    0.5447284685160861,
    0.5854287457382191,
    0.5605419915703411,
    0.586281818307548,
    0.5324725576275084
  ],
  "1_5": [
    0.6239574968791967,
    0.40383061794204295,
    0.4033194518459097,
    0.6508013332099188,
    0.6182774613122983,
    0.8435646050105963,
    0.6134336602164797,
    0.5912742083490035,
    0.4747316194294207,
    0.2937919608835625
  ],
  "0_4": [
    0.609234675054311,
    0.49906118217158274,
    0.5596899491140662,
    0.5758084321315899,
    0.6067041400072505,
    0.5592830771790315,
    0.579023398383139,
    0.48270551556392605,
    0.5289193642504444,
    0.6059487831188339
  ],
  "1_7": [
    0.3485743260217275,
    0.46004119204891636,
    0.5445246306517844,
    0.4221836248577562,
    0.31235905496191346,
    0.27851712397251993,
    0.5615179314635764,
    0.5922126399660984,
    0.5352784312855181,
    0.6426384125347603
  ],
  "0_7": [
    0.564021620023438,
    0.5554097340582906,
    0.6153670646186737,
    0.5606387392869603,
    0.5900831367789452,
    0.6021851758229279,
    0.5739470471892035,
    0.5561516147465358,
    0.599121389531422,
    0.5473919465181004
  ],
  "1_4": [
    0.4155228365338792,
    0.2972305206112468,
    0.30408890982506165,
    0.7350326975546658,
    0.6873921686299433,
    0.634868986378121,
    0.3287734665137001,
    0.2300922760522632,
    0.5735608384060016,
    0.5427085334871746
  ],
  "0_8": [
    0.5728628994713416,
    0.5221004549877369,
    0.5913252494955834,
    0.5937020844606812,
    0.5916714311190139,
    0.539815211868075,
    0.6409501466919635,
    0.5923916240116657,
    0.5566944509751729,
    0.5286825140208172
  ],
  "1_3": [
    0.3284196752660127,
    0.48646234160806484,
    0.6336624108106732,
    0.6901006359967232,
    0.5952337655828843,
    0.49154562892723674,
    0.512017478878242,
    0.5739086331449839,
    0.42263477115980563,
    0.651305069010031
  ],
  "0_5": [
    0.6881111833361896,
    0.5819752906754986,
    0.5256588501610668,
    0.5646670530257398,
    0.5766040698795905,
    0.5796587360337879,
    0.6109750998949232,
    0.7365293234821617,
    0.5561409693064022,
    0.5506328278822086
  ],
  "1_9": [
    0.5858482391084833,
    0.4304395811800016,
    0.561307620233998,
    0.3231383700676064,
    0.22461963161833948,
    0.2013322667496526,
    0.29749581762984695,
    0.38866777492685145,
    0.8751216092656433,
    0.6103189333468305
  ],
  "0_3": [
    0.5448203055335289,
    0.5436846307373804,
    0.5779560717335354,
    0.5551050436505361,
    0.5756684814286921,
    0.5937965288178193,
    0.5684770489567915,
    0.6823515832957161,
    0.587556859001762,
    0.5800282804053675
  ]
}