{
  "1_6": [
    0.0873953645700154,
    0.40525120602588877,
    0.40221493106687434,
    0.37445343360552075,
    0.4502284488234583,
    0.6565598165574439,
    0.5754296012096369,
    0.812512417093238,
    0.480713577791692,
    0.44278568014248826
  ],
  "0_0": [
    0.22471678484140048,
    0.2798607195459407,
    0.32610403008072253,
    0.3650339690378933,
    0.31025805531385287,
    0.26557901404418255,
    0.33799847421409324,
    0.4566352242078574,
    0.2354547902735481,
    0.33609772998906357
  ],
  "1_1": [
    0.37211062301385583,
    0.6161713871657593,
    0.4054469690799056,
    0.23097503217408047,
    0.12776038149439128,
    0.2776954118012065,
    0.03310983410413297,
    -0.009289217297409412,
    0.24528503483831715,
    0.2846206920108023
  ],
  "0_6": [
    0.44368877570039145,
    0.3845045486599829,
    0.3040331577687808,
    0.31923028811721166,
    0.3180822534766829,
    0.3007018467463051,
    0.3366491505203225,
    0.3782522287429798,
    0.3730262498228987,
    0.30164288683484364
  ],
  "0_1": [
    0.33967880599055783,
    0.48321672236537716,
    0.3128778875600524,
    0.2954220170065085,
    0.3596039759331137,
    0.37113017385270264,
    0.35162096736306475,
    0.2874076910050854,
    0.3952996723745054,
    0.2529380137940645
  ],
  "1_0": [
    0.4772089769197621,
    0.18053792818364423,
    0.14271448314669735,
    0.03144162960250013,
    0.13864568827685264,
    0.04505842117321589,
    0.1595999726865311,
    -0.09949980886674101,
    0.3911045865833418,
    0.2327512516796638
  ],
  "0_9": [
    0.3028539648605863,
    0.3101043198830603,
    0.2924790912559871,
    0.27738073018945675,
    0.3081414091735153,
    0.3075833216471269,
    0.31120535324472487,
    0.4719876467790586,
    0.29664788098438943,
    0.2865540402101937
  ],
  "1_8": [
    0.10425452814876497,
    0.1580450622442207,
    0.009018984737892144,
    0.22960359278914905,
    0.12722089673681114,
    0.37681827297868437,
    0.22326701506085733,
    0.3499218436432282,
    0.41050378497324413,
    0.4102585561342529
  ],
  "1_2": [
    0.4348450420792286,
    0.5352386391588989,
    0.43230054739600243,
    0.6993744533974672,
    0.4939637693992009,
    0.15963696928766816,
    0.3043707318286856,
    0.06377617340372407,
    0.2055613156683975,
    0.309301276209743
  ],
  "0_2": [
    0.39966622561986587,
    0.3775602890829197,
    0.34705398145082506,
    0.3576270037714476,
    0.36115389116311714,
    0.3719583843037651,
    0.3874422072275717,
    0.34285610196878286,
    0.3654718743269162,
    0.3671809378407355
  ],
  "1_5": [
    0.338550969866142,
    0.1745971629966373,
    0.32921056806375937,
    0.2796245834470134,
    0.46918675004116134,
    0.48421332962829855,
    0.48818518010604567,
    0.2551910147379899,
    0.28019722021729554,
    0.2423922872373551
  ],
  "0_4": [
    0.3275600652895344,
    0.3445492400971296,
    0.3427176704670819,
    0.3367003495950514,
    0.5105425605004523,
    0.33994847085392477,
    0.38078027974296397,
    0.35388210378332324,
    0.34464954945340504,
    0.33684740566168775
  ],
  "1_7": [
    0.10868542454392971,
    0.12010767164822213,
    0.18471182911038975,
    0.20869650504157494,
    0.3965396171985163,
    0.401134812262588,
    0.41706085213138516,
    0.5038858949580002,
    0.45084917366170213,
    0.35718762206124904
  ],
  "0_7": [
    0.32439461659535085,
    0.36892372051885297,
    0.2926144206826816,
    0.2839965555720799,
    0.42748082827060424,
    0.3448399874599421,
    0.3047291149569892,
    0.3656426214780755,
    0.35488044686396847,
    0.3558562521383313
  ],
  "1_4": [
    0.405838466456612,
    0.13170474244085822,
    0.24184699084677871,
    0.3182353944672556,
    0.4792772427730823,
    0.3714649926242314,
    0.21005551262836575,
    0.030009455056750123,
    0.2838544682999049,
    0.33361892641819996
  ],
  "0_8": [
    0.3316920824223446,
    0.4056251133138547,
    0.3558667420174688,
    0.29912864467869565,
    0.319309866124292,
    0.30216198906613567,
    0.3123861864280303,
    0.2798451199595809,
    0.3016468811983961,
    0.373080590636559
  ],
  "1_3": [
    0.07878936853347057,
    0.2789998640502134,
    0.40215641770005817,
    0.5451910117417403,
    0.32880503742349076,
    0.2914259663397956,
    0.3519620168267136,
    0.258574929668004,
    0.0758429556889574,
    0.26939981188163825
  ],
  "0_5": [
    0.3370175397823669,
    0.37458852755706656,
    0.30584432116672067,
    0.2545678689381645,
    0.32648756226768155,
    0.4719576676004488,
    0.36995490081214183,
    0.30886451058876724,
    0.3463707572062735,
    0.3353509687176403
  ],
  "1_9": [
    0.018341259052305506,
    0.34202042344271094,
    0.20976930832782037,
    0.1527517377551087,
    0.005920349569285735,
    0.17948482000666102,
    0.15837420179233566,
    0.27138807906682166,
    0.4178464808330517,
    0.6252681224406931
  ],
  "0_3": [
    0.27293413724172577,
    0.3347161381670601,
    0.35057376196478945,
    0.4164608679662107,
    0.33940398861094956,
    0.30695455561820884,
    0.45673904121420517,
    0.35493418573860325,
    0.42655180787778496,
    0.4580031043066425
  ]
}