{
  "1_6": [
    0.2456482988589237,
    0.7865996206409647,
    0.5753325565564338,
    0.28288241832844696,
    0.42197023275172363,
    0.5620934807652295,
    0.7820049888911794,
    0.9235909922335434,
    0.74446293386042,
    0.5910454288823606
  ],
  "0_0": [
    0.6212835681398352,
    0.5791013811901594,
    0.5891858307410804,
    0.5445968199839117,
    0.5709385217611093,
    0.5938575916327435,
    0.5218133594926486,
    0.5757522105063924,
    0.49931872070051314,
    0.5888515518314479
  ],
  "1_1": [
    0.5145579451155637,
    0.5772510862693159,
    0.8508093661239043,
    0.6245275330697798,
    0.3383190145319143,
    0.4997098826090304,
    0.3855875493084428,
    0.4877575375790127,
    0.314733101248887,
    0.3412017661130598
  ],
  "0_6": [
    0.6057853515448663,
    0.6169068957844009,
    0.6397939381169493,
    0.592471066128879,
    0.6168820024535139,
    0.6078434388414733,
    0.6129253652762274,
    0.54758882550513,
    0.5853343258982107,
    0.605697621136098
  ],
  "0_1": [
    0.5842989203505105,
    0.6169254692985782,
    0.6070499812495231,
    0.6002601044996709,
    0.5721408541250816,
    0.5856569584842349,
    0.6000626319415909,
    0.5796797639576416,
    0.7379738197602712,
    0.593306593558817
  ],
  "1_0": [
    0.8266128751773649,
    0.6818999953783601,
    0.6134115544560148,
    0.2537087941644117,
    0.41042590851240557,
    0.19451986782120917,
    0.4503142266810082,
    0.5412252598967534,
    0.3441756738569801,
    0.452570324666935
  ],
  "0_9": [
    0.5915318537957437,
    0.530599768065021,
    0.6372025881352422,
    0.5972553975292069,
    0.6009437794882825,
    0.5677181271897408,
    0.628906878293314,
    0.5701728691440341,
    0.5946440964950882,
    0.5540592899107665
  ],
  "1_8": [
    0.4252857806542743,
    0.30695481667301033,
    0.4204636343816699,
    0.25266257391360614,
    0.5180423678251908,
    0.30138189928452624,
    0.6248511881814276,
    0.6577414608440667,
    0.749822009278588,
    0.6075861650103933
  ],
  "1_2": [
    0.7055271450312144,
    0.719488589029078,
    0.6943347257701706,
    0.9600160053246048,
    0.5012635026253011,
    0.3840084007563655,
    0.41480215600703807,
    0.445623247394312,
    0.5423469558802791,
    0.4343121725034908
  ],
  "0_2": [
    0.581377150974104,
    0.5825258871161757,
    0.6154886695453301,
    0.6170510666094596,
    0.6117307516529887,
    0.6038847077609638,
    0.6007891321135088,
    0.6835166499038942,
    0.5893586599624537,
    0.5943132656575608
  ],
  "1_5": [
    0.6204727383621498,
    0.5139356071713542,
    0.4431723707727074,
    0.6649079326333156,
    0.6237106706188824,
    0.8368998745438196,
    0.7003798721049672,
    0.4903998522146334,
    0.5681539407711742,
    0.46351370825703736
  ],
  "0_4": [
    0.5989558099133153,
    0.5389116510887784,
    0.5996311393617721,
    0.6208675886143853,
    0.6197817730857069,
    0.6027695914869249,
    0.6238259691976199,
    0.5456484672800392,
    0.5811974663902304,
    0.7842358129803638
  ],
  "1_7": [
    0.36032024016537334,
    0.3407424653399365,
    0.5130322674585313,
    0.4497230413934087,
    0.28940465751245853,
    0.24184957605664173,
    0.8127774666571679,
    0.6245604967078854,
    0.6228369600638974,
    0.60445276936315
  ],
  "0_7": [
    0.6153607309014106,
    0.5957608145747209,
    0.6257995222319132,
    0.5833358101921722,
    0.7574905149831317,
    0.6138003570394153,
    0.5932874204144285,
    0.5952714041876285,
    0.6275863665154578,
    0.5788860326087748
  ],
  "1_4": [
    0.43387959246149216,
    0.3785384247933925,
    0.5405488109811836,
    0.6363177638260413,
    0.934530343486167,
    0.72750989571451,
    0.2306204927431082,
    0.27971405206530986,
    0.6052433364142272,
    0.4671221387524473
  ],
  "0_8": [
    0.5979148145913118,
    0.5981138278967766,
    0.6016532219911978,
    0.6510199306713587,
    0.6008305475915041,
    0.5690490154552158,
    0.604190300625316,
    0.6008352056948862,
    0.6130647843989419,
    0.6025188235907295
  ],
  "1_3": [
    0.22044171170896504,
    0.47230227622983634,
    0.6170759872086775,
    0.6558513153613037,
    0.6468835519477627,
    0.6485952492524873,
    0.537902200737409,
    0.5142538650760996,
    0.5380098371946574,
    0.562020235591884
  ],
  "0_5": [
    0.6335360982316534,
    0.6206414395328697,
    0.5565859382214149,
    0.6644267810667143,
    0.6339887261773217,
    0.6222225794399456,
    0.6220410165468974,
    0.6479390559255443,
    0.6083177657331178,
    0.5895895743579683
  ],
  "1_9": [
    0.36526265053157075,
    0.46613298477275744,
    0.6512711347408653,
    0.5367213517916154,
    0.2606071761193514,
    0.3309367870337129,
    0.275816563224365,
    0.6508508764977252,
    0.9621871462654591,
    0.6103189333468305
  ],
  "0_3": [
    0.583829960677399,
    0.6222707122202501,
    0.6018892442627719,
    0.6160324010326793,
    0.6037400970195036,
    0.6176969890095559,
    0.5718867498555288,
    0.6172783130271019,
    0.7045270706907685,
    0.6139454744440604
  ]
}