{
  "1_6": [
    0.2174132882585553,
    0.013478718658886127,
    0.2074435719994076,
    0.22821443111206668,
    0.17140648054724555,
    0.24023137886488605,
    0.37293791413143135,
    0.46927776494818646,
    0.2749568593418782,
    0.22875548655119643
  ],
  "0_0": [
    0.09364609442313677,
    0.18060739123065264,
    0.09350763691405727,
    0.14717434822039785,
    0.17305867286704568,
    0.16977048127669625,
    0.17470210215382564,
    0.3005667968887753,
    0.17308920021993274,
    0.20983727963060794
  ],
  "1_1": [
    0.14585025902180934,
    0.2088352559402239,
    0.10626392298341603,
    0.1802309957622484,
    0.007667490123493565,
    0.04597345432247807,
    -0.05801456995879631,
    -0.009328360712473643,
    -0.09670096212567666,
    -0.01489317419369187
  ],
  "0_6": [
    0.1858735423671532,
    0.18995988254541113,
    0.14234429869740883,
    0.30280178419728965,
    0.19139666547764755,
    0.17652564346784017,
    0.16078176793989982,
    0.1480989508030987,
    0.1868261138582974,
    0.1932396521674134
  ],
  "0_1": [
    0.15565265964555763,
    0.2776227558430101,
    0.1491887302588008,
    0.18934968853404638,
    0.15224711616128983,
    0.18173417891215238,
    0.10292130853937285,
    0.15049685563256127,
    0.1596172546108965,
    0.14647385274032243
  ],
  "1_0": [
    0.40188060508630613,
    0.2478274996900448,
    0.12163247060339344,
    -0.13007170529139317,
    0.04147453986855375,
    0.08260356691701158,
    -0.12310055374071524,
    -0.19146265913108973,
    -0.07019362840838486,
    0.0324340500421822
  ],
  "0_9": [
    0.1812362718832801,
    0.20683171889713658,
    0.1562347618933691,
    0.1813136075722263,
    0.22820784577282238,
    0.1471611464481711,
    0.2862080560403475,
    0.22086492678596076,
    0.12404621360810958,
    0.16289929963693678
  ],
  "1_8": [
    0.11645871379758019,
    0.021859058491948538,
    -0.09497422579025529,
    0.08482358138536181,
    -0.10481063580469852,
    0.09605796348619462,
    0.11839761719547492,
    0.31156112560459504,
    0.3977575266996225,
    0.2564436006454845
  ],
  "1_2": [
    0.1580646539119024,
    0.1475533314923138,
    0.36745992539507966,
    0.31998880758874143,
    0.10037393811600565,
    0.09893326432387889,
    0.11170615718590508,
    0.016211003433357657,
    0.060499773088344734,
    0.16100995055554745
  ],
  "0_2": [
    0.22688751386906195,
    0.2681888373419383,
    0.21492530328308218,
    0.2017924392800595,
    0.16803794397800476,
    0.19720178121727164,
    0.22904082806047718,
    0.1943808139827483,
    0.19094184107355372,
    0.19303469255700886
  ],
  "1_5": [
    0.09161973087262726,
    0.0725387121981402,
    0.2554799039516149,
    0.23488426507495458,
    0.48114572682784457,
    0.3021736482307978,
    0.2876158508554354,
    0.24870096795317706,
    0.23911283633612856,
    0.18357955186185462
  ],
  "0_4": [
    0.19499667212031524,
    0.17118679927869918,
    0.2575190492435048,
    0.1937397626617749,
    0.2746926965360624,
    0.15108011378762118,
    0.19436034792892992,
    0.2060868382695111,
    0.14880408908390474,
    0.17942727758565633
  ],
  "1_7": [
    -0.08189897450092039,
    0.030769454014794057,
    0.1554160316322375,
    0.11332655317169396,
    0.23614134512123686,
    0.36401607503686517,
    0.315797540128373,
    0.4547271764726538,
    0.3316210808260459,
    0.23300171370197523
  ],
  "0_7": [
    0.22474962885206046,
    0.18534321435376677,
    0.18471007269231246,
    0.16716465853654536,
    0.2459520448206891,
    0.2740273853740823,
    0.21183232304408517,
    0.20162493207324655,
    0.18329429530711874,
    0.2735169078084997
  ],
  "1_4": [
    0.3254632366446981,
    0.23120785380230424,
    0.013751845661350626,
    0.21167187803397167,
    0.500455915353348,
    0.33756709536593604,
    0.13721567584453695,
    0.0634217702365476,
    0.04690381453610038,
    0.1952992886106662
  ],
  "0_8": [
    0.15668403299879638,
    0.2419430206617607,
    0.2161768264071884,
    0.1536628711398065,
    0.18640501808883925,
    0.17706165140990213,
    0.15743454422202377,
    0.19049941033237294,
    0.19409239016526877,
    0.169642511971449
  ],
  "1_3": [
    0.3203351246065377,
    0.13564539138617782,
    0.5795548237252555,
    0.32952731948587927,
    0.3306874449709603,
    0.35125357929390516,
    0.19842982271073922,
    0.18620814644066688,
    0.018948450000109293,
    0.15042725886913358
  ],
  "0_5": [
    0.1680232187259739,
    0.20110072031162138,
    0.20974526638185104,
    0.19956102555550137,
    0.20039222501230852,
    0.28068378135405203,
    0.22620026149516972,
    0.16996718087895193,
    0.2387743357242031,
    0.20975382124176598
  ],
  "1_9": [
    -0.19668158359218985,
    -0.06143481400376384,
    -0.014345516056065495,
    -0.10539880822278722,
    0.0004349892007580042,
    -0.1020143127614089,
    -0.018539178027706507,
    0.031653078808431455,
    0.04905206161983999,
    0.47632585759315127
  ],
  "0_3": [
    0.11956525454107413,
    0.1923355396005363,
    0.21479973617634632,
    0.2376024214430508,
    0.1772688299618177,
    0.21077511528230541,
    0.3125069423626773,
    0.22604413568598278,
    0.24652537888262377,
    0.18281521684059165
  ]
}