{
  "1_6": [
    0.21668264926519376,
    0.4998936635589171,
    0.5857565223810842,
    0.6278881802751786,
    0.6377427832425435,
    1.0008486807235304,
    0.665955016731351,
    0.6952429769912271,
    0.5949981543543169,
    0.572531887068297
  ],
  "0_0": [
    0.342081001004534,
    0.32924931546448677,
    0.40219985682791165,
    0.4066420604874516,
    0.38359601198339843,
    0.3080632724266372,
    0.38989461724070945,
    0.5003357299121433,
    0.3206786643418716,
    0.3812293284117072
  ],
  "1_1": [
    0.42860758936399596,
    0.2993137024386271,
    0.2730668844559157,
    0.22486640307985334,
    0.18490172630897195,
    0.17216496427573036,
    -0.004004409965901332,
    0.1124166712092954,
    0.2912170035336568,
    0.25014155648284486
  ],
  "0_6": [
    0.5169531720932243,
    0.4575080647486613,
    0.41131260309229783,
    0.4295342488754415,
    0.3474587120809474,
    0.3801276270732619,
    0.4790573888110952,
    0.3882041528644835,
    0.4368967656743858,
    0.4256602535073791
  ],
  "0_1": [
    0.36729071230086685,
    0.450427270155231,
    0.39973042985916485,
    0.33926732145150523,
    0.38035335303589685,
    0.37832004526993385,
    0.4131852779358564,
    0.37271760340026405,
    0.4465163790524811,
    0.3049292540299893
  ],
  "1_0": [
    0.6634297510578336,
    0.3099739042975336,
    0.22155392836362653,
    0.14371566018277313,
    0.19605530895967466,
    -0.1041355920937837,
    0.3601227703291235,
    -0.02314017814659236,
    0.16961205778439015,
    0.21269137425116885
  ],
  "0_9": [
    0.392944187641585,
    0.36087955383846154,
    0.3402226905324981,
    0.3016173971538654,
    0.3771603249622783,
    0.3570609677598556,
    0.3460907029631753,
    0.4645192021541021,
    0.331981154287899,
    0.3573297412399621
  ],
  "1_8": [
    0.06960821896837975,
    0.20087986247373202,
    0.26972093840246675,
    0.2162167922314252,
    0.24979621833685853,
    0.42411141829346316,
    0.28683476516919554,
    0.41378868273389574,
    0.424931954486079,
    0.4666887450945022
  ],
  "1_2": [
    0.4276992101479916,
    0.7420702121308709,
    0.4663807237578106,
    0.6007607910692508,
    0.2194159275641332,
    0.18065738113906585,
    0.2699590531808078,
    0.1554631372570307,
    0.21685719317024782,
    0.3734670156131815
  ],
  "0_2": [
    0.40188399877182845,
    0.3836608233551007,
    0.39474469392694583,
    0.39071247379971163,
    0.5106039682420005,
    0.376140035215533,
    0.4347178102466417,
    0.4046935919978278,
    0.39459629067641755,
    0.40594395297331964
  ],
  "1_5": [
    0.2881037363449511,
    0.3132501274687602,
    0.42903039363946455,
    0.2983474824617858,
    0.4041281684225448,
    0.4327161983040649,
    0.8812353540729414,
    0.26492622833651286,
    0.23781566269182355,
    0.33466335151665294
  ],
  "0_4": [
    0.40119540920734964,
    0.3991197512452915,
    0.4217848021347652,
    0.4082844873116299,
    0.5133495233118949,
    0.47596336328772615,
    0.40985971560769074,
    0.3783728338620211,
    0.42287476585614714,
    0.4340319680631832
  ],
  "1_7": [
    0.4041621929773599,
    -0.03930534929873037,
    0.35149608507681074,
    0.30245052227929703,
    0.5700117764198015,
    0.3877291918112181,
    0.7335235346098831,
    0.5277301974965987,
    0.46041820038298564,
    0.4809310595123621
  ],
  "0_7": [
    0.39320792865811605,
    0.4365617324839342,
    0.3661067349179622,
    0.3923298780012165,
    0.39694199660617163,
    0.36879566755746684,
    0.4088702946229765,
    0.4368155590869417,
    0.5345922729579945,
    0.3922054479381357
  ],
  "1_4": [
    0.5001748514158205,
    0.378966422396217,
    0.28136524629547366,
    0.3484406128885859,
    0.6898383219069678,
    0.5647372813707487,
    0.34930181716751685,
    0.1565808195697119,
    0.36896934118973396,
    0.32748529897766354
  ],
  "0_8": [
    0.43485705520996154,
    0.371994230459401,
    0.48746345290209087,
    0.3447134125270432,
    0.43337607738849726,
    0.3817046940327616,
    0.37624253051364687,
    0.3603948374933341,
    0.34069611600140437,
    0.3884435632371915
  ],
  "1_3": [
    0.3686257848881592,
    0.32393440407171825,
    0.6672052192433173,
    0.5167510245682859,
    0.4255625621512571,
    0.55275117515024,
    0.37123808104001027,
    0.40608565177514777,
    0.2720541088871726,
    0.42032143615802253
  ],
  "0_5": [
    0.42501829169308847,
    0.4285702439916717,
    0.4298346020690069,
    0.34996857657053065,
    0.39241062959398504,
    0.5758239161123414,
    0.4238258970935598,
    0.34323662125361803,
    0.4396128445291977,
    0.36698937814999405
  ],
  "1_9": [
    0.09488316635879829,
    0.20966434960097036,
    0.15721423095554737,
    0.1592730126496551,
    -0.029356065340697048,
    0.191984234666562,
    0.2240641913586264,
    0.39785874453989406,
    0.6646489368946427,
    0.37674973551335683
  ],
  "0_3": [
    0.34947882252842516,
    0.4345810908577918,
    0.4182710826678169,
    0.4419959270458903,
    0.4839278610389448,
    0.3850542520975059,
    0.4445990840264756,
    0.43672827746665965,
    0.4337464976807595,
    0.47715567769586736
  ]
}