{
  "1_6": [
    0.23954724486332918,
    0.1290213628189376,
    -0.009256475779978485,
    0.3196855167286452,
    0.2569498546452676,
    0.3584730443356925,
    0.40449395993947607,
    0.5948014424303435,
    0.23758883529752298,
    0.17054949940287606
  ],
  "0_0": [
    0.11165361454762979,
    0.19641840413603862,
    0.1418972897696971,
    0.14717434822039785,
    0.1822655021671031,
    0.18837269696887673,
    0.1832169858631285,
    0.29996052602130807,
    0.18228960517333212,
    0.22660258156490842
  ],
  "1_1": [
    0.12385859956107075,
    0.3309096659295632,
    0.10626392298341603,
    0.18008191872809612,
    -0.03701292832707248,
    0.10165733081709252,
    0.04956345311278054,
    -0.05042303733177368,
    -0.030224605412093923,
    0.004470165767749869
  ],
  "0_6": [
    0.24468585035028312,
    0.20635077112408481,
    0.22471184911953881,
    0.2982643668917884,
    0.21408356610472204,
    0.1858291319754147,
    0.193781886772007,
    0.172159775366712,
    0.22365640198158898,
    0.2680824195482415
  ],
  "0_1": [
    0.15565265964555763,
    0.30092679984969245,
    0.1491887302588008,
    0.19738720712953498,
    0.17006118931209355,
    0.22997651383051745,
    0.11784379203371095,
    0.20358417110386337,
    0.20410888784348447,
    0.193018408570673
  ],
  "1_0": [
    0.30553965501787234,
    0.12348620732745413,
    0.13592555128848807,
    -0.1607236446951888,
    0.0934593642597046,
    0.12437436679387158,
    -0.12310055374071524,
    -0.14529187389374848,
    -0.036717937822112384,
    0.06428563646908138
  ],
  "0_9": [
    0.1812362718832801,
    0.24132172343328478,
    0.18893577021924357,
    0.20499666028914423,
    0.23016478290393327,
    0.16437199019452797,
    0.29400870388825967,
    0.22377209925847508,
    0.16575809066578923,
    0.17922045305031126
  ],
  "1_8": [
    0.008651566789516743,
    0.021859058491948538,
    -0.09497422579025529,
    0.12672997235130823,
    -0.10481063580469852,
    0.12189236276651153,
    0.11839761719547492,
    0.4609053323181689,
    0.27560166522606927,
    0.2615413515487813
  ],
  "1_2": [
    0.27386797132386853,
    0.2907202906939661,
    0.31027874404741146,
    0.5050671354597309,
    0.28567884683997774,
    0.1443879426213727,
    0.1694763216444188,
    0.07772509672794331,
    0.18311710961510722,
    0.12674337402989183
  ],
  "0_2": [
    0.38943290629261645,
    0.2691401228084932,
    0.225460461856383,
    0.22395514666451113,
    0.19182997714509148,
    0.25128731958932193,
    0.24086054258167627,
    0.23026689685613014,
    0.2876211759205547,
    0.26379182342600443
  ],
  "1_5": [
    0.14845411055140373,
    0.1508175984744504,
    0.2915817426943198,
    0.08423159820635231,
    0.3816682763881503,
    0.2583320898534799,
    0.46087982899305274,
    0.24870096795317706,
    0.26742640953972696,
    0.3617553066927195
  ],
  "0_4": [
    0.20587332516342668,
    0.1958603284568077,
    0.25623733279154515,
    0.2118079323034694,
    0.29429992621103557,
    0.16164801473540938,
    0.22005084495213098,
    0.23662864951858784,
    0.18713069887706765,
    0.20080708540268502
  ],
  "1_7": [
    -0.02766634772397225,
    0.030769454014794057,
    0.1987392556428329,
    -0.023423126830919405,
    0.2772459491106854,
    0.25412716411994063,
    0.3843962852929711,
    0.4506826999098509,
    0.33521131620563316,
    0.24707308193016536
  ],
  "0_7": [
    0.22990090501234609,
    0.18534321435376677,
    0.19218848000455507,
    0.18457269214672692,
    0.32380835250755324,
    0.26807026993008004,
    0.21183232304408517,
    0.21164942597696507,
    0.20752844267256038,
    0.2735460029354361
  ],
  "1_4": [
    0.2202795973990734,
    0.27707936698829577,
    0.05569280724598274,
    0.21167187803397167,
    0.5680702915822056,
    0.34885141821114374,
    0.19524704210866953,
    0.13492364814419644,
    0.13440208519037522,
    0.21942981560776859
  ],
  "0_8": [
    0.16399569427945465,
    0.2981655424738654,
    0.2525636702301296,
    0.1536628711398065,
    0.19074458086049323,
    0.19257305292884727,
    0.15743454422202377,
    0.2076187237569032,
    0.21414383378353036,
    0.169642511971449
  ],
  "1_3": [
    0.340755617659377,
    0.16263271870849483,
    0.3860577691428704,
    0.4054287433999787,
    0.3306874449709603,
    0.24376153631857272,
    0.19842982271073922,
    0.2104566589799838,
    0.03087786982293643,
    0.1817555102769864
  ],
  "0_5": [
    0.1680232187259739,
    0.20110072031162138,
    0.21483528188817594,
    0.20804959492210628,
    0.238492446395061,
    0.2915611916057908,
    0.2335316111290238,
    0.17924163361495768,
    0.2645690946254882,
    0.20975382124176598
  ],
  "1_9": [
    -0.14628956899697745,
    -0.023345929402679072,
    -0.012761453409367324,
    -0.009746991719784992,
    0.08307214079360481,
    -0.06046520651741432,
    -0.21300958616115614,
    0.06966787557133117,
    0.167095228889916,
    0.48455711572829224
  ],
  "0_3": [
    0.1363153418652547,
    0.2162533268196841,
    0.21479973617634632,
    0.2419678041113867,
    0.1772688299618177,
    0.21782322856671582,
    0.329488777582513,
    0.2321463348956725,
    0.2515268309767876,
    0.21189681054003293
  ]
}