{
  "1_6": [
    0.2174132882585553,
    0.10385886702227036,
    0.2074435719994076,
    0.21158326265980112,
    0.26812553891014657,
    0.2249354268296004,
    0.37382782696068345,
    0.4054763318535136,
    0.2312019449776776,
    0.1832051397218889
  ],
  "0_0": [
    0.09364609442313677,
    0.18060739123065264,
    0.09350763691405727,
    0.14717434822039785,
    0.1639787285499372,
    0.1523367290714306,
    0.17470210215382564,
    0.26326254887993616,
    0.16402953567312178,
    0.16715677066479134
  ],
  "1_1": [
    0.1334146914837297,
    0.27093671749068765,
    0.10626392298341603,
    0.15800515097834034,
    -0.014679372726050327,
    0.2343313757232195,
    -0.013251657062873172,
    -0.039900730035020676,
    -0.04668294158249264,
    -0.11110843846090576
  ],
  "0_6": [
    0.1858735423671532,
    0.1856244840543681,
    0.1099720154886351,
    0.25036709401563717,
    0.1869511340128717,
    0.17652564346784017,
    0.14998495218731062,
    0.14001591089674817,
    0.18304609206919117,
    0.18604926799565905
  ],
  "0_1": [
    0.13831724067667642,
    0.23833630821291732,
    0.1491887302588008,
    0.1525120030915288,
    0.15224711616128983,
    0.15963256474808996,
    0.08871908834510878,
    0.14158080733754033,
    0.15298746960813406,
    0.13017321484121125
  ],
  "1_0": [
    0.3741956101444246,
    0.013253277670827998,
    0.12163247060339344,
    -0.13007170529139317,
    0.009161053284010207,
    0.053230502791831294,
    -0.12310055374071524,
    -0.19146265913108973,
    -0.07019362840838486,
    0.0324340500421822
  ],
  "0_9": [
    0.17145564529226673,
    0.13592310914782568,
    0.12480001825816879,
    0.13400177396842375,
    0.22228598154269785,
    0.10811053968085904,
    0.18271113303043895,
    0.1842824424995318,
    0.12404621360810958,
    0.15747988955393716
  ],
  "1_8": [
    0.08962281821623795,
    0.06520965627568312,
    -0.03664160642682876,
    0.1038602038689223,
    -0.10683091706446966,
    0.06749100211486281,
    0.1449605540081791,
    0.3445022340354233,
    0.19535167851225735,
    0.2537097677704308
  ],
  "1_2": [
    0.2526940194850999,
    0.11851358464427708,
    0.501738657013164,
    0.19451701842038155,
    0.0642282945769581,
    0.049607445939710546,
    0.12378953319953995,
    -0.01722192421338721,
    -0.06275265055204646,
    0.14902861991102548
  ],
  "0_2": [
    0.18923205429332352,
    0.2220965466541108,
    0.21058801276572242,
    0.18876442801944524,
    0.15542549250275994,
    0.17008005134208196,
    0.1877043279616381,
    0.19012821443173977,
    0.17057437482009763,
    0.1612549178476163
  ],
  "1_5": [
    0.09161973087262726,
    0.0725387121981402,
    0.2554799039516149,
    0.20416801780409463,
    0.3126645258310067,
    0.2184871147218206,
    0.2567917463528776,
    0.24870096795317706,
    0.2165894358608913,
    0.16513029317815675
  ],
  "0_4": [
    0.19038453261193725,
    0.1641919027075813,
    0.2108702558753024,
    0.1937397626617749,
    0.2691970708339802,
    0.1408908741423206,
    0.1866722552347184,
    0.19924347893212413,
    0.13825505341303385,
    0.17942727758565633
  ],
  "1_7": [
    -0.0033590994124460816,
    0.09681399551328652,
    0.19871286212926229,
    0.08543761994448192,
    0.22353228568858147,
    0.2686895359121846,
    0.0373120065789993,
    0.401735607183639,
    0.3347327299755665,
    0.32651906783056456
  ],
  "0_7": [
    0.18458552869246453,
    0.17586856309308005,
    0.14821757137775043,
    0.16716465853654536,
    0.25958628820732405,
    0.18722240974913384,
    0.1678968719099766,
    0.1623220034989329,
    0.17118227139692652,
    0.21553520378265983
  ],
  "1_4": [
    0.305341567640529,
    0.18830324838234894,
    0.16046208613130217,
    0.10681718480256633,
    0.592547462193832,
    0.33015930106110697,
    0.11758005330153874,
    0.1964186871168972,
    -0.03736178369037142,
    0.1644858069176655
  ],
  "0_8": [
    0.14838154236970374,
    0.1692662357625496,
    0.2000713167596101,
    0.1507293918127129,
    0.14845448800818756,
    0.17467855907016078,
    0.1526810508767178,
    0.19074159351607914,
    0.1577996983465936,
    0.16621227677326272
  ],
  "1_3": [
    0.3006112448899091,
    0.10301066830679659,
    0.4219970719879893,
    0.2954271138036838,
    0.18423593586730969,
    0.2997663821365336,
    0.10336604062104683,
    0.2692310970038543,
    0.0374275821745674,
    0.08343222876987944
  ],
  "0_5": [
    0.13915593499269352,
    0.19901712407061084,
    0.20634727320570956,
    0.1892447911322097,
    0.1693588499299523,
    0.24674869414221806,
    0.21305044161662146,
    0.11523117548569167,
    0.2387743357242031,
    0.20975382124176598
  ],
  "1_9": [
    -0.19668158359218985,
    -0.019078818725941978,
    -0.010284695201593558,
    -0.15193405390442574,
    0.0004349892007580042,
    -0.1020143127614089,
    -0.1145029639935849,
    -0.005206126387580584,
    -0.025312688060076634,
    0.3191866783006507
  ],
  "0_3": [
    0.11956525454107413,
    0.16245710009765674,
    0.20039456251187834,
    0.21981794760363715,
    0.1451640999756937,
    0.18496440816640497,
    0.2884247479672999,
    0.22255661725525377,
    0.21029070080267984,
    0.15516498710292378
  ]
}