{
  "1_6": [
    0.17249610249705716,
    0.5242714500637746,
    0.5593032240861705,
    0.4116629532468345,
    0.5537121049573225,
    0.8631410483516234,
    0.5990938415149157,
    0.7413283743840728,
    0.6006537029307413,
    0.4186575634055566
  ],
  "0_0": [
    0.4929959391184051,
    0.3807511266493061,
    0.4364685530607746,
    0.4620161392441755,
    0.4471146026675079,
    0.38727406022298844,
    0.42998642965920175,
    0.5675166767810806,
    0.39277985127595383,
    0.4603269761430149
  ],
  "1_1": [
    0.36884401535657396,
    0.42119796767575635,
    0.9589365465932852,
    0.16986480782616353,
    0.22078963345468833,
    0.38581499399322583,
    0.25857407694330536,
    0.037611376142016914,
    0.36935404322910925,
    0.19814768036424196
  ],
  "0_6": [
    0.5072100792887639,
    0.49837040311704395,
    0.4999451195502999,
    0.49388697340972626,
    0.5227490586471686,
    0.42520857829238334,
    0.5111345081907483,
    0.4705533485807047,
    0.6242470450215081,
    0.5196008718873876
  ],
  "0_1": [
    0.4182678741136619,
    0.46057158037002593,
    0.407705508360457,
    0.48606777716790084,
    0.4782733636902735,
    0.44590056323515515,
    0.4398828393916743,
    0.449064237489414,
    0.6123713404903092,
    0.4379263866536321
  ],
  "1_0": [
    0.5979169615586769,
    0.5411548452113747,
    0.25025168816064663,
    0.09776288043376663,
    0.3393261193151586,
    0.20909310116882288,
    0.3227279907555428,
    0.380746907581033,
    0.24034499569852955,
    0.3735696075872231
  ],
  "0_9": [
    0.4571630259759545,
    0.4202854636994927,
    0.42673905057749506,
    0.4077041004562356,
    0.41753116319790057,
    0.3740399770756105,
    0.4302041686292792,
    0.442878652374351,
    0.4309420557687447,
    0.5189769470677935
  ],
  "1_8": [
    0.2192924496550042,
    0.209323757005126,
    0.2947962855513836,
    0.2817087193864333,
    0.2541887987789033,
    0.46694639683029304,
    0.36121443278325543,
    0.49405326293178436,
    0.6110503006324856,
    0.47023668582527467
  ],
  "1_2": [
    0.6017436882437638,
    0.8054797091078352,
    0.5559636870073794,
    0.5417696442669951,
    0.36620695030639255,
    0.119750192718387,
    0.4299136017940258,
    0.3755501768113233,
    0.4492735651516156,
    0.30654593214759035
  ],
  "0_2": [
    0.4590405154550247,
    0.4796503603211995,
    0.41984291117203604,
    0.4721717428152785,
    0.6914166655040164,
    0.48301396933499735,
    0.45154686599451616,
    0.4635357839245394,
    0.4954069441676297,
    0.46165411743116547
  ],
  "1_5": [
    0.3324633394200439,
    0.39629221098479267,
    0.3077865064271396,
    0.40829402489250693,
    0.38983790104136357,
    0.8815323398922852,
    0.6765268901723285,
    0.4905506878642224,
    0.4708660194792872,
    0.5107934203979257
  ],
  "0_4": [
    0.46042790147244617,
    0.44302865348784487,
    0.44454946303725035,
    0.49936386780008024,
    0.481929850085935,
    0.5082830842255496,
    0.438097650947323,
    0.39854146749496916,
    0.45159281304898274,
    0.5638667982547486
  ],
  "1_7": [
    0.4617710625921201,
    -0.02753060340883374,
    0.42294178390346926,
    0.3051694058002522,
    0.41170330995825044,
    0.17799548320461933,
    0.5613294229996313,
    0.7639340608813442,
    0.6016506019676373,
    0.6143911566129363
  ],
  "0_7": [
    0.4747855101095384,
    0.47899901565831243,
    0.47130959880870443,
    0.5007911373382921,
    0.48768969263794193,
    0.5835298704763391,
    0.4581921809551924,
    0.46719070035396276,
    0.5435854886532894,
    0.4460259532246181
  ],
  "1_4": [
    0.36961322644319905,
    0.49476925837145513,
    0.31286410222800964,
    0.5706002286753444,
    0.5813520078761323,
    0.7778692728687163,
    0.34120200678316787,
    0.16207601759128498,
    0.43088803213926624,
    0.4089443991792327
  ],
  "0_8": [
    0.5303204636810567,
    0.3924375262905091,
    0.48167340123007363,
    0.4709828237056305,
    0.474395926073715,
    0.45330832084587463,
    0.47444981060109986,
    0.4184172075380264,
    0.47321773015223006,
    0.4624449914033919
  ],
  "1_3": [
    0.2719111660893676,
    0.2735935557084189,
    1.001144664385337,
    0.5513674653592309,
    0.55760544865613,
    0.557185864139356,
    0.5435560418914729,
    0.5487464619303859,
    0.2812707698451903,
    0.44138002370331436
  ],
  "0_5": [
    0.512513961385838,
    0.4518403506568508,
    0.46703212488707024,
    0.47159074627488984,
    0.47883192923465145,
    0.6060646883047223,
    0.49981398478621164,
    0.492629785487224,
    0.485200606350249,
    0.46171729661411653
  ],
  "1_9": [
    0.35160181591144896,
    0.06646100872112012,
    0.361066994199133,
    0.3472758449742609,
    -0.08197643382899021,
    0.08298275033076594,
    0.19780983494595294,
    0.1380224533758883,
    0.599589842678683,
    0.7034064802428784
  ],
  "0_3": [
    0.4627395818810325,
    0.45487511131582514,
    0.49810367268659883,
    0.46907347196682725,
    0.7578104402462169,
    0.45874694275630823,
    0.5200578627754266,
    0.4764220929754485,
    0.5155983510925072,
    0.5410961661892678
  ]
}