{
  "1_6": [
    0.26532211885374457,
    0.5204070120732066,
    0.6415411573518262,
    0.6243747567000301,
    0.6437661926397686,
    0.6642244070264341,
    0.665955016731351,
    0.6932852093486657,
    0.745161233357798,
    0.5848833555313868
  ],
  "0_0": [
    0.342081001004534,
    0.3402918211580771,
    0.40219985682791165,
    0.4066420604874516,
    0.3895211352756861,
    0.34524319586857205,
    0.39548506905181047,
    0.4843740775819307,
    0.34404802509006405,
    0.3812293284117072
  ],
  "1_1": [
    0.47582046729367633,
    0.2993137024386271,
    0.19205544993954105,
    0.22486640307985334,
    0.18490172630897195,
    0.19237744422986397,
    -0.004004409965901332,
    0.1124166712092954,
    0.2912170035336568,
    0.194018528603961
  ],
  "0_6": [
    0.5082162387698933,
    0.4578534157992874,
    0.41131260309229783,
    0.44639922830841516,
    0.3590080948020696,
    0.3801276270732619,
    0.4790573888110952,
    0.39567899150725205,
    0.43882428637124654,
    0.4305575167404975
  ],
  "0_1": [
    0.39868583680389375,
    0.4406665057279641,
    0.39973042985916485,
    0.33926732145150523,
    0.38035335303589685,
    0.37832004526993385,
    0.4131852779358564,
    0.37271760340026405,
    0.4713890273079241,
    0.3049292540299893
  ],
  "1_0": [
    0.6343029668924183,
    0.3099739042975336,
    0.17537628389124757,
    0.14371566018277313,
    0.19605530895967466,
    -0.1041355920937837,
    0.4177236920635087,
    0.10657232155671527,
    0.22078526589180586,
    0.28171803536441936
  ],
  "0_9": [
    0.3977774484327538,
    0.3769870703019031,
    0.35032810103457557,
    0.32602689654265543,
    0.3880140467193279,
    0.3570609677598556,
    0.3460907029631753,
    0.4687479535518433,
    0.331981154287899,
    0.36359021239262534
  ],
  "1_8": [
    0.06960821896837975,
    0.20087986247373202,
    0.20204139968937151,
    0.16918874356757263,
    0.1942437311066497,
    0.42480909344204465,
    0.1260470090132375,
    0.4180075962894317,
    0.424931954486079,
    0.3911355861999831
  ],
  "1_2": [
    0.43899776032942506,
    0.6221853454898465,
    0.4663807237578106,
    0.5020593449288543,
    0.14451241973477774,
    0.04364394003301737,
    0.39097215628380405,
    0.19211229537861535,
    0.3117203218313129,
    0.3038672373394727
  ],
  "0_2": [
    0.4062714110317022,
    0.39023813023542414,
    0.39474469392694583,
    0.426343129948637,
    0.46734454828785454,
    0.40120517154074997,
    0.4347178102466417,
    0.4046935919978278,
    0.41100353370834053,
    0.4295226040946119
  ],
  "1_5": [
    0.3115494735586506,
    0.35965800406930426,
    0.42903039363946455,
    0.16386010382789523,
    0.44562860215953126,
    0.481989220616757,
    0.4718598418305691,
    0.3946462590199049,
    0.3259760896702565,
    0.33466335151665294
  ],
  "0_4": [
    0.4072773253846852,
    0.43851895798732704,
    0.4217848021347652,
    0.4082844873116299,
    0.4896332798856097,
    0.48427353035602444,
    0.41430218611460534,
    0.38751111618878087,
    0.42632673179762226,
    0.49992876626937494
  ],
  "1_7": [
    0.41385351907810664,
    -0.03930534929873037,
    0.39053758641634584,
    0.30245052227929703,
    0.33958971409013655,
    0.3877291918112181,
    0.4517950768762144,
    0.5600069741355926,
    0.46448392574316977,
    0.3938408771250387
  ],
  "0_7": [
    0.40020687609668854,
    0.4365617324839342,
    0.3661067349179622,
    0.3923298780012165,
    0.39694199660617163,
    0.3894813194536926,
    0.4150213500877368,
    0.4368155590869417,
    0.5056220055142671,
    0.4036233010954582
  ],
  "1_4": [
    0.5001748514158205,
    0.378966422396217,
    0.28136524629547366,
    0.3484406128885859,
    0.6981569575107998,
    0.5703490022053009,
    0.34930181716751685,
    0.2038663209819684,
    0.4151669097080428,
    0.26759867842609103
  ],
  "0_8": [
    0.46350866397385865,
    0.371994230459401,
    0.47352599532068096,
    0.3547128277991704,
    0.43337607738849726,
    0.38778906322262197,
    0.4034660909599712,
    0.3603948374933341,
    0.36909757987388025,
    0.3884435632371915
  ],
  "1_3": [
    0.3382057442809066,
    0.34945593215203696,
    0.7311890320072839,
    0.5458219772890717,
    0.44092127442362195,
    0.6303210095701801,
    0.44240777851868024,
    0.42552555632953154,
    0.3712730167610669,
    0.46354856414028606
  ],
  "0_5": [
    0.4415036329376424,
    0.4285702439916717,
    0.4298346020690069,
    0.4016496628428235,
    0.4064522680659568,
    0.5545825012327263,
    0.4238258970935598,
    0.36207334554788906,
    0.4400547791070887,
    0.42140362114742874
  ],
  "1_9": [
    0.028811375524259455,
    0.2030895284043764,
    0.19662423298329174,
    0.2007899782803126,
    -0.029356065340697048,
    0.11915877169804852,
    0.2240641913586264,
    0.41551713698152765,
    0.3481397450274469,
    0.6894267671310623
  ],
  "0_3": [
    0.3596151931554263,
    0.4345810908577918,
    0.4406019636581735,
    0.4467326284264656,
    0.47710329686596153,
    0.4015494532741811,
    0.46592474862668726,
    0.4381397025998373,
    0.4328470111971371,
    0.5024650085810806
  ]
}