{
  "1_6": [
    0.005208833391506247,
    0.2794729481841179,
    0.2879395713512123,
    0.37445343360552075,
    0.5230733412219439,
    0.6626578598043105,
    0.5754296012096369,
    0.8388748845830025,
    0.4520542362237751,
    0.5230549725938294
  ],
  "0_0": [
    0.22471678484140048,
    0.2798607195459407,
    0.25198713528656075,
    0.3589072310735077,
    0.29757352827045785,
    0.22776654757100034,
    0.28360464697391635,
    0.4844464019881462,
    0.2354547902735481,
    0.32675585435258575
  ],
  "1_1": [
    0.3361449791845436,
    0.5838754113373359,
    0.38419134405277533,
    0.10417883122330635,
    0.03681474255452093,
    0.2507467918344998,
    -0.0939633455982869,
    0.05407054807560715,
    0.17309912500302263,
    0.21381670322657476
  ],
  "0_6": [
    0.4750823245282475,
    0.2916231905015516,
    0.29496260297953114,
    0.31923028811721166,
    0.29476837087923713,
    0.28828356047783943,
    0.30208353477393846,
    0.2976897963760508,
    0.34785563346963927,
    0.2903423495663793
  ],
  "0_1": [
    0.29744799687630885,
    0.49966784065054787,
    0.28586160520372106,
    0.2750063014960445,
    0.3450892141334191,
    0.3272235392892162,
    0.345364649841596,
    0.27173876445636214,
    0.3538396838717041,
    0.2529380137940645
  ],
  "1_0": [
    0.584036444952625,
    0.18053792818364423,
    0.22779112652638858,
    0.14158590410028674,
    0.13864568827685264,
    0.1200361911252252,
    0.1324614977332423,
    -0.09949980886674101,
    0.37615988640760756,
    0.3025577438357439
  ],
  "0_9": [
    0.2887241356270591,
    0.3035207034009739,
    0.27433208470241566,
    0.27738073018945675,
    0.3081414091735153,
    0.3009589826852873,
    0.30457133836353456,
    0.41872923196254064,
    0.29664788098438943,
    0.27766494393476177
  ],
  "1_8": [
    0.06824692157216788,
    0.1580450622442207,
    -0.04426361193226813,
    0.22993433784645756,
    0.00906127628613232,
    0.3544266378800513,
    0.22326701506085733,
    0.45385288581662353,
    0.4807216468441512,
    0.4102585561342529
  ],
  "1_2": [
    0.483321513083484,
    0.5156089465866442,
    0.43230054739600243,
    0.7014261835115154,
    0.4751216554934571,
    0.15963696928766816,
    0.14954141666358822,
    0.014780773921480639,
    0.15317752840583942,
    0.08080889530323868
  ],
  "0_2": [
    0.4463809328592396,
    0.33529339772865074,
    0.3081740058774143,
    0.2836701859746973,
    0.3261064251401544,
    0.31056716589529376,
    0.3401909861165664,
    0.34058089858957025,
    0.34593798565585665,
    0.36217088861185937
  ],
  "1_5": [
    0.338550969866142,
    0.1745971629966373,
    0.2902202836425325,
    0.2540335484266057,
    0.6294348997700696,
    0.45718170678484016,
    0.3743143573125372,
    0.2551910147379899,
    0.24963933015941941,
    0.18882334948652263
  ],
  "0_4": [
    0.31300600229667175,
    0.3445492400971296,
    0.3386703228391411,
    0.326039334865642,
    0.4313771222947636,
    0.3262562546833397,
    0.3366004489121735,
    0.3119501037870953,
    0.2611891404362525,
    0.3294850053218673
  ],
  "1_7": [
    0.13408816490050696,
    0.07797085261029198,
    0.3309003309627984,
    0.2714082067808046,
    0.3609404209478731,
    0.401134812262588,
    0.580879952962685,
    0.49486159727200074,
    0.6954439287670545,
    0.31571424945773885
  ],
  "0_7": [
    0.32439461659535085,
    0.33057092360640794,
    0.28334667243438794,
    0.2839965555720799,
    0.44909743206899844,
    0.33003945398813245,
    0.26283713690534366,
    0.34608588603244317,
    0.3422093481296691,
    0.35361537405177645
  ],
  "1_4": [
    0.34028131659389593,
    0.18121243259906042,
    0.1693414598224015,
    0.3050643113395824,
    0.4949332916108028,
    0.7806951115318274,
    0.17184258206807285,
    0.17578508733692794,
    0.38379862967049055,
    0.2933988799785713
  ],
  "0_8": [
    0.2800771460762277,
    0.42050382602234504,
    0.3558667420174688,
    0.26928053193979296,
    0.3124960779577452,
    0.30216198906613567,
    0.3048329697110103,
    0.2798451199595809,
    0.29345914517572647,
    0.323023263112406
  ],
  "1_3": [
    0.12494955091029018,
    0.2117408859540551,
    0.37159457959142317,
    0.49414642648288676,
    0.3077980524111191,
    0.2159522705009691,
    0.3338919447723541,
    0.23949206720611765,
    -0.020621887294950153,
    0.21934817190306247
  ],
  "0_5": [
    0.3370175397823669,
    0.3435922742033677,
    0.30584432116672067,
    0.2545678689381645,
    0.32648756226768155,
    0.4179543511638127,
    0.36449218657572363,
    0.28263876864786314,
    0.3423520244540617,
    0.30306779458733935
  ],
  "1_9": [
    0.018341259052305506,
    0.3266234025660476,
    0.20976930832782037,
    0.06350832149110437,
    0.005920349569285735,
    0.17948482000666102,
    0.15837420179233566,
    0.20930888457435087,
    0.3971975221273472,
    0.6707634546493244
  ],
  "0_3": [
    0.27293413724172577,
    0.3108720647428418,
    0.33777744440781904,
    0.4163019296916591,
    0.33940398861094956,
    0.30695455561820884,
    0.47036523744304026,
    0.33620283762480124,
    0.3820493259556947,
    0.526284954647789
  ]
}