{
  "1_6": [
    0.30749379043902425,
    0.6391114616838129,
    0.5934839581439568,
    0.3338643675532343,
    0.6153273392943485,
    0.6109525693801858,
    0.6333702402944803,
    0.7094911272264658,
    0.6835553574607947,
    0.47210046206516215
  ],
  "0_0": [
    0.5539676141994403,
    0.4211257605780674,
    0.5173102801958616,
    0.48461613778392765,
    0.47888836187664985,
    0.4718612618618587,
    0.4636884428114892,
    0.6253040128223042,
    0.4638416827651541,
    0.49992681161302105
  ],
  "1_1": [
    0.502718356967063,
    0.606616276165124,
    0.7975978781338743,
    0.40850754011130225,
    0.46833371003212504,
    0.5834970782904403,
    0.39138109678898436,
    0.4204592836114166,
    0.21433565144267092,
    0.45131402392406106
  ],
  "0_6": [
    0.5882805172432305,
    0.5320397935216438,
    0.5338974875001141,
    0.556833838276307,
    0.5776620294060825,
    0.4901865774244451,
    0.5499632902067237,
    0.5252277119811939,
    0.5988631420506287,
    0.5911667058298936
  ],
  "0_1": [
    0.5352816018132585,
    0.4978357363313979,
    0.5801135225080687,
    0.6356289582368115,
    0.5243588535157453,
    0.5323371495085187,
    0.5590195129371682,
    0.5271480139505313,
    0.5906395990172282,
    0.4578178107790608
  ],
  "1_0": [
    0.9087600069023097,
    0.5595813932506409,
    0.485407826859286,
    0.21977443859774728,
    0.2368481305011791,
    0.2633966952061436,
    0.44710516689327595,
    0.517437604599819,
    0.366060698082651,
    0.4985656046970741
  ],
  "0_9": [
    0.5098095718851343,
    0.4927520699622908,
    0.5031993324035116,
    0.49676431115079656,
    0.47409580896457626,
    0.4786420983079382,
    0.5024981105157753,
    0.442878652374351,
    0.5328031603679602,
    0.633720774427268
  ],
  "1_8": [
    0.20520511023387988,
    0.16019699691336048,
    0.34907415195248515,
    0.1380208559545928,
    0.27373708362664445,
    0.48506520758353194,
    0.49567674672588774,
    0.5020268999789175,
    0.5310263466010279,
    0.698845711343745
  ],
  "1_2": [
    0.4441029525909319,
    0.8486377282889206,
    0.5817221655830032,
    0.5910933361737032,
    0.35697015966724893,
    0.030671795809282587,
    0.4129782707978813,
    0.39759168502386166,
    0.40500729101326693,
    0.3679102361338056
  ],
  "0_2": [
    0.4754965879294005,
    0.5046897475521709,
    0.46966696403659824,
    0.5677151400207576,
    0.6283410384929541,
    0.505393935187253,
    0.5452923821284551,
    0.5659757588761887,
    0.5512386823344578,
    0.5136562498472267
  ],
  "1_5": [
    0.5882774672170417,
    0.49504647306466537,
    0.44896691917181714,
    0.5376439069344957,
    0.5640665868060356,
    0.6974876385779287,
    0.5688632073123547,
    0.5019384642756416,
    0.5967724661883499,
    0.4506640537998629
  ],
  "0_4": [
    0.5877945064879189,
    0.48533615210237635,
    0.549539938584951,
    0.5446739016798083,
    0.6230293555143831,
    0.5441781244933603,
    0.5372633582879334,
    0.44113278807186873,
    0.4685609876036093,
    0.5819029935158175
  ],
  "1_7": [
    0.3202626929622916,
    0.432508507830454,
    0.5748368962480985,
    0.3270398368142552,
    0.2999661011230389,
    0.2264165473621795,
    0.7461383957652238,
    0.6176495378747326,
    0.6262232974875408,
    0.7944280022615907
  ],
  "0_7": [
    0.5506001186647708,
    0.5358857184894468,
    0.5625790589191484,
    0.5271075610623788,
    0.5983706010679033,
    0.6462726864796998,
    0.5374946669942033,
    0.5552384644654054,
    0.5708764238363043,
    0.5415426858112374
  ],
  "1_4": [
    0.5960174751125149,
    0.3976723492422013,
    0.3245876616764239,
    0.6836873556517344,
    0.7713847447735314,
    0.7221878399625333,
    0.43488893158786424,
    0.14088348628919772,
    0.5742187468941112,
    0.4548106397262467
  ],
  "0_8": [
    0.5844978996654553,
    0.508231604400696,
    0.5868323920263433,
    0.5999781155149356,
    0.5534887760788914,
    0.5366109837128472,
    0.5883158971658863,
    0.5996939462972594,
    0.5302719951513704,
    0.5238877090600306
  ],
  "1_3": [
    0.3923552325236055,
    0.30809975863710826,
    0.8365891860871182,
    0.6834456597493799,
    0.7203779725314037,
    0.5389379349375618,
    0.4823752757473475,
    0.55372515367226,
    0.6149031970250748,
    0.5909611687189539
  ],
  "0_5": [
    0.5742314124638896,
    0.5186981327630219,
    0.5256588501610668,
    0.538720103196711,
    0.5855213973897019,
    0.5696437739525383,
    0.5377453558277339,
    0.5342053427312854,
    0.5154992210509395,
    0.5169406357985608
  ],
  "1_9": [
    0.487631663722788,
    0.242952189966256,
    0.4602712054322946,
    0.16953435739517464,
    -0.03470357082044248,
    0.21269475491500445,
    0.1785636716392858,
    0.19820435178350143,
    0.9224236493283953,
    0.4296037715902827
  ],
  "0_3": [
    0.5153598710983829,
    0.4918716097997707,
    0.5709158343461207,
    0.4944542745432655,
    0.5754836498543052,
    0.5678624163903789,
    0.5739599060020779,
    0.5969137357865392,
    0.5334237405391588,
    0.5435805674140944
  ]
}