{
  "1_6": [
    0.17089183092634486,
    0.08099227159165084,
    -0.011232998550352077,
    0.23614528375196941,
    0.05803665795520725,
    0.34099961490636715,
    0.32218411505313704,
    0.40195858653905375,
    -0.009821510424329563,
    0.19788455140680108
  ],
  "0_0": [
    0.08048784038120256,
    0.09985606306795718,
    0.060534386799472706,
    0.12502126390443158,
    0.150714072677697,
    0.09435575780966031,
    0.10989052187127044,
    0.18679767987166906,
    0.11617237241605066,
    0.1152044527556676
  ],
  "1_1": [
    0.2168598304143426,
    0.18773456435762131,
    0.13638429929074397,
    0.1670414935548052,
    0.0021634239623517584,
    0.10058771770536272,
    -0.006833742030945764,
    0.07904027174567753,
    0.03971840691057939,
    -0.08619511951998171
  ],
  "0_6": [
    0.18135745521823132,
    0.22682157781670412,
    0.09865545879490192,
    0.14114694951516588,
    0.12075455154079026,
    0.15838345745675583,
    0.12742262456288805,
    0.08798754271690076,
    0.14083128256562796,
    0.13656627083346487
  ],
  "0_1": [
    0.09328134626482107,
    0.1073571459782338,
    0.08147915105369301,
    0.08624525958201629,
    0.1478099175064264,
    0.0946260471537853,
    0.0556423444327156,
    0.09772838232779653,
    0.06995112435232731,
    0.08644659903714938
  ],
  "1_0": [
    0.12474176316014951,
    -0.0056781809700769265,
    -0.07961783287472471,
    -0.1338825195050881,
    -0.16475057334465912,
    -0.07140992273686858,
    -0.15402620901179775,
    -0.21707190688684008,
    -0.1790330687183311,
    -0.1033947224786784
  ],
  "0_9": [
    0.10826372903727115,
    0.09129865455278735,
    0.08624780902740725,
    0.09185012631276526,
    0.14505860523279188,
    0.09287159544373383,
    0.12462029398475835,
    0.12739397659692187,
    0.09267874758252875,
    0.0959581202832564
  ],
  "1_8": [
    -0.036778640461585396,
    -0.048040070012651065,
    -0.07895995633914062,
    -0.02478395259241943,
    -0.06701385191119742,
    -0.14963522809556284,
    0.012073959294683054,
    0.40600824899080734,
    0.2947385252487333,
    0.14015741253293343
  ],
  "1_2": [
    0.10079286891657029,
    0.09261918448858361,
    0.26148441297425623,
    0.11827723812907248,
    -0.1455010296502364,
    0.026943267773877715,
    0.12469229630172005,
    0.05866853632806798,
    -0.023785300889878805,
    0.0053562471683183885
  ],
  "0_2": [
    0.18898086069391545,
    0.15029146004232874,
    0.13443495226740232,
    0.20407643185186325,
    0.1474083120064898,
    0.11398911567133382,
    0.1350641770575451,
    0.15597143687803597,
    0.16587520378125098,
    0.12310985583061947
  ],
  "1_5": [
    0.07949281265063876,
    0.01359276639417037,
    -0.03721262139223802,
    0.11616659447100755,
    0.4328769406243553,
    0.25456909293917696,
    0.14072671004629755,
    0.1002152385241667,
    0.2056447334458903,
    0.1461025792011995
  ],
  "0_4": [
    0.12227824521549825,
    0.12961194588628697,
    0.10501561622361864,
    0.12131053207721763,
    0.20568999948111716,
    0.07278248567895895,
    0.10782292237309275,
    0.1354875433225605,
    0.09531405170304019,
    0.13922356276891584
  ],
  "1_7": [
    0.05023229371011919,
    -0.17573005030925082,
    0.14577902793000008,
    -0.009310852192794601,
    0.163365004227557,
    0.2107528638638441,
    0.17361381893598976,
    0.3636686971909269,
    0.3373980795955942,
    0.3187176946478115
  ],
  "0_7": [
    0.1468905667833688,
    0.16978724781977636,
    0.12919101772554215,
    0.15766129011174515,
    0.1281642161716623,
    0.14466904415351967,
    0.1507429286275,
    0.16046708564779216,
    0.14202742722179487,
    0.1582896521049286
  ],
  "1_4": [
    0.2095229270713397,
    0.12872483790520708,
    0.03405670902095814,
    0.2632131507932527,
    0.2779007354607965,
    0.23190855702596966,
    0.010106831558823134,
    0.005880685916921494,
    0.13851274795997695,
    0.0779318528342845
  ],
  "0_8": [
    0.11956823646315243,
    0.17104098436024284,
    0.14432732211098043,
    0.11421568047988259,
    0.10207756053959602,
    0.11368821666213627,
    0.09854902090846145,
    0.13102270948752967,
    0.14198710412575982,
    0.10292808934633325
  ],
  "1_3": [
    0.27344341507844516,
    0.1325457044054335,
    0.17840654897164404,
    0.46007427061813316,
    0.2541053773831114,
    0.24813133373154983,
    0.1314156969380415,
    0.19641236031277826,
    0.06244469611144537,
    0.0555700758159986
  ],
  "0_5": [
    0.041972444021424304,
    0.17701417470334202,
    0.13548737423890345,
    0.16212600075647499,
    0.1100563961138107,
    0.18243131417965383,
    0.17642244336668658,
    0.07992842291903861,
    0.2675707728613929,
    0.16683621802445295
  ],
  "1_9": [
    -0.047879212579663044,
    -0.08406877970440949,
    -0.09074515460770731,
    -0.15256983733945906,
    -0.08757765136694604,
    -0.1517438127208556,
    -0.16772088755759323,
    -0.011668992114999416,
    -0.08742394686700872,
    0.01520136957939508
  ],
  "0_3": [
    0.10921393199175777,
    0.10223462486430732,
    0.10772663144719523,
    0.117620311370805,
    0.11715843898671399,
    0.12966041785180116,
    0.2132380345748641,
    0.1647487184256344,
    0.11390283025757911,
    0.12711334330993135
  ]
}