{
  "1_6": [
    -0.16596693119679914,
    0.10451898153951174,
    -0.004999581505931543,
    -0.0013677035496050018,
    -0.1794237359303296,
    0.2174741775116431,
    0.1693245494157879,
    0.30699955846588084,
    0.04813081374042448,
    0.00013272967640003477
  ],
  "0_0": [
    0.0464679370462418,
    0.052139699173673414,
    0.029666041162058662,
    0.019382187969943385,
    0.06228491596731958,
    0.010890449135964111,
    0.04550249470752531,
    0.06186412461000708,
    0.01179583547093948,
    0.04144245214678721
  ],
  "1_1": [
    0.091915225108067,
    0.10291770367974624,
    0.1985080241227506,
    0.06719729595260657,
    -0.08727927436986387,
    -0.02098909721222065,
    -0.03704550999812278,
    -0.14448652538886497,
    -0.00616820573518476,
    -0.1946149791813675
  ],
  "0_6": [
    0.050894051945384516,
    0.02147564376737889,
    0.024198699404660094,
    0.030142430309626576,
    0.022984989294450368,
    0.060706585956534165,
    0.026680228890775697,
    0.05038536450281827,
    0.018804385539171537,
    0.06808030558292937
  ],
  "0_1": [
    0.0054380747441497256,
    0.026964947700074935,
    0.03349618434030349,
    0.020795943933875835,
    0.07284727093509953,
    0.023218329369438892,
    0.01856409223517759,
    0.010374964221808787,
    0.01887768293773601,
    0.05052213831655815
  ],
  "1_0": [
    0.0858754839614809,
    -0.00988061745663796,
    -0.10476786094806177,
    -0.0825979181942376,
    -0.05585762775126706,
    -0.19970891227389753,
    -0.08890980564006379,
    -0.1547843775168797,
    -0.12070416440283217,
    -0.08230720925387423
  ],
  "0_9": [
    0.027908793983403048,
    0.04532006553521513,
    0.02391615904905352,
    0.02095609387943751,
    0.048930806397957535,
    0.011242703806315342,
    0.024478785063168786,
    0.022512510160563066,
    0.010471617874550842,
    0.0257164511705736
  ],
  "1_8": [
    -0.08357118110414641,
    -0.1057148715343324,
    -0.04343914736902199,
    -0.3010399866821955,
    -0.17287064706229976,
    0.01329110376458786,
    0.004515829288077963,
    -0.00018671197688918673,
    0.09264325506190954,
    0.03867395549885361
  ],
  "1_2": [
    -0.04446123644134944,
    0.026810738620264556,
    0.07562311593181366,
    0.030539938447044845,
    -0.11382589314663953,
    -0.04829719663527221,
    0.03170559265908802,
    -0.11235795289212902,
    -0.12899326178840576,
    -0.2083051420768931
  ],
  "0_2": [
    0.013080293454004625,
    0.007193435601849872,
    0.0005190316022237178,
    0.04636631077597027,
    0.02894685284721352,
    0.03085072845916018,
    0.019780901948353576,
    0.0221531992643857,
    0.03605840161744728,
    0.006744978268598318
  ],
  "1_5": [
    0.005879579203294804,
    0.011256377127501653,
    -0.15801612119506414,
    0.040846757703259004,
    0.0768326801804112,
    0.13471515269270454,
    0.11406824326015737,
    0.16699425104529894,
    0.019744411835979737,
    -0.06487970070469204
  ],
  "0_4": [
    0.07983388220807479,
    0.005317895650981361,
    0.027363917394308705,
    0.021213852721414368,
    0.014150083044500026,
    0,
    0.028098255096877668,
    0.04964726082830362,
    0.028210423918510554,
    0.017273400515103836
  ],
  "1_7": [
    -0.05846564594415153,
    -0.1336456539090923,
    -0.04407883673666714,
    -0.08310895322531639,
    -0.06714477135961607,
    -0.30244528911923985,
    0.07607221470202069,
    0.05903309186989722,
    0.13883213674789915,
    0.12499530569078826
  ],
  "0_7": [
    0.05420562478007819,
    0.12604469978242067,
    0.02370692100885203,
    0.03370904650706849,
    0.019076094255287328,
    0.029124121871109195,
    0.03618887709095686,
    0.04439753660988965,
    0.03089789692258539,
    0.012067123455294669
  ],
  "1_4": [
    0.03612596513186475,
    0.006709642247807748,
    -0.08627080005177587,
    0.15955155715110658,
    0.16144630072856508,
    0.08149331870810175,
    -0.04263633084892112,
    -0.06881917166437017,
    -0.04695009950090438,
    -0.09609591024083546
  ],
  "0_8": [
    0.06076925822485693,
    0.03351702634306322,
    0.028939842779061163,
    0.027702642975423325,
    0.04338412361439787,
    0.04889697433033138,
    0.03551772885069561,
    0.019047472734103316,
    0.15323165066204764,
    0.045392831968935066
  ],
  "1_3": [
    0.15554012517979668,
    0.07925658543668973,
    0.09676224155407406,
    0.353809953115228,
    0.1999693381554459,
    -0.024276789203523275,
    -0.22432675473011965,
    -0.013555771039000075,
    -0.090230286312909,
    0.08704404644094556
  ],
  "0_5": [
    0.01359402833390361,
    0.007118658043952275,
    0.050607594367075945,
    0.0009869647417346994,
    0.017472432805608555,
    0.005652254148216287,
    0.01123814566632971,
    0.03155534620093341,
    0.022400851241718176,
    0.026682976970749225
  ],
  "1_9": [
    -0.07348585996359883,
    -0.013189907116091495,
    -0.094849056808277,
    -0.13761856360527994,
    0.08284363780238677,
    0.14435958222742076,
    0.00817418095415837,
    0.10215112980977359,
    0.07094199427374948,
    0.08198793123284288
  ],
  "0_3": [
    0.0630750179933849,
    0.05202367874274731,
    0.05121793251885448,
    0.023287300944041082,
    0.02493980788299404,
    0.07735460459026773,
    0.08290409540524282,
    0.03805799840919889,
    0.045275015499976146,
    0.015516803592064924
  ]
}