{
  "1_6": [
    0.2749645245778264,
    0.4596614304784219,
    0.4948085282623482,
    0.4116629532468345,
    0.5537121049573225,
    0.6797783350072293,
    0.7198624306501475,
    0.9882366066242282,
    0.6338669263094868,
    0.48421992010342996
  ],
  "0_0": [
    0.5311837178397573,
    0.39497853692649415,
    0.47278996089119135,
    0.4620161392441755,
    0.4607738858944259,
    0.4216375657761811,
    0.42998642965920175,
    0.5882791184899573,
    0.39277985127595383,
    0.4603269761430149
  ],
  "1_1": [
    0.39532763037351276,
    0.5361589454681472,
    0.8174878597785591,
    0.23482134774898208,
    0.268131860598014,
    0.46320724373525385,
    0.293459368223081,
    0.12110996758562569,
    0.4196783679640088,
    0.2296059188222837
  ],
  "0_6": [
    0.5245022345992489,
    0.49837040311704395,
    0.5020258253939135,
    0.5353554017709501,
    0.531551613850393,
    0.45035134899006196,
    0.5346108545824976,
    0.504047461042443,
    0.7289008784278231,
    0.5303632512941647
  ],
  "0_1": [
    0.43021463270788396,
    0.46057158037002593,
    0.4998952563334771,
    0.5060474981454443,
    0.5046510064076802,
    0.4635409235964505,
    0.541819511668253,
    0.449064237489414,
    0.7077744322865527,
    0.4379263866536321
  ],
  "1_0": [
    0.9062393099024999,
    0.484297344948719,
    0.2977010106486152,
    0.09776288043376663,
    0.31589739520576754,
    0.2927044868182629,
    0.24036400939191627,
    0.3991884207867999,
    0.24034499569852955,
    0.3735696075872231
  ],
  "0_9": [
    0.49146053923653255,
    0.4856140989810332,
    0.4491609064766276,
    0.4150556195136326,
    0.45268391428624016,
    0.3740399770756105,
    0.46244464050782097,
    0.442878652374351,
    0.5003588326679428,
    0.5679522818875377
  ],
  "1_8": [
    0.22694962497758914,
    0.1065212562087384,
    0.32751592782374406,
    0.20649561181388898,
    0.344921359299707,
    0.46694639683029304,
    0.4088673014943561,
    0.49405326293178436,
    0.6756587622157925,
    0.5119482704284888
  ],
  "1_2": [
    0.6471196491506168,
    0.6707987107189586,
    0.5559636870073794,
    0.5417696442669951,
    0.42764571534466334,
    0.119750192718387,
    0.3383194320075577,
    0.288878135644443,
    0.46720579365951503,
    0.3620343875595787
  ],
  "0_2": [
    0.4590405154550247,
    0.4928763207820156,
    0.4567635019334711,
    0.5094509109148353,
    0.6374063798359632,
    0.48852509894177853,
    0.5025589820608237,
    0.5412163382610448,
    0.503012638560712,
    0.46165411743116547
  ],
  "1_5": [
    0.48593125896519673,
    0.4575866188123716,
    0.41551366934586453,
    0.5139153517424218,
    0.45205227214479543,
    0.8741667138028852,
    0.6869647690952708,
    0.5577133350578303,
    0.5713997468486566,
    0.36004163307427295
  ],
  "0_4": [
    0.5082728654497923,
    0.44302865348784487,
    0.5007109027255152,
    0.5318577939257758,
    0.49134993522642245,
    0.5393805588495683,
    0.48488039443418857,
    0.4216496897701669,
    0.45159281304898274,
    0.6845732457804918
  ],
  "1_7": [
    0.38390244223666253,
    0.030216983988973344,
    0.42294178390346926,
    0.37579036854659964,
    0.39953206010424214,
    0.12242343477951886,
    0.594393685364208,
    0.8115450053497425,
    0.6026594007490147,
    0.6242548471217779
  ],
  "0_7": [
    0.5045940252384064,
    0.501362596378461,
    0.49089819262240053,
    0.5007911373382921,
    0.5055247380375103,
    0.6192140125021584,
    0.5169277045221303,
    0.47753367724966234,
    0.5576803059267754,
    0.4539410462450268
  ],
  "1_4": [
    0.5334164529841711,
    0.5149580935438233,
    0.3364038506464985,
    0.5870516488237393,
    0.5938258109028225,
    0.7691476031432181,
    0.3644197413454167,
    0.20336869618547274,
    0.4739487085270801,
    0.5045247200284035
  ],
  "0_8": [
    0.5974653783363306,
    0.4211897814889993,
    0.48617537601725574,
    0.5083584615302043,
    0.474395926073715,
    0.470176759588786,
    0.4994793208450231,
    0.4184172075380264,
    0.47321773015223006,
    0.4624449914033919
  ],
  "1_3": [
    0.4007438893003299,
    0.2735935557084189,
    0.8752282506167076,
    0.6694514248934619,
    0.7920526863148254,
    0.6478043946061431,
    0.5880658810174348,
    0.6194773747990207,
    0.4603698091994819,
    0.5006194983393097
  ],
  "0_5": [
    0.534320726323636,
    0.4518403506568508,
    0.4729389641831056,
    0.47657887148943534,
    0.5024116921630599,
    0.5904011859398901,
    0.5391387287995998,
    0.5041058266806979,
    0.485200606350249,
    0.48335547051758576
  ],
  "1_9": [
    0.41296542572504996,
    0.13000200865980083,
    0.41913533107932716,
    0.3472758449742609,
    -0.12037187933450103,
    0.08298275033076594,
    0.13780415461526785,
    0.1357307801867421,
    0.599589842678683,
    0.7498722226398509
  ],
  "0_3": [
    0.4987075275978336,
    0.4816479712595988,
    0.5335608226644513,
    0.4739570404211202,
    0.6814102692351298,
    0.5368249428076913,
    0.5449318785050368,
    0.5360756343726238,
    0.5155983510925072,
    0.5410961661892678
  ]
}