{
  "1_6": [
    0.290974517640314,
    0.47658505040554033,
    0.5220373624519494,
    0.6478012974250957,
    0.5439212770834844,
    0.7527451566913888,
    0.6955148850174286,
    0.643918147123256,
    0.6360277432122046,
    0.5473746233286444
  ],
  "0_0": [
    0.3860557213701211,
    0.3402918211580771,
    0.40219985682791165,
    0.4066420604874516,
    0.415142897142331,
    0.37933611518305027,
    0.40732903820693417,
    0.4895570008975183,
    0.3673870254265956,
    0.3812293284117072
  ],
  "1_1": [
    0.6494746895912025,
    0.41463216217301097,
    0.19205544993954105,
    0.29430671430748767,
    0.18490172630897195,
    0.27793609705909356,
    0.05603959789937381,
    0.10661191763140625,
    0.30837159949040427,
    0.194018528603961
  ],
  "0_6": [
    0.5613682539558713,
    0.46904543390656245,
    0.4276330826822813,
    0.45775982708892654,
    0.3590080948020696,
    0.42141850340153075,
    0.4790573888110952,
    0.42538908251920277,
    0.46504049963847777,
    0.43278383194084524
  ],
  "0_1": [
    0.39868583680389375,
    0.4492443459188559,
    0.40254300791393693,
    0.3564839906465363,
    0.4113223991166494,
    0.40065912733706394,
    0.4240609371661418,
    0.4229516697497679,
    0.4628961141527921,
    0.3918425511706972
  ],
  "1_0": [
    0.669888405567114,
    0.38984090569833646,
    0.24223501199965727,
    0.18529532457110914,
    0.2749244540545611,
    0.03349886901046363,
    0.34953605719440894,
    0.10975459335994868,
    0.3281352709171596,
    0.28171803536441936
  ],
  "0_9": [
    0.40415389435848004,
    0.38816949636804615,
    0.35032810103457557,
    0.3356115227080558,
    0.391399957867061,
    0.3673337877182675,
    0.3460907029631753,
    0.4909991913467355,
    0.34389008109244096,
    0.36359021239262534
  ],
  "1_8": [
    0.06960821896837975,
    0.20087986247373202,
    0.20204139968937151,
    0.2796299578443553,
    0.16503343954964872,
    0.41219183855772246,
    0.17832398843606137,
    0.40914189133492235,
    0.5122106430403285,
    0.3980477181581317
  ],
  "1_2": [
    0.45587418328050916,
    0.6481597690679113,
    0.4663807237578106,
    0.5127964440696376,
    0.2366033597873072,
    0.04893068733095298,
    0.31216512483993053,
    0.33264107393739784,
    0.3873208760545103,
    0.3291620123763275
  ],
  "0_2": [
    0.4187867974446176,
    0.4608120407490175,
    0.4169926141170987,
    0.43510832258910154,
    0.5383257903615086,
    0.4427327047800782,
    0.44685659129670907,
    0.4176476818005881,
    0.41196418968341336,
    0.4365278042623778
  ],
  "1_5": [
    0.2557085766878338,
    0.35965800406930426,
    0.4341360733160134,
    0.206546118003148,
    0.5268945080475999,
    0.506103387635983,
    0.46714124341226343,
    0.46423184726379385,
    0.2794152911067004,
    0.3715040532294785
  ],
  "0_4": [
    0.41216061889494543,
    0.4364452943575493,
    0.43064915296394146,
    0.4321805584223467,
    0.4896332798856097,
    0.4816739040927567,
    0.42133851290334284,
    0.3941339491782019,
    0.457395872047401,
    0.5047965901695802
  ],
  "1_7": [
    0.41385351907810664,
    -0.03930534929873037,
    0.39053758641634584,
    0.30245052227929703,
    0.33958971409013655,
    0.4136694683474293,
    0.4589594460450648,
    0.5468744916700682,
    0.46448392574316977,
    0.4061842414715016
  ],
  "0_7": [
    0.4207615117116537,
    0.4364868935025079,
    0.3972076395311893,
    0.45182593938337595,
    0.39694199660617163,
    0.3894813194536926,
    0.43193300880770924,
    0.4559297555645153,
    0.5039412692602279,
    0.43923910008800265
  ],
  "1_4": [
    0.5023274004297362,
    0.378966422396217,
    0.28136524629547366,
    0.3723392695104234,
    0.7286701431285008,
    0.5631563057499709,
    0.31993741824572863,
    0.2038663209819684,
    0.3879688334605794,
    0.2981973608700863
  ],
  "0_8": [
    0.48061908836740447,
    0.371994230459401,
    0.4550738056845157,
    0.4031387336651032,
    0.436017386384045,
    0.39464535520827804,
    0.4351377213134566,
    0.3909883348960382,
    0.37500151483861444,
    0.419272766894702
  ],
  "1_3": [
    0.3015021667035879,
    0.4246742460171116,
    0.9160586952332352,
    0.5458219772890717,
    0.4697225868358988,
    0.6417217866080029,
    0.5090990729029032,
    0.4679805050765096,
    0.31630351751266195,
    0.4884964715833931
  ],
  "0_5": [
    0.46298908939728894,
    0.4306243568171453,
    0.4344198608264509,
    0.4016496628428235,
    0.4109222773833635,
    0.6631920260295755,
    0.4928330843738173,
    0.3867651869370465,
    0.45733826777285086,
    0.4167460818059484
  ],
  "1_9": [
    0.09263007053698724,
    0.07517793798816891,
    0.12202506908842206,
    0.2683256481343987,
    -0.031857217993502315,
    0.2075610525502088,
    0.25520654815978583,
    0.25946787102695723,
    0.36567363595069535,
    0.5715415611720827
  ],
  "0_3": [
    0.36958357631571964,
    0.43595628439536876,
    0.445714290110183,
    0.44788176183340483,
    0.4749092067652984,
    0.42982383021107884,
    0.46388608524416486,
    0.4381397025998373,
    0.4328470111971371,
    0.5010829157376588
  ]
}