{
  "1_6": [
    0.23236530449235904,
    0.050599627196093344,
    -0.06085788206346073,
    0.1465711081346917,
    0.20286582173188444,
    0.3389894489322271,
    0.2731317466133352,
    0.4582406145732554,
    0.23077717059128888,
    0.07320139200877314
  ],
  "0_0": [
    0.06458782238943847,
    0.08000181528928615,
    0.03682822395463945,
    0.0662431524711116,
    0.06829500817987787,
    0.03013489919121528,
    0.09006961633815751,
    0.12852326881882564,
    0.08278566363050682,
    0.09439381962773416
  ],
  "1_1": [
    0.2860564835152982,
    0.15607618742202242,
    0.060059948422754195,
    0.08193771974676392,
    0.036294908135653586,
    0.0060054168857290695,
    -0.0674335420971554,
    0.005191786414369945,
    -0.08318361104801075,
    -0.06953249813483453
  ],
  "0_6": [
    0.08638887308460409,
    0.15898775354334999,
    0.0593797143211175,
    0.0817999805216237,
    0.0744306164627126,
    0.09832294958143437,
    0.08120276491517359,
    0.06150143860131201,
    0.07892538280711528,
    0.07634407583201651
  ],
  "0_1": [
    0.047259800448616794,
    0.11537720540416466,
    0.05551960816512699,
    0.05264068922503066,
    0.1409757398149596,
    0.050410470534988455,
    0.05816597209088233,
    0.07019529429006124,
    0.0588302270667687,
    0.0737862598989793
  ],
  "1_0": [
    0.0016123087440171689,
    0.02946505211172374,
    0.006857968784839231,
    -0.10121259341408334,
    -0.1901442481828141,
    -0.17160299571071885,
    -0.14196490683005653,
    -0.02192433353793928,
    -0.23887714197064014,
    -0.11030776085775132
  ],
  "0_9": [
    0.10645805758432106,
    0.06767303973135551,
    0.06961255077322218,
    0.044481866405332526,
    0.1403470669936187,
    0.05510358597962142,
    0.04410121930870908,
    0.07282242378297978,
    0.04338886696715083,
    0.06097102669026777
  ],
  "1_8": [
    -0.035614528526699316,
    -0.07044146565668502,
    -0.19614680971689613,
    -0.0931224485697106,
    -0.07028721932472573,
    -0.09117795689780482,
    0.007503743988215905,
    0.19538791149243198,
    0.3178216898150764,
    0.13350055036055666
  ],
  "1_2": [
    0.08060820262036648,
    0.05542348852820652,
    0.2043353074193869,
    0.016718739151095827,
    -0.2263280030812759,
    -0.06893200096644937,
    0.03188497771716614,
    -0.11768978332473952,
    0.03829770611540562,
    0.050202628730815706
  ],
  "0_2": [
    0.08995910417944306,
    0.028624216030141182,
    0.07704883318846235,
    0.0699625965218392,
    0.13176757059969854,
    0.07426604714201245,
    0.06285419106962378,
    0.11109170424217284,
    0.16094115014226715,
    0.05183198166305427
  ],
  "1_5": [
    -0.06455724308470712,
    -0.013294017738528952,
    -0.0375480069538127,
    0.07179836808739432,
    0.4052623470151747,
    0.2760644212500744,
    0.2146615411941366,
    -0.06033172514460035,
    0.12776838874796084,
    -0.06155465806177478
  ],
  "0_4": [
    0.0878070282021888,
    0.06897039475003605,
    0.058496513902224795,
    0.05346765154540373,
    0.17079833903548872,
    0.015218652247519929,
    0.07341920386807003,
    0.08753598302938048,
    0.06781014763222915,
    0.09004726828976235
  ],
  "1_7": [
    0.04166804094872013,
    -0.2171346255934553,
    -0.011689966693363495,
    -0.18165618232252811,
    -0.01849378957755958,
    0.07831900710168252,
    0.0061057039723350776,
    0.16577258171479292,
    0.1943117975810444,
    0.4631875437167786
  ],
  "0_7": [
    0.10298455092842283,
    0.15607617179988278,
    0.056887300749147086,
    0.0872209370777328,
    0.0500651486354338,
    0.08360766624938015,
    0.09611381321052759,
    0.13078591280686236,
    0.13689880022723083,
    0.136407293959363
  ],
  "1_4": [
    -0.08220511431484734,
    0.07238121970353455,
    0.003946591561456672,
    0.4126506424310353,
    0.2988161687335024,
    -0.02843470262981402,
    -0.05817818444257581,
    -0.04676002220998079,
    0.054131257812199206,
    0.029926335540956094
  ],
  "0_8": [
    0.116306557681066,
    0.08498245792705975,
    0.09865985188395489,
    0.08101688788373586,
    0.0954260321770418,
    0.09298276420740441,
    0.07700244159510873,
    0.09327518772683718,
    0.15032314091337465,
    0.0840410654302903
  ],
  "1_3": [
    0.26131364357549475,
    0.089537135557636,
    0.06646712902995885,
    0.3770450298804478,
    0.2017677458204732,
    0.16935163498095973,
    0.066731125842099,
    0.14057649297708893,
    0.04781071758983274,
    0.13912578697191616
  ],
  "0_5": [
    0.031089760450947593,
    0.06488203489669292,
    0.08240577897874439,
    0.06347903417848122,
    0.050112152712497526,
    0.053141779974954756,
    0.05498439594266012,
    0.06377633631431055,
    0.16733522814360663,
    0.09712360381272497
  ],
  "1_9": [
    -0.2648645980788273,
    -0.02039984079657717,
    -0.013529424167475622,
    -0.3164310171333477,
    0.018649170914674235,
    -0.019294493269727354,
    -0.06784267147989441,
    0.03705140347373581,
    -0.11617573227937354,
    -0.052058614943622766
  ],
  "0_3": [
    0.08688746403549219,
    0.06564741018680693,
    0.08975568529585895,
    0.0907659601567952,
    0.06031756830350686,
    0.09552641924662525,
    0.14573315111429663,
    0.06797800751136895,
    0.08815119393811392,
    0.08352507575111331
  ]
}