{
  "1_6": [
    0.1552427158216436,
    0.0650602004469808,
    0.042629344551673956,
    0.17315565263281552,
    0.26751252760747324,
    0.3454892811820115,
    0.312165618728077,
    0.3463709631873959,
    0.18409281053645604,
    0.15041787607803375
  ],
  "0_0": [
    0.08048784038120256,
    0.08000181528928615,
    0.04858066179002499,
    0.1202327474622015,
    0.09887685966980553,
    0.08770454299451225,
    0.10323212734467735,
    0.17308270611222545,
    0.11040064580844494,
    0.1152044527556676
  ],
  "1_1": [
    0.31581008311905134,
    0.1747263955567051,
    0.060059948422754195,
    0.17255811021488715,
    -0.03244412298896679,
    0.03382778267787079,
    0.0065743848809974095,
    0.05624151584995879,
    -0.015752493613099543,
    -0.08619511951998171
  ],
  "0_6": [
    0.18010151335871846,
    0.21841414362916162,
    0.08436085367761795,
    0.09866448510578098,
    0.10610094257453498,
    0.15325715912306098,
    0.11866942347222872,
    0.07380241935327882,
    0.14913257549966802,
    0.1288290304395363
  ],
  "0_1": [
    0.09328134626482107,
    0.1054326162597531,
    0.07853985507860436,
    0.08624525958201629,
    0.11992534981054533,
    0.09314751741204023,
    0.0556423444327156,
    0.09772838232779653,
    0.06995112435232731,
    0.08153987288194521
  ],
  "1_0": [
    0.07865061269260129,
    0.1855216653831393,
    -0.020051160119710837,
    -0.07922386892468788,
    -0.1915446109588248,
    -0.1358741519001162,
    -0.07853344904140287,
    -0.07075985119280583,
    -0.1790330687183311,
    -0.12337144332995734
  ],
  "0_9": [
    0.10826372903727115,
    0.08118245369165135,
    0.06961255077322218,
    0.08740331153612384,
    0.1588614627190136,
    0.09287159544373383,
    0.08479416889032829,
    0.08027536266809773,
    0.06316278683385362,
    0.09912434000350628
  ],
  "1_8": [
    -0.04506718547714357,
    -0.048040070012651065,
    -0.1283341097203481,
    -0.02478395259241943,
    -0.10343826226267286,
    -0.19743221108962464,
    0.012073959294683054,
    0.2647508113529134,
    0.2897842680578683,
    0.14015741253293343
  ],
  "1_2": [
    0.19205586876157568,
    0.09261918448858361,
    0.22954000276095338,
    0.08674352567593005,
    -0.1455010296502364,
    -0.015506705417357058,
    0.12469229630172005,
    0.042462802313407814,
    -0.002517454321266273,
    0.0053562471683183885
  ],
  "0_2": [
    0.19342015194282644,
    0.1255373874505847,
    0.12842739075514784,
    0.18574084626393117,
    0.13964471580477583,
    0.09168956570581456,
    0.12446189928085973,
    0.17164748622741513,
    0.1579270313554703,
    0.10975839120789864
  ],
  "1_5": [
    0.07949281265063876,
    -0.07606936570593269,
    -0.03721262139223802,
    0.11616659447100755,
    0.2446882221062817,
    0.29891616620014194,
    0.1270662377132769,
    0.04916883490548191,
    0.1991973748239355,
    0.14749233002531953
  ],
  "0_4": [
    0.12227824521549825,
    0.10479646535682752,
    0.08204342404907047,
    0.08253275923490663,
    0.15833460166196772,
    0.04045337375353197,
    0.10041377254490963,
    0.11583898741337748,
    0.06781014763222915,
    0.13198271290604885
  ],
  "1_7": [
    -0.04664158761103638,
    -0.2288673451501796,
    0.06973619695394472,
    0.024604288249545934,
    0.14931248477150122,
    0.2391197316577154,
    0.17361381893598976,
    0.2004540400876878,
    0.2499648197017446,
    0.3464059397717246
  ],
  "0_7": [
    0.12101491266600388,
    0.2190489335387931,
    0.10119713912269293,
    0.12430596494376116,
    0.097462939210627,
    0.1065056353798523,
    0.12277201978612383,
    0.1397359181551691,
    0.13949852820322606,
    0.15739136417375932
  ],
  "1_4": [
    0.19294413979276298,
    0.04278905387241824,
    0.009455471035731564,
    0.21254598249975298,
    0.2838531676533304,
    0.14546619532639327,
    -0.017996608287121713,
    -0.0858288709298062,
    0.07307144060315676,
    0.16975074794268188
  ],
  "0_8": [
    0.11794354682186092,
    0.12632090989088077,
    0.12244597282156826,
    0.11106777284975412,
    0.09758097291610238,
    0.11070536027563546,
    0.08888891729108046,
    0.12974224952491756,
    0.1334939432407873,
    0.10292808934633325
  ],
  "1_3": [
    0.2734389637845468,
    0.05278272808235909,
    0.17840654897164404,
    0.39346303979213026,
    0.2619605373233696,
    0.21433279682138626,
    0.10667113706305531,
    0.17928311496366606,
    0.10472613155357133,
    0.18664218240821284
  ],
  "0_5": [
    0.041972444021424304,
    0.07758607357966722,
    0.12410459203839454,
    0.13105175518301912,
    0.08428595574624449,
    0.15344998333414495,
    0.1347561967487967,
    0.06377633631431055,
    0.27818776163570946,
    0.15946273569339015
  ],
  "1_9": [
    -0.14414498234659268,
    -0.08406877970440949,
    -0.13370305181552697,
    -0.19786413145386894,
    -0.024325299347978016,
    -0.2084894736724297,
    -0.15125482032605173,
    -0.033731820339555255,
    -0.10419485966147682,
    0.013569578778501689
  ],
  "0_3": [
    0.10262003577652744,
    0.09227022416952171,
    0.10772663144719523,
    0.11147276233770459,
    0.08885755410648,
    0.09908976092224943,
    0.19497038664201682,
    0.13659230683842663,
    0.096322835930417,
    0.0903046221667414
  ]
}