{
  "1_6": [
    0.23344487376475243,
    0.17388062948634986,
    0.03297613875579407,
    0.2844898725488207,
    0.2018571790834552,
    0.3665014538524859,
    0.312159238107614,
    0.3700132808636623,
    0.06941224723033468,
    0.276858062299836
  ],
  "0_0": [
    0.08048784038120256,
    0.11941101154010289,
    0.07494137679174184,
    0.12502126390443158,
    0.15863521163320304,
    0.12422664790592168,
    0.12866591905419372,
    0.23563375644504964,
    0.14349983302062494,
    0.14342829870419255
  ],
  "1_1": [
    0.08481873110914707,
    0.1819967478647707,
    0.07513525933104313,
    0.34597628824002924,
    0.005937290460536752,
    0.027804165072444348,
    0.02624737655519774,
    0.06728147540472587,
    -0.07517991770392389,
    -0.19714418357618974
  ],
  "0_6": [
    0.1861104928086042,
    0.19453833026470616,
    0.10236713965780575,
    0.1864335547949195,
    0.1608516283487642,
    0.16469685992216113,
    0.14998495218731062,
    0.12473535666470184,
    0.15350955276977718,
    0.15577362830036784
  ],
  "0_1": [
    0.12026001486476678,
    0.24711128969252502,
    0.1248146102074765,
    0.09226623547867105,
    0.12160776591815195,
    0.11597970232723404,
    0.07712702963973488,
    0.14158080733754033,
    0.10361035380906697,
    0.13017321484121125
  ],
  "1_0": [
    0.16388877727045237,
    0.09613464714774092,
    -0.07961783287472471,
    -0.23603018321636082,
    -0.10216254546650133,
    0.02340655683662009,
    -0.050131299613688014,
    -0.12385377496659172,
    -0.11373136671917564,
    -0.07475340428547764
  ],
  "0_9": [
    0.13905263381000152,
    0.11382122678805842,
    0.09697305971160122,
    0.1261357867272624,
    0.21474775960510692,
    0.09869937211620504,
    0.131681381935935,
    0.15076258089956218,
    0.10780783545140284,
    0.12186453566228182
  ],
  "1_8": [
    0.06386118483797953,
    0.033851069508175236,
    -0.11215362925407696,
    0.04113605282853725,
    -0.030250508467114103,
    -0.06921072514781115,
    0.004328636541948549,
    0.40256195105752623,
    0.18190771808622172,
    0.2537097677704308
  ],
  "1_2": [
    0.35589481914073623,
    0.11851358464427708,
    0.4255717169596818,
    0.13648009269750924,
    -0.00876085312037704,
    0.12122585987875453,
    0.12378953319953995,
    0.021679622351650163,
    -0.018074752225918207,
    0.11439475704702615
  ],
  "0_2": [
    0.18840841178710568,
    0.18535644090348471,
    0.18714602210682224,
    0.18876442801944524,
    0.15542549250275994,
    0.17008005134208196,
    0.18091658137042663,
    0.19012821443173977,
    0.16644808595034818,
    0.1612549178476163
  ],
  "1_5": [
    0.0361356176047361,
    0.012638023301017084,
    0.25005851154756287,
    0.18195512785708193,
    0.4326864038920668,
    0.20510831388659181,
    0.2007947474661476,
    0.22645684265000252,
    0.31238239831778747,
    0.2504716739608674
  ],
  "0_4": [
    0.1868429321962922,
    0.1641919027075813,
    0.21575398022948572,
    0.1937397626617749,
    0.24973509096574742,
    0.11944454454727575,
    0.17805005043790417,
    0.17280891724098402,
    0.11644134644057318,
    0.17561037650698127
  ],
  "1_7": [
    0.08245466791119951,
    0.09681399551328652,
    0.1813081077410983,
    0.05659989405408435,
    0.2088852450292307,
    0.26000026204095694,
    0.2197084818971662,
    0.3948396129141537,
    0.3347327299755665,
    0.32446816948306506
  ],
  "0_7": [
    0.17594776196252482,
    0.17148665806670574,
    0.14821757137775043,
    0.1653996407632365,
    0.20338868721813916,
    0.18180323629000114,
    0.1662132111781601,
    0.1569883147916606,
    0.17118227139692652,
    0.19781598142656087
  ],
  "1_4": [
    0.2210918597057412,
    0.18830324838234894,
    -0.009735980855648238,
    0.15386826894546413,
    0.38799834494849716,
    0.2794049694239066,
    0.21900054154183463,
    0.047844203113988695,
    -0.03736178369037142,
    0.1644858069176655
  ],
  "0_8": [
    0.12949438547905553,
    0.16967116924129627,
    0.20630836016929857,
    0.14021147676828452,
    0.11139506461217782,
    0.1487525363836996,
    0.11277476668990406,
    0.1690663896315421,
    0.1577996983465936,
    0.14124274243387516
  ],
  "1_3": [
    0.2802278701803592,
    0.07604446196876166,
    0.3135989933664224,
    0.26168848772911124,
    0.18423593586730969,
    0.29001722574011446,
    0.18974673533510356,
    0.26034582884276614,
    0.06236917925797625,
    0.04964594422160981
  ],
  "0_5": [
    0.10780568783335079,
    0.19901712407061084,
    0.20123655389329198,
    0.18372875423707524,
    0.1693588499299523,
    0.2548246005416993,
    0.1847917582029692,
    0.11523117548569167,
    0.2190070470725709,
    0.19144145237683094
  ],
  "1_9": [
    -0.13003624824837168,
    -0.019078818725941978,
    -0.17552157646502992,
    -0.2726690363954134,
    -0.02366678117942514,
    -0.1020143127614089,
    -0.09868914121490413,
    -0.005206126387580584,
    -0.06598666560591629,
    0.07902986195648058
  ],
  "0_3": [
    0.11956525454107413,
    0.1561526499794019,
    0.19625469252132063,
    0.19651584597103094,
    0.12676601217726058,
    0.1772464250420869,
    0.2565816314454265,
    0.20024423566134653,
    0.1873966897871377,
    0.15516498710292378
  ]
}