{
  "1_6": [
    -0.16596693119679914,
    0.02098751719176009,
    0.05401909008788988,
    0.05696091123251438,
    -0.068327645264566,
    0.21831473594636966,
    0.1693245494157879,
    0.32728660488857425,
    0.11187702800692581,
    0.08259798468214541
  ],
  "0_0": [
    0.05444191239467687,
    0.052475315268994245,
    0.029666041162058662,
    0.025194355234620606,
    0.06104544613956993,
    0.02480024806335901,
    0.08611540068523955,
    0.08699066354625032,
    0.02236225263446,
    0.04144245214678721
  ],
  "1_1": [
    0.1680624757831576,
    0.12244779581820266,
    0.07175908653111902,
    0.013047130185603772,
    -0.016363392928661704,
    -0.051419012918736406,
    -0.04644378177929989,
    -0.0853805251578936,
    -0.037133173792707634,
    -0.09869751505550278
  ],
  "0_6": [
    0.05286591433044238,
    0.0573237630063924,
    0.04182409630757183,
    0.06962880978480715,
    0.026896586537310606,
    0.06198850905265193,
    0.05585510178206865,
    0.05038536450281827,
    0.03902525718272241,
    0.07349207921078318
  ],
  "0_1": [
    0.01978889301400002,
    0.059593095900072696,
    0.03349618434030349,
    0.04058221492816675,
    0.08875293432117207,
    0.030206664293503514,
    0.03976829544967238,
    0.029053178157218595,
    0.01887768293773601,
    0.05435582100380393
  ],
  "1_0": [
    0.08085006346993823,
    0.07629356253674525,
    -0.07083614506243598,
    -0.18439932040644463,
    -0.06871778427738606,
    -0.1720092274899745,
    -0.21534438169442516,
    -0.07566677528796574,
    -0.20407906446951213,
    -0.11335423669127855
  ],
  "0_9": [
    0.03148322184348807,
    0.04532006553521513,
    0.07072563620472587,
    0.03684848308659687,
    0.04700273739196048,
    0.011242703806315342,
    0.026434679132668084,
    0.022512510160563066,
    0.01865453946556031,
    0.0257164511705736
  ],
  "1_8": [
    -0.16853296488366057,
    -0.12030617948281352,
    -0.011418627257913313,
    -0.3010399866821955,
    -0.14486361725666982,
    0.04832371269906066,
    0.023365193446776063,
    0.01955613502215267,
    0.16441144789307313,
    0.0455265250483682
  ],
  "1_2": [
    0.07366269674303506,
    0.07780604817676848,
    0.08067606664806069,
    0.03777700237359417,
    -0.27078858799699984,
    -0.016208549588873536,
    -0.061184310717781396,
    -0.19424299345350488,
    -0.10935591598004057,
    -0.15592492778618666
  ],
  "0_2": [
    0.017216460781533965,
    0.020359998010283795,
    0.009582726731856069,
    0.04590264766821057,
    0.043601619758624324,
    0.0615430753697126,
    0.048985854895031405,
    0.02854469952460399,
    0.06709653734464824,
    0.03725352358325167
  ],
  "1_5": [
    -0.06312137422624121,
    0.05415222292674414,
    -0.1680762055091201,
    0.061273301409366515,
    0.09512283826547525,
    0.16333740942839536,
    0.10929516892335633,
    -0.04463421036321606,
    0.05701196826057196,
    -0.043362248040145934
  ],
  "0_4": [
    0.0782451879521341,
    0.012361096650641494,
    0.027363917394308705,
    0.026277516847999664,
    0.014150083044500026,
    0,
    0.05585093017018697,
    0.05553058970120966,
    0.03250258043139896,
    0.03288115282043872
  ],
  "1_7": [
    -0.04012418904242546,
    -0.16093886903052468,
    -0.012200965326648534,
    -0.14898612109616635,
    -0.033035226936772036,
    -0.1591070840460254,
    -0.01775682586916766,
    0.06549972606714531,
    0.03708068040889423,
    0.12486571850594724
  ],
  "0_7": [
    0.06529442138069343,
    0.12304116878569747,
    0.040236731234687406,
    0.03370904650706849,
    0.0369979168335298,
    0.029124121871109195,
    0.04364369457257395,
    0.05618153164667333,
    0.06240990657296438,
    0.03998168564926505
  ],
  "1_4": [
    -0.03559822197216307,
    0.006709642247807748,
    -0.08627080005177587,
    0.15812656850156678,
    0.2403272620020338,
    0.08787415390286243,
    -0.08842335020381306,
    -0.06881917166437017,
    -0.02398231844543594,
    -0.09609591024083546
  ],
  "0_8": [
    0.07468196153377388,
    0.05021187414276837,
    0.028939842779061163,
    0.04786350928647344,
    0.05931280576209565,
    0.04889697433033138,
    0.06550950295183551,
    0.06211398757445357,
    0.13989858926102872,
    0.07005497210875887
  ],
  "1_3": [
    0.2088458563257159,
    0.12949115730869737,
    0.12106128064368221,
    0.36233958565037744,
    0.10444898418525361,
    0.0104577518691132,
    -0.06794568161180063,
    0.083067760703331,
    0.0660546097513714,
    -0.017105674710112165
  ],
  "0_5": [
    0.022774934515633706,
    0.010961475732593883,
    0.05820978912720457,
    0.023166586794381282,
    0.035388133910813455,
    0.009641712226431494,
    0.027624525399540446,
    0.03155534620093341,
    0.044629918937616614,
    0.030267109983076856
  ],
  "1_9": [
    -0.1547932509868211,
    0.023735148682972627,
    -0.05227217107782009,
    -0.21824586288344702,
    -0.008851573969581613,
    0.034914406277296015,
    0.020219201635205724,
    -0.00533882641305998,
    0.07094199427374948,
    -0.015728049865775404
  ],
  "0_3": [
    0.07548006758757256,
    0.05672506638878136,
    0.06667705567539839,
    0.028724286677688744,
    0.046198216766060465,
    0.09952242093963808,
    0.08603882986536836,
    0.05365635877209188,
    0.050144327814596275,
    0.021730839060910202
  ]
}