{
  "1_6": [
    -0.07962367087390135,
    0.07248182173436461,
    -0.026377042482396494,
    -0.09322166591359769,
    -0.07782662452539588,
    0.21032274666919526,
    0.1650851995458763,
    0.1599999539126392,
    0.10968914517914988,
    -0.023645539548195343
  ],
  "0_0": [
    0.04693731014771899,
    0.021757828253961314,
    0.010435205624509891,
    0.01088654747848818,
    0.045497504223874496,
    0.0018506966778299762,
    0.011654423783472338,
    0.0043460741493724815,
    0.0029684575852069704,
    0.009311568009156845
  ],
  "1_1": [
    0.091915225108067,
    0.07963329617160864,
    0.20253854109045055,
    0.05440980806051779,
    -0.08727927436986387,
    -0.04337253469264422,
    -0.06121299334364659,
    -0.1798759369289717,
    0.07028547272705453,
    -0.1946149791813675
  ],
  "0_6": [
    0.0491203976992867,
    0.016732126959277043,
    0.024198699404660094,
    0.017183882088618912,
    0.019669781191397895,
    0.06144773243964571,
    0.022586296313096044,
    0.026243405356619683,
    0.018804385539171537,
    0.04202789762234769
  ],
  "0_1": [
    0.0054380747441497256,
    0.012167661209622245,
    0.02210838925354444,
    0.00960719050038324,
    0.05972499066916169,
    0.0066755562655593115,
    0.017424184033117726,
    0.010374964221808787,
    0.00021809769599361625,
    0.0485746499209825
  ],
  "1_0": [
    -0.0028971655008473117,
    0.056956256713313884,
    -0.15155200757995133,
    -0.13686935312207837,
    0.009560471714144977,
    -0.05076306107919491,
    -0.07133009048715476,
    -0.07685588367494975,
    -0.14168214625239595,
    -0.1156881617398754
  ],
  "0_9": [
    0.009704993875289867,
    0.029843483177254694,
    0,
    0.0203002004372051,
    0.026401368973307002,
    0.005403859928235386,
    0.02225614437342415,
    0.008062729008725539,
    0.006627632408938628,
    0.004599628912699518
  ],
  "1_8": [
    -0.009715191750672328,
    -0.1500702075924925,
    -0.04343914736902199,
    -0.1340554347613918,
    -0.16406512500895162,
    0.005219985152462142,
    0.01394879212455781,
    -0.08326162780976325,
    0.09644351433638532,
    0.03867395549885361
  ],
  "1_2": [
    -0.04446123644134944,
    0.026810738620264556,
    -0.012313934820231342,
    0.005577288045929416,
    -0.11382589314663953,
    -0.05686613693404872,
    0.032025851170795976,
    -0.12804475499722295,
    -0.05664076297303178,
    -0.2083051420768931
  ],
  "0_2": [
    0.0112589491086192,
    0.004350443434636496,
    0.0005190316022237178,
    0.007501270260337694,
    0.028953626280183886,
    0.007097501079393068,
    0.00023136219145077275,
    0.02002795978158773,
    0.03274710284719272,
    0.006744978268598318
  ],
  "1_5": [
    -0.013394345483919892,
    -0.027715460079126127,
    -0.13117588592330182,
    0.040846757703259004,
    0.20331814371348397,
    0.13471515269270454,
    0.22250600027069853,
    0.048586218182515795,
    -0.016835847808544236,
    0.08629072029818045
  ],
  "0_4": [
    0.04349513911776551,
    0.0016027541728760601,
    0.022420964439535528,
    0.021213852721414368,
    0.004856865989142856,
    0,
    0.011271640065836261,
    0.029561013969124417,
    0.01963017183832463,
    0.017273400515103836
  ],
  "1_7": [
    -0.05846564594415153,
    -0.1336456539090923,
    0.029614221127681792,
    -0.13168466889038558,
    -0.111975802389521,
    -0.19802794743163166,
    0.07050123484589176,
    0.058579316432449964,
    0.1349941387058991,
    0.1261113229122668
  ],
  "0_7": [
    0.04860940892449569,
    0.06839197662565451,
    0.023138438226089325,
    0.02214447132536434,
    0.01076453155141623,
    0.017526365315331426,
    0.03618887709095686,
    0.03520415832875941,
    0.005779446721304415,
    0.012067123455294669
  ],
  "1_4": [
    0.009658435676489528,
    -0.1489980640410588,
    -0.022034114051980008,
    0.11122851499839873,
    0.16092447093952705,
    0.08149331870810175,
    -0.0679240442517465,
    -0.11935708904132272,
    -0.06362566381153872,
    -0.042697911015475196
  ],
  "0_8": [
    0.04588092395177658,
    0.020665750940434654,
    0.0012319280674548546,
    0.015430242199901157,
    0.002524669069967612,
    0.029604235152997628,
    0.024154118373838913,
    0.019047472734103316,
    0.15310024793600654,
    0.0031735017873968114
  ],
  "1_3": [
    0.05266691765285528,
    0.025501974730115267,
    0.053548036236993585,
    0.2880339494013195,
    0.04425453567714205,
    -0.08039284246106873,
    -0.19040635866701894,
    -0.07966192289163779,
    -0.045807035219432655,
    0.012032343732303788
  ],
  "0_5": [
    0.005464059317393025,
    0.004145176905861061,
    0.03764443142974799,
    0.0009869647417346994,
    0.013086733573218306,
    0.005652254148216287,
    0.01123814566632971,
    0.009632526029725506,
    0.020025365807304293,
    0.026682976970749225
  ],
  "1_9": [
    -0.11739144644429955,
    -0.018648641066064443,
    -0.06445890786846097,
    -0.2612835936537023,
    0.03796339238772947,
    0.07842701819098453,
    0.018862931633588986,
    0.09481896627717237,
    0.16575389440746707,
    0.027803037189446607
  ],
  "0_3": [
    0.06791516630545578,
    0.035687079123107174,
    0.01294915459823164,
    0.01724429373805961,
    0.005695668023768605,
    0.05133369845015309,
    0.0632852002640956,
    0.01604760998745646,
    0.04193142172671664,
    0.0031283339013571075
  ]
}