{
  "1_6": [
    0.23138049769420288,
    0.28770237171756774,
    0.27038710572258284,
    0.308437466027499,
    0.3811058346440772,
    0.5262019814583512,
    0.5506125462560745,
    0.764266990190093,
    0.42541076453743765,
    0.4086735650927074
  ],
  "0_0": [
    0.18950732132351655,
    0.26466203339912475,
    0.2295899082574402,
    0.26981349138229643,
    0.26745317668987817,
    0.19815897038038244,
    0.235974898769018,
    0.4469938784066974,
    0.21596375353854233,
    0.24905303789866443
  ],
  "1_1": [
    0.20357906688168453,
    0.49742743266154615,
    0.25961893313347706,
    0.13355117724120374,
    0.030098869299725953,
    0.21077181433559639,
    0.022849863760985273,
    0.006935784168435731,
    0.12501741398833316,
    0.1490375595949645
  ],
  "0_6": [
    0.4180874634429278,
    0.2365494703097724,
    0.2516723272387602,
    0.2937680743467288,
    0.27255999479124143,
    0.23622872511906207,
    0.28224478418572246,
    0.2111064722017422,
    0.2533190491175627,
    0.2817027961134482
  ],
  "0_1": [
    0.20649775278671506,
    0.38609806843929806,
    0.2070813379808118,
    0.19738720712953498,
    0.2141662099921997,
    0.28153454438784925,
    0.16967027539517063,
    0.2310791376003275,
    0.2924336293972484,
    0.22995439591948513
  ],
  "1_0": [
    0.5612199057085258,
    0.17239176689581692,
    0.3041332522353557,
    -0.027072971128455185,
    0.09688810083252347,
    0.19657331727786428,
    0.05547370225259824,
    -0.041571177169874844,
    0.1629892502532303,
    0.19917854899191312
  ],
  "0_9": [
    0.1812362718832801,
    0.276674790670384,
    0.25609472424315743,
    0.23214617199319992,
    0.23544411202366153,
    0.19482916460820743,
    0.32488480302732986,
    0.2406613241208221,
    0.17885844547139723,
    0.2193786070943263
  ],
  "1_8": [
    -0.06285613980683302,
    0.1327415389722827,
    -0.15370103024913034,
    0.12027319524005134,
    0.12171951714446932,
    0.03836021420636129,
    0.2021728136451712,
    0.6059308977508681,
    0.45144972119086874,
    0.35937322501407437
  ],
  "1_2": [
    0.4543833876643997,
    0.40153893664813955,
    0.39685867310495865,
    0.7422617059904261,
    0.3338995736569075,
    0.1443879426213727,
    0.1540106111247566,
    -0.014764358145806178,
    0.2522870315069121,
    -0.053006949257579844
  ],
  "0_2": [
    0.3888572847393515,
    0.29183346465492827,
    0.26496527197044395,
    0.2836701859746973,
    0.2800382470015625,
    0.28824729587491615,
    0.2984126632761729,
    0.27883489488804475,
    0.2996407027910526,
    0.28458911660653424
  ],
  "1_5": [
    0.17992051893211647,
    0.07745356913056371,
    0.23691185760499744,
    0.1763033288961482,
    0.44731500491818854,
    0.2975996113900799,
    0.23518030098269463,
    0.2781202388270162,
    0.2963323627425029,
    0.1704520360211308
  ],
  "0_4": [
    0.2687868756431215,
    0.29317396440441906,
    0.3000924168023991,
    0.26084184819214873,
    0.3511024886630828,
    0.2746834863750407,
    0.279853238055862,
    0.27759668197378273,
    0.2256726056365213,
    0.23644181003024753
  ],
  "1_7": [
    0.009822371496184881,
    0.1469464463212219,
    0.23317683757649152,
    0.19798334300196513,
    0.20181102940972767,
    0.2443646331276923,
    0.5043573135148974,
    0.43749732752359427,
    0.7149480151924732,
    0.27895722128840394
  ],
  "0_7": [
    0.27175025682234055,
    0.255327098105487,
    0.22697340709890768,
    0.2198820870158829,
    0.44411890353880845,
    0.3021098812250554,
    0.22927460512278186,
    0.27993131651557945,
    0.2781322935649793,
    0.31833620614821406
  ],
  "1_4": [
    0.29960992872993636,
    0.21468925572306324,
    0.12379414762391486,
    0.23732631917599872,
    0.42131485165217036,
    0.5236308293996457,
    0.16763932020347388,
    -0.02655371522499317,
    0.2614394896124036,
    0.2055963004813423
  ],
  "0_8": [
    0.2182651075336079,
    0.3516944746611399,
    0.30592266163754506,
    0.2611137603991056,
    0.2812830239539609,
    0.25256387401907915,
    0.24364550505982913,
    0.21624654284163045,
    0.23852259589613486,
    0.26233609204392444
  ],
  "1_3": [
    0.32024529116735956,
    0.05326640337766731,
    0.30998143704871894,
    0.30605619626690966,
    0.4020078246434482,
    0.20009605011477818,
    0.24846066869307112,
    0.240049035592732,
    0.08166902435381679,
    0.19449688632202172
  ],
  "0_5": [
    0.22872670716766388,
    0.30058087454333693,
    0.2920022151411375,
    0.22711832910506305,
    0.286515850341123,
    0.378625179367193,
    0.2720173520345268,
    0.2358638180850105,
    0.2953067360274761,
    0.24123946818014444
  ],
  "1_9": [
    -0.05459143800258163,
    0.17350587326782274,
    0.09524177135032191,
    0.06350832149110437,
    -0.11054473606196567,
    -0.1234992109926587,
    0.02275247955017188,
    0.16536845603394468,
    0.30573234881936057,
    0.48733705151762685
  ],
  "0_3": [
    0.2300187226709315,
    0.2506898457559983,
    0.24893366377924922,
    0.3075429840583691,
    0.25542151746119784,
    0.2668344467545228,
    0.377788693782692,
    0.2542971855422131,
    0.2803419634810819,
    0.2699440099234763
  ]
}