{
  "1_6": [
    0.33372166593991937,
    0.49780324162700773,
    0.4731274393030576,
    0.532157827095009,
    0.435668558680077,
    0.6389709360238486,
    0.6556322894070639,
    0.7959836125538039,
    0.5169068482026918,
    0.4876591288112162
  ],
  "0_0": [
    0.3986525054427625,
    0.3402918211580771,
    0.40219985682791165,
    0.42347264091886294,
    0.415142897142331,
    0.38727406022298844,
    0.4127041707729788,
    0.5211718829085928,
    0.37114465130456464,
    0.4011395484875677
  ],
  "1_1": [
    0.4714199588793971,
    0.41463216217301097,
    0.283251830156362,
    0.3179489487070292,
    0.2377440004099518,
    0.34333843430052646,
    0.10888836017264465,
    0.037611376142016914,
    0.30837159949040427,
    0.1204882323018081
  ],
  "0_6": [
    0.544728624428452,
    0.47446580491133045,
    0.4508605150810276,
    0.45775982708892654,
    0.38658508671930564,
    0.42141850340153075,
    0.4795256566365126,
    0.43837751252704427,
    0.4881642447212591,
    0.4522353973094873
  ],
  "0_1": [
    0.4160000425411329,
    0.45007658989553695,
    0.40254300791393693,
    0.37249250427291647,
    0.4288295788278486,
    0.40065912733706394,
    0.42353939025865517,
    0.43000556237620324,
    0.49024194344074296,
    0.40663463650799514
  ],
  "1_0": [
    0.6251194905857202,
    0.4581640421020691,
    0.2795060318503565,
    0.10134694428555259,
    0.27525293203286066,
    0.03349886901046363,
    0.3744124888414247,
    0.27013987246864196,
    0.2574295537741772,
    0.31566190965693186
  ],
  "0_9": [
    0.42798340700320686,
    0.408980709303464,
    0.35924843622228764,
    0.3356115227080558,
    0.4132472204934302,
    0.3740399770756105,
    0.35785147632476166,
    0.5359282660145845,
    0.3921039544975685,
    0.36359021239262534
  ],
  "1_8": [
    0.14800479517729842,
    0.20087986247373202,
    0.20204139968937151,
    0.22738915244140712,
    0.16503343954964872,
    0.45479075696350174,
    0.2939099996807999,
    0.49952989400116654,
    0.5921597799987482,
    0.4373759322362362
  ],
  "1_2": [
    0.585766001370268,
    0.6989768567109743,
    0.518365736054845,
    0.5243256989011822,
    0.28546359861115533,
    0.119750192718387,
    0.3584685488584925,
    0.35956296592887627,
    0.3873208760545103,
    0.36926559799056574
  ],
  "0_2": [
    0.4187867974446176,
    0.48619008481895665,
    0.4169926141170987,
    0.4361851988740927,
    0.4801932437803663,
    0.46076137985894317,
    0.4511619556694165,
    0.4176476818005881,
    0.4338709091375334,
    0.4365278042623778
  ],
  "1_5": [
    0.2956990426635887,
    0.35965800406930426,
    0.33470433145773265,
    0.3442327918953261,
    0.4421578286741548,
    0.687282253132634,
    0.6374430710857869,
    0.3824700629142225,
    0.2794152911067004,
    0.34941610922279087
  ],
  "0_4": [
    0.4163762501207131,
    0.4364452943575493,
    0.43064915296394146,
    0.4699361202983157,
    0.4962786607108872,
    0.47883909430317123,
    0.43123156525448697,
    0.3941339491782019,
    0.4570879779579231,
    0.484585922190258
  ],
  "1_7": [
    0.43319180266311547,
    -0.03930534929873037,
    0.30887824477577963,
    0.34314489651545055,
    0.33958971409013655,
    0.34567644581383533,
    0.4589594460450648,
    0.616836330855749,
    0.46448392574316977,
    0.4243697356840027
  ],
  "0_7": [
    0.4207615117116537,
    0.46855077827278646,
    0.43464889937191614,
    0.4642519502770751,
    0.4082478246618307,
    0.41313045554654826,
    0.43193300880770924,
    0.457720804537572,
    0.529265906132577,
    0.4440178895718225
  ],
  "1_4": [
    0.4137001528181688,
    0.378966422396217,
    0.22458376855773352,
    0.499242012501688,
    0.752675914125772,
    0.5631563057499709,
    0.3605565296684792,
    0.22989946386983712,
    0.4140964598672709,
    0.2981973608700863
  ],
  "0_8": [
    0.5354613445989953,
    0.371994230459401,
    0.47859751824856445,
    0.4397566376079973,
    0.443869273735417,
    0.41622564916041893,
    0.4351377213134566,
    0.40088729894125835,
    0.3919487634622471,
    0.419272766894702
  ],
  "1_3": [
    0.26466927650035577,
    0.444824660351412,
    0.5387900718917233,
    0.5220072965095525,
    0.5127956674344006,
    0.5585334497029498,
    0.403658278349389,
    0.5103250419532424,
    0.24715689294032694,
    0.4884964715833931
  ],
  "0_5": [
    0.48345380638703495,
    0.43085117355778124,
    0.4344198608264509,
    0.42840627536119263,
    0.4618534444119551,
    0.5203444591479313,
    0.5063105961037493,
    0.4007804795116793,
    0.46908112683586534,
    0.4500178125544698
  ],
  "1_9": [
    0.14963773366152,
    0.067821686216525,
    0.20855986755599032,
    0.3073383610288795,
    -0.031857217993502315,
    0.1334167940571353,
    0.14565041818233182,
    0.25946787102695723,
    0.4555441973386127,
    0.6251222743761723
  ],
  "0_3": [
    0.38874743580466886,
    0.43974674150532983,
    0.4478709561928841,
    0.4502936817043264,
    0.5407401517396958,
    0.4343220760033586,
    0.46388608524416486,
    0.44642762077183507,
    0.43704293889081103,
    0.48561881297331677
  ]
}