{
  "1_6": [
    0.3210059156171444,
    0.7582811329425487,
    0.5753325565564338,
    0.43118214516625275,
    0.42197023275172363,
    0.6001497695432033,
    0.6985712496959473,
    1.0800127269346418,
    0.6617744755664857,
    0.5570690778360526
  ],
  "0_0": [
    0.6630477179679134,
    0.5788858159785216,
    0.5891858307410804,
    0.5231931340745363,
    0.5447938333924587,
    0.5528259979253781,
    0.5218133594926486,
    0.5757522105063924,
    0.49931872070051314,
    0.6001142990231323
  ],
  "1_1": [
    0.49652781112588007,
    0.6284836977230897,
    0.9085853759849377,
    0.5995777622188936,
    0.3383190145319143,
    0.46229353908649584,
    0.27859113441142386,
    0.39714239453083094,
    0.314733101248887,
    0.4280809195464624
  ],
  "0_6": [
    0.6057853515448663,
    0.628423154614737,
    0.6180030755559937,
    0.5737687182177905,
    0.5951216827307657,
    0.5195300643331429,
    0.6676702373187005,
    0.54758882550513,
    0.5853343258982107,
    0.6160143932059491
  ],
  "0_1": [
    0.5745462359317095,
    0.5980548521999027,
    0.6000811160106215,
    0.6063233378784555,
    0.5608831958703672,
    0.5903500974888631,
    0.6180163707841106,
    0.57111531733259,
    0.6050590133034812,
    0.5693397095904628
  ],
  "1_0": [
    0.8080115374444846,
    0.6818999953783601,
    0.6134115544560148,
    0.20273690728596772,
    0.41042590851240557,
    0.19451986782120917,
    0.4503142266810082,
    0.47794690780472754,
    0.3441756738569801,
    0.452570324666935
  ],
  "0_9": [
    0.5915318537957437,
    0.530599768065021,
    0.5997012436519619,
    0.5972553975292069,
    0.6020940644997781,
    0.5653452767633873,
    0.6557654607772601,
    0.5322354098205999,
    0.5919287428555188,
    0.5540592899107665
  ],
  "1_8": [
    0.44686686519140084,
    0.30695481667301033,
    0.360439632568204,
    0.25266257391360614,
    0.5015646569130353,
    0.264204727115706,
    0.4914862910276112,
    0.7454133266950452,
    0.7366829151841464,
    0.6061494875467467
  ],
  "1_2": [
    0.6957243052197084,
    0.9016443200773772,
    0.6923750980408279,
    0.7278025976554116,
    0.5012635026253011,
    0.35134864628337786,
    0.41480215600703807,
    0.3701797610522607,
    0.5081257146352122,
    0.5283600350220184
  ],
  "0_2": [
    0.5699052356868396,
    0.5801912977281533,
    0.5530298244776053,
    0.5999146689251956,
    0.6117307516529887,
    0.5891763277042701,
    0.6007891321135088,
    0.7565366600033588,
    0.5853573819866265,
    0.576681816521333
  ],
  "1_5": [
    0.5497125684540507,
    0.5139356071713542,
    0.4033194518459097,
    0.6649079326333156,
    0.6237106706188824,
    0.863469874084495,
    0.6972039812459436,
    0.5436007431492229,
    0.5681539407711742,
    0.4348712413080863
  ],
  "0_4": [
    0.5989558099133153,
    0.5389116510887784,
    0.5849813875303256,
    0.6151559393080634,
    0.6044993587046811,
    0.5592830771790315,
    0.6176864914564311,
    0.5432283249739395,
    0.5795392622675101,
    0.6597174573984985
  ],
  "1_7": [
    0.3999602517741365,
    0.3407424653399365,
    0.4977536585357417,
    0.5444986075292183,
    0.24630886290454856,
    0.3490695852951373,
    0.6314983039322112,
    0.6745256514127203,
    0.6267491863471351,
    0.6001816351240887
  ],
  "0_7": [
    0.6153607309014106,
    0.5946437602845602,
    0.6257995222319132,
    0.5833358101921722,
    0.6689938023204414,
    0.6138003570394153,
    0.5932874204144285,
    0.5805573828375005,
    0.6111682213455107,
    0.5621643382127506
  ],
  "1_4": [
    0.43387959246149216,
    0.3785384247933925,
    0.5405488109811836,
    0.6363177638260413,
    0.7585748780738022,
    0.72080909822889,
    0.3050842498809883,
    0.3256393206665198,
    0.6052433364142272,
    0.4671221387524473
  ],
  "0_8": [
    0.5811019225988632,
    0.5981138278967766,
    0.6258109940888179,
    0.6261030215816055,
    0.6126434969397527,
    0.5727762342991598,
    0.6249471192209144,
    0.6379351735682713,
    0.5828421566028039,
    0.632077889219908
  ],
  "1_3": [
    0.22044171170896504,
    0.5437151738436998,
    0.6064580296671022,
    0.7532735455702825,
    0.6121751620866415,
    0.6201574909252561,
    0.5022952112982091,
    0.5858569108433861,
    0.46074608326272254,
    0.6502621826234642
  ],
  "0_5": [
    0.6865578375618273,
    0.6276613469011642,
    0.5536033066203466,
    0.6231456723905882,
    0.6366843059770337,
    0.6213517704743444,
    0.6075523158382058,
    0.6352106536183579,
    0.6118653098087943,
    0.5922707122441937
  ],
  "1_9": [
    0.4920182460895961,
    0.4315167100945536,
    0.627415879529971,
    0.49763832752995635,
    0.2606071761193514,
    0.1849796065103158,
    0.34841477727336995,
    0.5048237688137053,
    0.8728164499176115,
    0.6103189333468305
  ],
  "0_3": [
    0.5757056784922618,
    0.6321673411495766,
    0.5988911105099043,
    0.618448519195977,
    0.5999047408720849,
    0.618807607885282,
    0.5718867498555288,
    0.6165272416362928,
    0.6188409422908524,
    0.6139454744440604
  ]
}