{
  "1_6": [
    0.3049383911441656,
    0.5694193642657651,
    0.61697288632775,
    0.3338643675532343,
    0.5263606412503105,
    0.686665187545426,
    0.7737206967687605,
    0.5857848820296665,
    0.6341785238802385,
    0.5038735308912942
  ],
  "0_0": [
    0.6376410641629364,
    0.5286463624717409,
    0.5587366517657264,
    0.49113722629937556,
    0.529792390713377,
    0.5139350251716351,
    0.47303625448265846,
    0.5596527881410753,
    0.47454618863127873,
    0.5058460903465338
  ],
  "1_1": [
    0.6166386708366234,
    0.716928565078839,
    0.5585940559246324,
    0.5949510289233624,
    0.5649987439953373,
    0.5157095129582208,
    0.20082134316157893,
    0.3758910609941099,
    0.32203715081350165,
    0.3091337665330849
  ],
  "0_6": [
    0.627384908654566,
    0.5583716219017525,
    0.5657843915287565,
    0.5552989610288688,
    0.5615050818035902,
    0.5118478571260295,
    0.5807018244853979,
    0.5252277119811939,
    0.5877813891108545,
    0.5836183209343242
  ],
  "0_1": [
    0.545059855090584,
    0.570493763673412,
    0.5931009109257572,
    0.5770562344796547,
    0.5419176854239868,
    0.5458775573014549,
    0.5928134991282176,
    0.5348928585251131,
    0.6395844313813451,
    0.5125931248396841
  ],
  "1_0": [
    0.8710388672540563,
    0.5595813932506409,
    0.6012514899428641,
    0.21977443859774728,
    0.2368481305011791,
    0.2302406426939576,
    0.3561819048560601,
    0.517437604599819,
    0.26352426681784874,
    0.5868366816040714
  ],
  "0_9": [
    0.5406170153178288,
    0.5140494645983545,
    0.5198689008322253,
    0.5008792005795609,
    0.5201822609071137,
    0.5019917833921363,
    0.5365440830606154,
    0.48997005204198424,
    0.6135477088943586,
    0.5540592899107665
  ],
  "1_8": [
    0.3081177674150368,
    0.2913040402095142,
    0.268618631090644,
    0.18087203507247487,
    0.2341223341681754,
    0.5270372203773663,
    0.534114999848358,
    0.6681944010261837,
    0.8420535901934117,
    0.5329541128380845
  ],
  "1_2": [
    0.4871590929615288,
    0.609388569957502,
    0.624671760632473,
    1.0339584599540614,
    0.5282249699005325,
    0.030671795809282587,
    0.4129782707978813,
    0.3959083611230823,
    0.5353170742816373,
    0.4281902907132327
  ],
  "0_2": [
    0.4953946460579336,
    0.540409623475588,
    0.5371579688678226,
    0.7062184396506721,
    0.6118498401638722,
    0.509277689417645,
    0.5569921376942436,
    0.5589910656773953,
    0.5512386823344578,
    0.5295247278962495
  ],
  "1_5": [
    0.6101885451673208,
    0.37239156088389125,
    0.3578094125822037,
    0.6380646754860255,
    0.5820827374102822,
    0.8339525779774921,
    0.5802328589721767,
    0.5352099296440446,
    0.4325174741009422,
    0.3757214234163006
  ],
  "0_4": [
    0.5802933737578452,
    0.48533615210237635,
    0.5596899491140662,
    0.5419968758231136,
    0.5808593996292656,
    0.5458453983940256,
    0.5735708275348756,
    0.46446755887823704,
    0.5127275616462559,
    0.7419107209933917
  ],
  "1_7": [
    0.3485743260217275,
    0.46004119204891636,
    0.5445246306517844,
    0.37789119545035793,
    0.31235905496191346,
    0.3578858795993339,
    0.5629497994147767,
    0.6116107423679622,
    0.7874364920963237,
    0.6157476093184893
  ],
  "0_7": [
    0.5620180848258989,
    0.5554097340582906,
    0.6209030232463677,
    0.5281246979256989,
    0.6050612726726282,
    0.605691284112573,
    0.5533176487446437,
    0.5561516147465358,
    0.605304041560334,
    0.5473919465181004
  ],
  "1_4": [
    0.4155228365338792,
    0.3976723492422013,
    0.3245876616764239,
    0.9738033482262606,
    0.5439185638639982,
    0.5800111817427245,
    0.40441780987326487,
    0.1765592279452794,
    0.5177280889490575,
    0.4725109185942374
  ],
  "0_8": [
    0.5728628994713416,
    0.508231604400696,
    0.5868323920263433,
    0.5937020844606812,
    0.5950900380586673,
    0.539815211868075,
    0.6448471013622471,
    0.5967173596368148,
    0.553319221868401,
    0.5238877090600306
  ],
  "1_3": [
    0.3284196752660127,
    0.4627750322218042,
    0.9556909178000677,
    0.6726269451083773,
    0.5952337655828843,
    0.45050379688275727,
    0.42442056004344,
    0.5142912385705821,
    0.43209497640258476,
    0.6062059966980932
  ],
  "0_5": [
    0.6815895465236428,
    0.5186981327630219,
    0.5256588501610668,
    0.5475918765359445,
    0.5766040698795905,
    0.5755925692598921,
    0.5701463726855805,
    0.7573599576138732,
    0.5354478191493887,
    0.5324971624198342
  ],
  "1_9": [
    0.5858482391084833,
    0.26160448829657584,
    0.4961051716251691,
    0.3231383700676064,
    0.15758600352476465,
    0.14077284145441382,
    0.3070210460474015,
    0.3462910339127402,
    1.0101365405705254,
    0.6103189333468305
  ],
  "0_3": [
    0.5448203055335289,
    0.5281256447544459,
    0.5779560717335354,
    0.5551050436505361,
    0.5756684814286921,
    0.573559429435364,
    0.5684770489567915,
    0.7493545321107293,
    0.5849009164115727,
    0.5800282804053675
  ]
}