{
  "1_6": [
    0.2614051994826796,
    0.0368747719621659,
    0.0671604482175796,
    0.17315565263281552,
    0.23167004082847742,
    0.3799555441591689,
    0.30850697646197955,
    0.39282204426080847,
    0.24615233702061737,
    0.02216525290087846
  ],
  "0_0": [
    0.06458782238943847,
    0.08000181528928615,
    0.03682822395463945,
    0.09910558635598274,
    0.07291693061364744,
    0.039432385015098145,
    0.09251407795609912,
    0.15311105491316782,
    0.08278566363050682,
    0.09439381962773416
  ],
  "1_1": [
    0.32585209039286983,
    0.15607618742202242,
    0.060059948422754195,
    0.17255811021488715,
    -0.03244412298896679,
    0.0060054168857290695,
    -0.035202555206226775,
    0.05624151584995879,
    -0.04912016642683283,
    -0.037346491966950134
  ],
  "0_6": [
    0.14524426276343158,
    0.1849299145859982,
    0.0593797143211175,
    0.0877857913101738,
    0.09738868662492996,
    0.1484443179960405,
    0.1156584750214704,
    0.06150143860131201,
    0.11288543634255387,
    0.12049601432238231
  ],
  "0_1": [
    0.06201044903139573,
    0.10881278171768038,
    0.07853985507860436,
    0.08402543450842787,
    0.11921850195770149,
    0.07609388250871701,
    0.05816597209088233,
    0.10129234023104719,
    0.06563502094343819,
    0.0780155356569498
  ],
  "1_0": [
    0.01158032720814535,
    0.0833456968204528,
    -0.06346614201225761,
    -0.08846599792952042,
    -0.12657937269143646,
    -0.30210393738128954,
    -0.10481996097810926,
    -0.07075985119280583,
    -0.21747779844757073,
    -0.07901912224630124
  ],
  "0_9": [
    0.10826372903727115,
    0.07383030269803934,
    0.06961255077322218,
    0.044481866405332526,
    0.16372423626017713,
    0.06913261622706347,
    0.053215263093729016,
    0.07282242378297978,
    0.04338886696715083,
    0.06097102669026777
  ],
  "1_8": [
    -0.004018342237131309,
    0.03723200597250102,
    -0.2206838817842825,
    -0.05651615190847509,
    -0.034654545308896285,
    -0.18028158944876504,
    0.056836786658040615,
    0.3002345698469089,
    0.29865460858752646,
    0.13350055036055666
  ],
  "1_2": [
    0.19205586876157568,
    0.1950700110991035,
    0.24192651090640177,
    0.07314233108648673,
    -0.1455010296502364,
    -0.040265414888228275,
    0.10585933086166566,
    -0.028451963865607194,
    -0.05164815525135263,
    -0.050090668178805246
  ],
  "0_2": [
    0.1761908392790612,
    0.05830700006540353,
    0.1230731901152471,
    0.14353254757838335,
    0.1375417114107337,
    0.09168956570581456,
    0.11886332758438725,
    0.14115899075063842,
    0.15532796856054648,
    0.06772473567528828
  ],
  "1_5": [
    0.03734056676473732,
    0.04409101750787412,
    -0.01703330512392436,
    0.0915119864646701,
    0.36646576551943943,
    0.2636732606826679,
    0.2348641849069194,
    -0.02970121269675868,
    0.06213719811615577,
    0.10598762059788086
  ],
  "0_4": [
    0.12054518936260958,
    0.07784647148822008,
    0.0680187130251963,
    0.05346765154540373,
    0.15788460612140792,
    0.015218652247519929,
    0.10582797658667971,
    0.09445126098595395,
    0.06781014763222915,
    0.13671569174707637
  ],
  "1_7": [
    -0.04664158761103638,
    -0.2171346255934553,
    0.06973619695394472,
    -0.12344049834145682,
    -0.01849378957755958,
    0.11217398532602435,
    0.14972586687775216,
    0.19043697885490662,
    0.23456031217303533,
    0.44055072323700334
  ],
  "0_7": [
    0.10298455092842283,
    0.20471076694611845,
    0.06598838151067482,
    0.09254569883194898,
    0.07372885122714332,
    0.09629622450091287,
    0.11511284139659003,
    0.14181517439488345,
    0.12626799512763517,
    0.136407293959363
  ],
  "1_4": [
    0.11478322231679576,
    0.006992692861870209,
    0.04031910464591625,
    0.27463786405437896,
    0.2763684946191397,
    0.08071135576511125,
    0.0006831206080389306,
    -0.22133936144147465,
    -0.025718612026365995,
    0.029926335540956094
  ],
  "0_8": [
    0.11793575584978727,
    0.12814163653968205,
    0.09865985188395489,
    0.08508572645432086,
    0.09758097291610238,
    0.09298276420740441,
    0.08193343346502355,
    0.09588272043539492,
    0.1337468523234187,
    0.10101514939406933
  ],
  "1_3": [
    0.26131364357549475,
    0.026804791073445022,
    0.09695897394575614,
    0.37138401894389333,
    0.23056989234378852,
    0.20138053414831708,
    0.10667113706305531,
    0.1298201237288899,
    0.0795953505174116,
    0.03682111002259296
  ],
  "0_5": [
    0.041972444021424304,
    0.08580308243300871,
    0.08240577897874439,
    0.06347903417848122,
    0.06312515057340448,
    0.13693432534034847,
    0.08367082859766098,
    0.06377633631431055,
    0.3259155117223594,
    0.13699791138072662
  ],
  "1_9": [
    -0.2981334180142176,
    -0.13176357512923265,
    -0.010377608320871104,
    -0.24512888925282933,
    0.019589731651142254,
    -0.015584159247196232,
    0.0025457942203563587,
    -0.05010566557107214,
    -0.11617573227937354,
    -0.029371323148766545
  ],
  "0_3": [
    0.0961951337305693,
    0.06564741018680693,
    0.08975568529585895,
    0.08440927931281852,
    0.08153189324048618,
    0.09908976092224943,
    0.19467893233807226,
    0.11635489017488349,
    0.096322835930417,
    0.0903046221667414
  ]
}