{
  "1_6": [
    0.24858304328724,
    0.4570167927952678,
    0.5593032240861705,
    0.6289359142030168,
    0.341868411994267,
    0.700463362714105,
    0.6800256335498388,
    0.8709007280392134,
    0.5792572597404243,
    0.3460924371772933
  ],
  "0_0": [
    0.4717409036344484,
    0.35442562691874957,
    0.4230081167927702,
    0.4367982509198674,
    0.42375337448489975,
    0.38727406022298844,
    0.42998642965920175,
    0.516757669968534,
    0.38285258311654147,
    0.4603269761430149
  ],
  "1_1": [
    0.36884401535657396,
    0.4550470975198426,
    0.30863264198157586,
    0.23510494335623028,
    0.20860442310405175,
    0.349649336722301,
    0.07627476350156624,
    0.037611376142016914,
    0.366658622193898,
    0.05710602272819991
  ],
  "0_6": [
    0.5001906537071243,
    0.4818851619096596,
    0.46938176739595455,
    0.4718816009044101,
    0.4321241544463688,
    0.42520857829238334,
    0.4887290113840347,
    0.4705533485807047,
    0.6334953946674419,
    0.46094735502371775
  ],
  "0_1": [
    0.4179770983699277,
    0.4475548878260651,
    0.40254300791393693,
    0.46696160834454215,
    0.4441633472663381,
    0.40065912733706394,
    0.422127077584217,
    0.43000556237620324,
    0.4723735755412679,
    0.41994257579447614
  ],
  "1_0": [
    0.6770772645056676,
    0.5266413696146555,
    0.262014336862874,
    0.09776288043376663,
    0.3039883929822894,
    0.17198015527965957,
    0.3744124888414247,
    0.380746907581033,
    0.20083253890806127,
    0.3735696075872231
  ],
  "0_9": [
    0.42798340700320686,
    0.4202854636994927,
    0.413808987955962,
    0.403483402485982,
    0.4167220743340682,
    0.3740399770756105,
    0.3972740657260702,
    0.49695640204193325,
    0.4309420557687447,
    0.41036759713963483
  ],
  "1_8": [
    0.18171337952767286,
    0.2662821182783732,
    0.17787444137821967,
    0.2817087193864333,
    0.29167153992088357,
    0.4568844319446605,
    0.23504880014005217,
    0.4982412403384848,
    0.5735887232844161,
    0.4625971053264685
  ],
  "1_2": [
    0.585766001370268,
    0.7929515371848337,
    0.5559636870073794,
    0.5243256989011822,
    0.28546359861115533,
    0.119750192718387,
    0.3933087808758009,
    0.3052149556829993,
    0.4492735651516156,
    0.30654593214759035
  ],
  "0_2": [
    0.44060442917860954,
    0.4802932447847702,
    0.41984291117203604,
    0.4415657333989099,
    0.5138416838104553,
    0.48301396933499735,
    0.45154686599451616,
    0.4176476818005881,
    0.4527428730571801,
    0.4451669771590368
  ],
  "1_5": [
    0.3324633394200439,
    0.35965800406930426,
    0.2613183323385786,
    0.40829402489250693,
    0.38983790104136357,
    0.7709434865599272,
    0.7779059912161923,
    0.4370479005809597,
    0.349201986028329,
    0.34941610922279087
  ],
  "0_4": [
    0.41822610665625226,
    0.4381779477034036,
    0.43529465682018986,
    0.48939973872177067,
    0.4678576629786286,
    0.47002357562689867,
    0.429691891881831,
    0.39854146749496916,
    0.45675636294374006,
    0.5585042830747364
  ],
  "1_7": [
    0.4556624759989485,
    -0.02753060340883374,
    0.3652734234968661,
    0.34314489651545055,
    0.38956169442756483,
    0.17799548320461933,
    0.47473844374368446,
    0.625169004928933,
    0.48258074489101177,
    0.4931216685854883
  ],
  "0_7": [
    0.4620529888576764,
    0.47899901565831243,
    0.4703596687210249,
    0.4864769551487904,
    0.45607420125561454,
    0.44357099094996677,
    0.453485298887682,
    0.46719070035396276,
    0.5268156875602354,
    0.4460259532246181
  ],
  "1_4": [
    0.4356778575268588,
    0.4212738846578179,
    0.22458376855773352,
    0.5691786489814779,
    0.5813520078761323,
    0.6814784977035904,
    0.437654239030439,
    0.18586488462125655,
    0.43088803213926624,
    0.32714136419559814
  ],
  "0_8": [
    0.5562173708865629,
    0.371994230459401,
    0.4821211735196036,
    0.4506758209854657,
    0.443869273735417,
    0.4222807401421927,
    0.45869974692150006,
    0.41039314385499287,
    0.4433502471782115,
    0.4272712255775789
  ],
  "1_3": [
    0.26466927650035577,
    0.3776759331425508,
    0.5458739248051695,
    0.5220072965095525,
    0.5289383890616627,
    0.6406539759059777,
    0.403658278349389,
    0.5103250419532424,
    0.2812707698451903,
    0.4884964715833931
  ],
  "0_5": [
    0.5293874887329849,
    0.4480659991897949,
    0.46379525229026375,
    0.44920798550294005,
    0.475006589210422,
    0.5849763569623703,
    0.5012193542712708,
    0.4528932164335932,
    0.477378277378231,
    0.4500178125544698
  ],
  "1_9": [
    0.276798477123554,
    0.067821686216525,
    0.3261342632536874,
    0.3472758449742609,
    -0.031857217993502315,
    0.1241306644629693,
    0.14565041818233182,
    0.32006417475491766,
    0.496769697520091,
    0.6546051684196144
  ],
  "0_3": [
    0.41554285519378054,
    0.44424864864660846,
    0.4478709561928841,
    0.4633229049655254,
    0.5292427230351879,
    0.44498185727372414,
    0.46388608524416486,
    0.44976753465736086,
    0.43704293889081103,
    0.5154062704008809
  ]
}