{
  "1_6": [
    0.27909984569041146,
    0.40525120602588877,
    0.3900074035702204,
    0.4813473397376449,
    0.5893720097476274,
    0.7372725349196462,
    0.6242121087188345,
    0.9087479894117425,
    0.5552895446974224,
    0.5193160896857144
  ],
  "0_0": [
    0.32330175270093015,
    0.30443904975830033,
    0.34742849745641413,
    0.39733094355099746,
    0.3716214514562465,
    0.27809383088664597,
    0.344906197044617,
    0.4662118831770626,
    0.2522164681118024,
    0.3812293284117072
  ],
  "1_1": [
    0.45165110329037056,
    0.35972443721792435,
    0.31943718553395767,
    0.3008251173866325,
    0.1607329033397777,
    0.3770039933493337,
    0.07117161785697051,
    0.1124166712092954,
    0.274760046662306,
    0.20096612407056735
  ],
  "0_6": [
    0.5951648401368712,
    0.4255135167170083,
    0.38263947347799077,
    0.39369982761849714,
    0.3180822534766829,
    0.3007018467463051,
    0.4125838532199003,
    0.3828410153408266,
    0.4252307563115824,
    0.3594480802660297
  ],
  "0_1": [
    0.3587045772338897,
    0.4505611499372993,
    0.37239803463077853,
    0.32800305916141875,
    0.374722848141416,
    0.376390844214533,
    0.3748058213031763,
    0.3639077751671086,
    0.42869193131775307,
    0.3049292540299893
  ],
  "1_0": [
    0.633073585298788,
    0.2287188814254042,
    0.22155392836362653,
    0.11539360100617513,
    0.10346729578934824,
    0.007531845282994769,
    0.15180790846187028,
    -0.003844017770732379,
    0.2160671980390767,
    0.25943872724586003
  ],
  "0_9": [
    0.34574136069603634,
    0.35237813668439355,
    0.33024793010000897,
    0.3016173971538654,
    0.3194199679061361,
    0.34891987472218733,
    0.3393902851639765,
    0.45883073462662927,
    0.325371837237387,
    0.3573297412399621
  ],
  "1_8": [
    -0.10663527069031459,
    0.20087986247373202,
    0.009018984737892144,
    0.2432191207513502,
    0.228263305236153,
    0.3986083010915276,
    0.17991441393316668,
    0.4401551499096545,
    0.4028913013960007,
    0.4439923132305905
  ],
  "1_2": [
    0.509104465564372,
    0.464931340105216,
    0.4454400361587915,
    0.4442778163707476,
    0.36662890872770293,
    0.12849376179956756,
    0.25367332078575017,
    0.2069332537355929,
    0.19055109476495807,
    0.3452479479307405
  ],
  "0_2": [
    0.3973544005952373,
    0.38135938309368383,
    0.3668405252028765,
    0.35762588614576385,
    0.4806521339478002,
    0.37053041050139257,
    0.38134990299368626,
    0.42661102052533606,
    0.39336161286044585,
    0.3809446570706714
  ],
  "1_5": [
    0.22570169738438786,
    0.2464498512180024,
    0.3475102162011878,
    0.19013244714947447,
    0.4005316345141694,
    0.5527625764922512,
    0.41792973355270735,
    0.21324110217938233,
    0.2054949735246705,
    0.25019808738457305
  ],
  "0_4": [
    0.3848476707554128,
    0.3818008684410566,
    0.3953940760337385,
    0.3924603582774084,
    0.6223307860883777,
    0.3827559699614882,
    0.3920078562944359,
    0.36637953833636105,
    0.3895394635658537,
    0.40866514272711457
  ],
  "1_7": [
    0.1531842434275405,
    0.15756464853029134,
    0.1546356934665324,
    0.23244088763475135,
    0.45243936535311535,
    0.3020871209021617,
    0.8739709100423261,
    0.4093242527254293,
    0.4263434191077062,
    0.4099312950753363
  ],
  "0_7": [
    0.36806244000722066,
    0.38787962788751623,
    0.30557779851898637,
    0.31711341038736296,
    0.3819679820028146,
    0.35364304421661713,
    0.3192919023326006,
    0.3728981409699664,
    0.4691646656063654,
    0.371186740198168
  ],
  "1_4": [
    0.47182338931607337,
    0.20636449812441382,
    0.21905828048896436,
    0.3869730438134403,
    0.6377110031525146,
    0.46489419612353156,
    0.2964361673824637,
    0.07014346140065253,
    0.42564774897416985,
    0.1783515164027863
  ],
  "0_8": [
    0.4001470425118778,
    0.371994230459401,
    0.4544561594057751,
    0.3313288901676888,
    0.36340269980022727,
    0.31533973094994655,
    0.3312154888501849,
    0.3293104071517245,
    0.33372029076580134,
    0.3773852750860292
  ],
  "1_3": [
    0.25422170058446214,
    0.3279540396742259,
    0.7165777084526939,
    0.38341837900814,
    0.3585722211892607,
    0.3335235870390873,
    0.37123808104001027,
    0.36427758518557457,
    0.31853073324990744,
    0.34135443532093485
  ],
  "0_5": [
    0.3447507391620977,
    0.3819899416769318,
    0.33613587012974944,
    0.28954582440082943,
    0.34236354187958873,
    0.6234145386037369,
    0.4054081884756517,
    0.31640743627416446,
    0.3558773307313388,
    0.3525543062080859
  ],
  "1_9": [
    -0.009118107176921304,
    0.37636767431646106,
    0.297586785866753,
    0.18046657769278446,
    0.12361226825297562,
    0.2781538932430873,
    0.29282234722610195,
    0.32473522574532215,
    0.572681647056525,
    0.40064872896698844
  ],
  "0_3": [
    0.3217602116463925,
    0.4031197416012361,
    0.40056868880539487,
    0.4356057711423993,
    0.3845891446375457,
    0.354782821912104,
    0.4190224221480928,
    0.36958964583723763,
    0.4283767011409088,
    0.49728773432762235
  ]
}