{
  "1_6": [
    0.25470023583644263,
    0.45818207448375214,
    0.4988515701432229,
    0.6113717768119489,
    0.6280654504224183,
    0.8074274980454132,
    0.6527967288660077,
    0.6793200397334234,
    0.5770752012717035,
    0.5193160896857144
  ],
  "0_0": [
    0.342081001004534,
    0.30443904975830033,
    0.40219985682791165,
    0.4066420604874516,
    0.3788031522165526,
    0.3080632724266372,
    0.38524103986284575,
    0.49443729732505476,
    0.2694382400800607,
    0.3812293284117072
  ],
  "1_1": [
    0.3410980936405439,
    0.3956991199697577,
    0.23751779396689554,
    0.3101839008964081,
    0.18490172630897195,
    0.13430744990629512,
    0.05721803697204861,
    0.1124166712092954,
    0.2884135401248893,
    0.21648243246078883
  ],
  "0_6": [
    0.5693765298830048,
    0.4577759698345073,
    0.41131260309229783,
    0.4069644596054458,
    0.33723914865546,
    0.3658761388187139,
    0.44686838856889155,
    0.3882041528644835,
    0.43703585089703695,
    0.37305771719678954
  ],
  "0_1": [
    0.3639918578456468,
    0.45004523619794695,
    0.37239803463077853,
    0.3365140183624665,
    0.38035335303589685,
    0.376390844214533,
    0.3748058213031763,
    0.3688476779681526,
    0.42334179666721433,
    0.3049292540299893
  ],
  "1_0": [
    0.6264006017755157,
    0.2287188814254042,
    0.22155392836362653,
    0.10070969365529903,
    0.1825857689910591,
    -0.056160107213314985,
    0.29486213812106377,
    0.03328392975222016,
    0.20338810858359546,
    0.21269137425116885
  ],
  "0_9": [
    0.34998552993312915,
    0.35237813668439355,
    0.3360414423967045,
    0.3016173971538654,
    0.3771603249622783,
    0.3532382966506721,
    0.3393902851639765,
    0.45272953884140915,
    0.325371837237387,
    0.3573297412399621
  ],
  "1_8": [
    -0.015769144256288933,
    0.20087986247373202,
    0.009018984737892144,
    0.2432191207513502,
    0.24979621833685853,
    0.4283953720135992,
    0.10806890121485696,
    0.43162339455750215,
    0.424931954486079,
    0.524064536571071
  ],
  "1_2": [
    0.40550594185830724,
    0.7160347081861904,
    0.4454400361587915,
    0.508025645566,
    0.2702116089962927,
    0.18084285609884757,
    0.229067067423798,
    0.1554631372570307,
    0.21685719317024782,
    0.3452479479307405
  ],
  "0_2": [
    0.39659016957821286,
    0.3836608233551007,
    0.3668405252028765,
    0.39071247379971163,
    0.4383272258263942,
    0.37168423763298697,
    0.39672222370230487,
    0.40682000946289315,
    0.39459629067641755,
    0.40594395297331964
  ],
  "1_5": [
    0.2563673959454027,
    0.28707886684847744,
    0.3866504834882884,
    0.2787326063699507,
    0.4868844420388565,
    0.6264139450171345,
    0.4741293756068944,
    0.24781953344239022,
    0.17159158046669715,
    0.25019808738457305
  ],
  "0_4": [
    0.3925088323548785,
    0.38960773213145594,
    0.4217848021347652,
    0.4082844873116299,
    0.4926289749569875,
    0.42706831862661304,
    0.40711711817301094,
    0.37087108263153884,
    0.40478738692619237,
    0.408928126583217
  ],
  "1_7": [
    0.4626080134466864,
    0.08425160245670073,
    0.30425364018027046,
    0.23244088763475135,
    0.5055197195118583,
    0.3434176097092801,
    0.8140488781822363,
    0.47422769067811144,
    0.46041820038298564,
    0.44779267100329206
  ],
  "0_7": [
    0.37624486682358327,
    0.42686067968806735,
    0.3446914766967753,
    0.34493235923435844,
    0.4092182753581693,
    0.36002577786318424,
    0.3871946458955562,
    0.3903533416142499,
    0.5032767266943747,
    0.38727869228825074
  ],
  "1_4": [
    0.47307837354611587,
    0.28881418723597696,
    0.24458617301052055,
    0.4079846632871462,
    0.6425369766054934,
    0.46489419612353156,
    0.41866064838885647,
    0.2412650235810811,
    0.4394017773404106,
    0.2709200622235999
  ],
  "0_8": [
    0.40665702017486727,
    0.371994230459401,
    0.48463082521395373,
    0.3447134125270432,
    0.37125503505670676,
    0.31533973094994655,
    0.3312154888501849,
    0.3373362574403579,
    0.34069611600140437,
    0.3773852750860292
  ],
  "1_3": [
    0.28715247277528605,
    0.36538683988861403,
    0.8264106802327258,
    0.44021883889437974,
    0.4255625621512571,
    0.39082507502738595,
    0.37123808104001027,
    0.32550159211488894,
    0.2720541088871726,
    0.2988858890334618
  ],
  "0_5": [
    0.3815198096436738,
    0.4023773239837803,
    0.37819322715880505,
    0.33807520477493846,
    0.35634183263773134,
    0.5101059574745024,
    0.4054081884756517,
    0.3293428315677369,
    0.37528037069390197,
    0.36698937814999405
  ],
  "1_9": [
    -0.06844177958500092,
    0.39085615870468227,
    0.15721423095554737,
    0.18046657769278446,
    0.12361226825297562,
    0.25983591944177664,
    0.2967555648123776,
    0.34771047777310204,
    0.37094138457620657,
    0.4044967213920595
  ],
  "0_3": [
    0.3361939305022396,
    0.4345810908577918,
    0.4156261748403516,
    0.44025735549769773,
    0.42442491983002867,
    0.354782821912104,
    0.4352264330874321,
    0.43672827746665965,
    0.4322724023601662,
    0.5211587230712167
  ]
}