{
  "1_6": [
    0.23954724486332918,
    0.18584082939182103,
    0.17394603786747415,
    0.3574385679105579,
    0.2569498546452676,
    0.3923473427569004,
    0.4444170808705198,
    0.8348153191331896,
    0.2734933940466221,
    0.2870762409640755
  ],
  "0_0": [
    0.12736227696891017,
    0.2531549305906179,
    0.1782717643300586,
    0.2574951085399324,
    0.21046498693578675,
    0.18837269696887673,
    0.2198966723029564,
    0.3198910620083677,
    0.2029344150963115,
    0.24905303789866443
  ],
  "1_1": [
    0.12385859956107075,
    0.4222525872374038,
    0.12388856191458333,
    0.21009170499075017,
    -0.03701292832707248,
    0.10165733081709252,
    -0.023283482294253005,
    -0.04218842041147271,
    -0.030224605412093923,
    0.041908035157960766
  ],
  "0_6": [
    0.348302370757788,
    0.22188865784847653,
    0.2420737229525414,
    0.28817992505224976,
    0.23255186706466055,
    0.22153227430324282,
    0.193781886772007,
    0.19601867597436198,
    0.2533190491175627,
    0.25928674698471627
  ],
  "0_1": [
    0.1841933459632516,
    0.36880973171894554,
    0.17538331357264414,
    0.19738720712953498,
    0.20305974126074194,
    0.259531192833916,
    0.15201036477668065,
    0.2124670439473058,
    0.22409999925901064,
    0.20849774246083633
  ],
  "1_0": [
    0.4642897039856673,
    0.1409194565283694,
    0.16892921980717368,
    -0.14874735515773435,
    0.1315648619215814,
    0.14757758692529205,
    -0.036892789460233666,
    -0.041571177169874844,
    0.02198327856206458,
    0.10793414241117659
  ],
  "0_9": [
    0.1812362718832801,
    0.24701912143358204,
    0.24549386363792744,
    0.2146278733952053,
    0.23544411202366153,
    0.18464109806416373,
    0.33832943328582976,
    0.2406613241208221,
    0.16575809066578923,
    0.2193786070943263
  ],
  "1_8": [
    -0.06285613980683302,
    0.03547028948921798,
    -0.15370103024913034,
    0.08788098540283723,
    0.12171951714446932,
    0.03836021420636129,
    0.2021728136451712,
    0.5543010514476423,
    0.4030275029862814,
    0.35937322501407437
  ],
  "1_2": [
    0.3345969626793627,
    0.32705359004155643,
    0.36375327109660155,
    0.6779033170289931,
    0.31442342675190993,
    0.1443879426213727,
    0.1540106111247566,
    0.1351886921884604,
    0.20304796937840208,
    -0.053006949257579844
  ],
  "0_2": [
    0.36769074352582104,
    0.2691401228084932,
    0.2547809449778407,
    0.22395514666451113,
    0.19182997714509148,
    0.27241287434950373,
    0.26417111286640205,
    0.263687321444194,
    0.2939080198948347,
    0.27613410302467123
  ],
  "1_5": [
    0.0892772602594897,
    0.20341867369327926,
    0.20653957619431787,
    0.13106065222743435,
    0.23857521594526465,
    0.28472201586566764,
    0.19306496719400368,
    0.24800848618964308,
    0.28296620307343723,
    0.2580186107146602
  ],
  "0_4": [
    0.2509484414156024,
    0.25015565872161405,
    0.25623733279154515,
    0.2503237284389651,
    0.3118984341116156,
    0.20869401086078423,
    0.2254598057882038,
    0.27691260015633007,
    0.21015497291618013,
    0.23644181003024753
  ],
  "1_7": [
    0.08618741232396565,
    0.1010396746925482,
    0.2166898413156505,
    0.09002181781421534,
    0.2772459491106854,
    0.15554934653059443,
    0.4033574858116491,
    0.4188450972501499,
    0.5563632529999158,
    0.24707308193016536
  ],
  "0_7": [
    0.23576213871953447,
    0.18534321435376677,
    0.2042292077733723,
    0.2198820870158829,
    0.32601650324773945,
    0.2788279710671861,
    0.22927460512278186,
    0.24043628906452408,
    0.26196655632644733,
    0.3113699877136663
  ],
  "1_4": [
    0.27372937660616753,
    0.19183713231639912,
    0.16851066040854912,
    0.24229477213081163,
    0.48877357486065803,
    0.42763564983727353,
    0.13787732742598807,
    0.04842773067169452,
    0.23238956270013952,
    0.26791079388428674
  ],
  "0_8": [
    0.18478461144064556,
    0.36399322518566385,
    0.30084827270102565,
    0.1683155591373073,
    0.19074458086049323,
    0.19257305292884727,
    0.16948545974065135,
    0.21624654284163045,
    0.21414383378353036,
    0.19793303456887643
  ],
  "1_3": [
    0.340755617659377,
    0.01675647612530215,
    0.38292089020073783,
    0.43653052066986897,
    0.3566855083299272,
    0.35769837185407083,
    0.15886460357461224,
    0.22580715525018147,
    0.03087786982293643,
    0.1817555102769864
  ],
  "0_5": [
    0.18093819683568868,
    0.20110072031162138,
    0.21483528188817594,
    0.2147568656023677,
    0.24448662752383685,
    0.3373500681197626,
    0.2533524890275123,
    0.2196424924667946,
    0.2645690946254882,
    0.21849573909990155
  ],
  "1_9": [
    -0.05459143800258163,
    0.0029253519528120026,
    -0.023491498768615976,
    0.038078857925519335,
    -0.010362219670740698,
    -0.12686294318302463,
    -0.029046513218859114,
    0.11155745665731212,
    0.23600069571927526,
    0.5470706196159119
  ],
  "0_3": [
    0.1522578375647538,
    0.22921328680787084,
    0.24456598213290143,
    0.31042280172732695,
    0.23973106019819124,
    0.22569489569247042,
    0.3235048244628274,
    0.2542971855422131,
    0.26196786151557877,
    0.2198225636876841
  ]
}