{
  "1_6": [
    0.00421915247995115,
    0.00896018588087066,
    0.005757246895052491,
    -0.1,
    -0.1,
    0.010528749543546594,
    0.047432439970073084,
    0.06756140571190955,
    0.004135191345600123,
    0.00421915247995115
  ],
  "0_0": [
    0.02580819452236938,
    0.000907826146243339,
    0,
    0.0032376239143468103,
    0.010086957180481543,
    0.0018506966778299762,
    0.0009537162558539303,
    0,
    0.0007688250606480998,
    0.0024963256024023482
  ],
  "1_1": [
    0.04404425736861485,
    0.057441303461071666,
    0.06280282386906985,
    -0.021042142170628813,
    0.008948862812411355,
    -0.08050774133650254,
    0,
    -0.06040592548060551,
    0.00930880894440585,
    -0.08429065237553911
  ],
  "0_6": [
    0.006329469095476229,
    0.007848253210658126,
    0.01119253994539278,
    0.0012411945887224139,
    0.006263052449965088,
    0.0035994613199449533,
    0.005577288045929416,
    0.0011652378963255671,
    0.004765980751139254,
    0.0003599461319944954
  ],
  "0_1": [
    0.0009085091923069163,
    0.0012754251227696854,
    0.0010128621568971632,
    0.0005138412862014807,
    0.010094546581187958,
    0.0009762984437828133,
    0.0001147882610492717,
    0.009808532739655006,
    0.00021809769599361625,
    0.00014394389774082582
  ],
  "1_0": [
    -0.026593077439466817,
    0,
    0.010646402591390316,
    -0.08004182376677486,
    0,
    0,
    0,
    0,
    0,
    0
  ],
  "0_9": [
    0.006239990589856605,
    0.0013800554928229168,
    0,
    0.006139352422888471,
    0.009808532739655006,
    0.005403859928235386,
    0.003999401466605504,
    0.0013800554928229168,
    0.0005525417180599623,
    0.0021248178901095757
  ],
  "1_8": [
    -0.07579766214925601,
    0.005304239523139538,
    -0.09870007241589884,
    0,
    -0.0996202762768044,
    0,
    0,
    0,
    0.054564238709204974,
    0.0004371755992345446
  ],
  "1_2": [
    0.006239990589856605,
    0.01511445060446872,
    0.062051574534092296,
    0.005577288045929416,
    -0.08704884164198826,
    0,
    0.01637358543793038,
    -0.035510352797579844,
    0.01799408418182015,
    0
  ],
  "0_2": [
    0.0005190316022237178,
    0.0005190316022237178,
    0.0005190316022237178,
    0.0005190316022237178,
    0,
    0.004513991906411103,
    0,
    0.000986160044225064,
    0.005767017802485753,
    0.00608052651407186
  ],
  "1_5": [
    -0.0667397842670603,
    0.016690574598456114,
    -0.09044435648512647,
    0.007505376701547214,
    0.22324293253957098,
    0.026338686757975543,
    0.09058486422959217,
    0.014314535609087376,
    0.013428943681029301,
    0.031377308489375005
  ],
  "0_4": [
    0,
    0,
    0.0016027541728760601,
    0.017808379698622888,
    0.0009170995079571513,
    0,
    0.0020738016461076276,
    0,
    0.0020738016461076276,
    0.0067110380630881735
  ],
  "1_7": [
    -0.07491522169146037,
    -0.16213094259655703,
    0.005757246895052491,
    -0.1753055070961036,
    -0.04581082792791449,
    0.010991107708736573,
    0.06396940994502767,
    0.005757246895052491,
    0.061169544888289275,
    0.005757246895052491
  ],
  "0_7": [
    0,
    0.0004371755992345446,
    0.0012999275841011717,
    0,
    0,
    0,
    0.01444363982334635,
    0.0012999275841011717,
    0,
    0.00037972372319560355
  ],
  "1_4": [
    -0.09501609357137576,
    -0.09904182376677488,
    -0.08475230991391132,
    0.009322487525764698,
    0.08488891437686544,
    0.04086609536366914,
    0.004956133719173151,
    -0.06440618736126032,
    0.00914617042123982,
    -0.0806104220066139
  ],
  "0_8": [
    0.0009997022071080003,
    0.00005678637357235902,
    0.00035634667067455046,
    0.010226891850143199,
    0,
    0.0018483264572900773,
    0.005757246895052491,
    0,
    0.0013938453087201817,
    0
  ],
  "1_3": [
    0.006982229525055856,
    -0.09632739678658818,
    0.0038055084581439264,
    0.038752355757844296,
    0.0038381138651670003,
    0.0035229414325313,
    -0.09636767908220757,
    -0.0739350563939676,
    -0.06945698068260459,
    -0.08637270560287845
  ],
  "0_5": [
    0,
    0.0004415915143783278,
    0.005843184548097053,
    0.0005181522205547242,
    0,
    0,
    0,
    0.0005233860813684082,
    0.0005129706983491771,
    0.0011551005064939328
  ],
  "1_9": [
    -0.07888726041011043,
    -0.09414090272929299,
    0,
    -0.02897576702906056,
    0.010646402591390316,
    0,
    0.0202281649236416,
    0.20621458331212755,
    -0.0619911966783857,
    0
  ],
  "0_3": [
    0,
    0.00046167362851425926,
    0.00046167362851425926,
    0,
    0,
    0.001419849861739388,
    0.005821849565499632,
    0,
    0,
    0.0009746443268634365
  ]
}