{
  "1_6": [
    0.06680261884733457,
    0.28770237171756774,
    0.20708429208157647,
    0.2991603310060638,
    0.4351439434241467,
    0.5502288799521683,
    0.5439073335638535,
    0.5844217758345461,
    0.43872625480704536,
    0.3577161020434939
  ],
  "0_0": [
    0.18950732132351655,
    0.2798607195459407,
    0.2295899082574402,
    0.3216669440099304,
    0.28054116871283635,
    0.22776654757100034,
    0.26608299928403667,
    0.4851336575415801,
    0.2354547902735481,
    0.24905303789866443
  ],
  "1_1": [
    0.23301143813149647,
    0.5365003312274573,
    0.38419134405277533,
    0.10417883122330635,
    0.06439531388995892,
    0.33844673233000994,
    -0.10006178898046236,
    0.05407054807560715,
    0.12501741398833316,
    0.18392408157344844
  ],
  "0_6": [
    0.44579826075634066,
    0.24933625801242837,
    0.2803280982377986,
    0.2937680743467288,
    0.28105570652619827,
    0.2744839968878077,
    0.30208353477393846,
    0.2111064722017422,
    0.2533190491175627,
    0.2903423495663793
  ],
  "0_1": [
    0.2589725190571234,
    0.4576280491707257,
    0.2389498236239143,
    0.21597530452601577,
    0.2896538263787757,
    0.31299510906423805,
    0.2830399830976583,
    0.25608610754638594,
    0.31775582528360785,
    0.22995439591948513
  ],
  "1_0": [
    0.7003502057621454,
    0.0946138435141135,
    0.1296352522660208,
    0.09004230989676124,
    0.09688810083252347,
    0.1200361911252252,
    0.1135945325511698,
    -0.09949980886674101,
    0.22661014443012054,
    0.19917854899191312
  ],
  "0_9": [
    0.260829945983907,
    0.27779560403502324,
    0.2634434687058193,
    0.23214617199319992,
    0.2806812882803228,
    0.19482916460820743,
    0.2965945299561669,
    0.32032605614443493,
    0.23102427106860626,
    0.23030441743087537
  ],
  "1_8": [
    0.06824692157216788,
    0.22430199198721143,
    -0.15154991261068435,
    0.20516525971213284,
    0.0651080125046128,
    0.3443905179423662,
    0.2021728136451712,
    0.6385050694230242,
    0.4636530053894865,
    0.4102585561342529
  ],
  "1_2": [
    0.483321513083484,
    0.4766625208537717,
    0.43230054739600243,
    0.8407199995010286,
    0.30367096758355383,
    0.19273383707152125,
    0.2004876942929328,
    -0.07713848967312942,
    0.07941455422043071,
    0.016710153436363492
  ],
  "0_2": [
    0.47746241231105313,
    0.33529339772865074,
    0.26496527197044395,
    0.2836701859746973,
    0.30275515098536543,
    0.2977117809108055,
    0.3080326502564339,
    0.3226251338110982,
    0.2996407027910526,
    0.3476274442336744
  ],
  "1_5": [
    0.2579013189630125,
    0.11722553002675648,
    0.31729424007342405,
    0.2540335484266057,
    0.5478465422394709,
    0.3616287349706283,
    0.3346066217576512,
    0.3101727995912883,
    0.3503689096015987,
    0.1042736149119792
  ],
  "0_4": [
    0.2735074120584868,
    0.3077299682765835,
    0.3267367986156184,
    0.31244240024391207,
    0.4197474355706825,
    0.2806905868202087,
    0.3366004489121735,
    0.305693580499756,
    0.24887920055507867,
    0.3294850053218673
  ],
  "1_7": [
    0.1183633443970991,
    0.1469464463212219,
    0.26143570889607665,
    0.19798334300196513,
    0.20181102940972767,
    0.3013491904984136,
    0.5729951946899453,
    0.43749732752359427,
    0.7646987672181863,
    0.31571424945773885
  ],
  "0_7": [
    0.31303127225041927,
    0.3214724854880014,
    0.22697340709890768,
    0.2198820870158829,
    0.48066011600851893,
    0.33003945398813245,
    0.26283713690534366,
    0.29150917916932934,
    0.32723962806348494,
    0.32413420738238996
  ],
  "1_4": [
    0.34028131659389593,
    0.1628861585447895,
    0.1693414598224015,
    0.2936949639949937,
    0.44793725178038807,
    0.6749806238505329,
    0.16763932020347388,
    0.17578508733692794,
    0.35102072624183756,
    0.35818989109395133
  ],
  "0_8": [
    0.2800771460762277,
    0.41636669559554385,
    0.3545993912952016,
    0.26928053193979296,
    0.2962201590311896,
    0.2632824591100469,
    0.2572131254127469,
    0.2676014709665673,
    0.2506435212476552,
    0.3158036396677475
  ],
  "1_3": [
    0.06238466953260413,
    0.10249348756258317,
    0.300774678386935,
    0.4752855563497397,
    0.3846098878749986,
    0.2159522705009691,
    0.2760978232103899,
    0.1798150323404308,
    0.03325452969599587,
    0.21934817190306247
  ],
  "0_5": [
    0.3113576527171421,
    0.30769407672129667,
    0.29865642786124974,
    0.2545678689381645,
    0.3141510606997922,
    0.41301432924770515,
    0.3592895064346504,
    0.24871231426223814,
    0.33788477022216035,
    0.27504353153175487
  ],
  "1_9": [
    0.018341259052305506,
    0.17350587326782274,
    0.02690412149466269,
    0.06350832149110437,
    -0.05584385690540091,
    0.02318526836111895,
    0.06433756623174111,
    0.34224627582213973,
    0.37182384514315936,
    0.6749517601688922
  ],
  "0_3": [
    0.2582523705681504,
    0.2816234954030571,
    0.29756265342421334,
    0.37852779170103373,
    0.29662773847712715,
    0.30695455561820884,
    0.43690518206055906,
    0.2642810707861691,
    0.33567452776679707,
    0.28227107531657897
  ]
}