{
  "1_6": [
    0.14958364771984808,
    0.40525120602588877,
    0.3900074035702204,
    0.3792929441022194,
    0.50153985064916,
    0.6600998666200745,
    0.5754296012096369,
    0.8565179334898348,
    0.5025372015462348,
    0.4830568443321003
  ],
  "0_0": [
    0.2529172619977725,
    0.2798607195459407,
    0.3389216687938948,
    0.3717545404518323,
    0.3413773617340515,
    0.26557901404418255,
    0.344906197044617,
    0.42583610172158376,
    0.2354547902735481,
    0.3812293284117072
  ],
  "1_1": [
    0.4216549566917191,
    0.6344039226003874,
    0.4054469690799056,
    0.2632532250224085,
    0.20867226137275036,
    0.3770039933493337,
    0.03310983410413297,
    0.14293353431713068,
    0.274760046662306,
    0.20096612407056735
  ],
  "0_6": [
    0.40416500853312476,
    0.38581312275640295,
    0.34231900756225603,
    0.33387866660966525,
    0.3180822534766829,
    0.3007018467463051,
    0.3694998310935872,
    0.38035899568171705,
    0.37512896515280264,
    0.30164288683484364
  ],
  "0_1": [
    0.35638517072976383,
    0.43073632833117026,
    0.32378792202854345,
    0.3218642333405291,
    0.374722848141416,
    0.37113017385270264,
    0.3748058213031763,
    0.32768540132850954,
    0.39638828988496405,
    0.2698420356391543
  ],
  "1_0": [
    0.3707527858101516,
    0.2287188814254042,
    0.18957311815531433,
    0.08264932853275458,
    0.1855811361312391,
    -0.08001525122878472,
    0.1595999726865311,
    -0.04023647990610807,
    0.3755539102802473,
    0.24339433556556267
  ],
  "0_9": [
    0.333390339422841,
    0.35237813668439355,
    0.2924790912559871,
    0.29112812265053173,
    0.31783579687024716,
    0.32515700192970126,
    0.3298083229554589,
    0.45009476237870427,
    0.3176266212308574,
    0.29855854090614253
  ],
  "1_8": [
    -0.04854935564846637,
    0.20087986247373202,
    0.009018984737892144,
    0.2432191207513502,
    0.12722089673681114,
    0.37681827297868437,
    0.17991441393316668,
    0.3499218436432282,
    0.403083579799589,
    0.4401017779705532
  ],
  "1_2": [
    0.4530516590310429,
    0.446537803574534,
    0.4513847564541165,
    0.5748939978232965,
    0.4668424557722624,
    0.1566401000795219,
    0.3043707318286856,
    0.2069332537355929,
    0.2805713956503878,
    0.3452479479307405
  ],
  "0_2": [
    0.3956459361473738,
    0.37621732289524773,
    0.3668405252028765,
    0.35762588614576385,
    0.4049363696803673,
    0.3719583843037651,
    0.3851422597760476,
    0.3482040497462258,
    0.3654718743269162,
    0.3821670670913352
  ],
  "1_5": [
    0.26797418109970933,
    0.2464498512180024,
    0.32921056806375937,
    0.21435220407610306,
    0.35947202881476126,
    0.514308039325452,
    0.37686548154267513,
    0.17546254014550366,
    0.2054949735246705,
    0.21677182492805158
  ],
  "0_4": [
    0.36656016959530185,
    0.3818008684410566,
    0.3427176704670819,
    0.3542792211014096,
    0.5990548888927273,
    0.33994847085392477,
    0.38723153221470896,
    0.36637953833636105,
    0.3521583034042312,
    0.3744924024901213
  ],
  "1_7": [
    0.10868542454392971,
    0.0488964807549845,
    0.1546356934665324,
    0.23244088763475135,
    0.5294596781345999,
    0.401134812262588,
    0.5882696315931184,
    0.4093242527254293,
    0.4074317372183919,
    0.3689415055614844
  ],
  "0_7": [
    0.36806244000722066,
    0.38942835913602636,
    0.2926144206826816,
    0.29450160274792603,
    0.4150458847167842,
    0.35364304421661713,
    0.3135755132941836,
    0.3656426214780755,
    0.37021390418781785,
    0.371186740198168
  ],
  "1_4": [
    0.41703179453121525,
    0.1648786339612159,
    0.13487893343690455,
    0.3182353944672556,
    0.5218815362027095,
    0.4526417390324041,
    0.3122017083789658,
    0.07014346140065253,
    0.35620156755194354,
    0.34339198562595735
  ],
  "0_8": [
    0.3475017807878911,
    0.371994230459401,
    0.3986545055208113,
    0.29912864467869565,
    0.3545690817415763,
    0.3060139022921056,
    0.3312154888501849,
    0.3293104071517245,
    0.3261192695394121,
    0.37618786748173094
  ],
  "1_3": [
    0.196024261950138,
    0.2980427562322128,
    0.6139823801699487,
    0.3728543561186937,
    0.3585722211892607,
    0.27409176195491586,
    0.37123808104001027,
    0.2989110666383401,
    0.19221426773317357,
    0.3138414013457975
  ],
  "0_5": [
    0.3370175397823669,
    0.37458852755706656,
    0.30584432116672067,
    0.2545678689381645,
    0.32648756226768155,
    0.4438559192212582,
    0.36995490081214183,
    0.30886451058876724,
    0.35080620414904895,
    0.3498242705179978
  ],
  "1_9": [
    0.016659074927283364,
    0.3733385963889375,
    0.2527703208582143,
    0.23103346865517446,
    0.005920349569285735,
    0.20985751785181075,
    0.2578000576377561,
    0.2895253754442773,
    0.5910673142263755,
    0.39592946501456233
  ],
  "0_3": [
    0.28721161052410893,
    0.3982498299389914,
    0.35987768338903864,
    0.4164608679662107,
    0.3668646644108491,
    0.3288243148648076,
    0.428805839948488,
    0.36066104655234077,
    0.4240967960730594,
    0.42841174105127766
  ]
}