{
  "1_6": [
    0.08994445771717005,
    0.012236247733169725,
    -0.06085788206346073,
    0.0595740861917671,
    0.10810569696144037,
    0.3231121864549722,
    0.22804778487720942,
    0.393697418451764,
    0.18012011229503225,
    0.042484178645689256
  ],
  "0_0": [
    0.06051003942294646,
    0.059610240505777186,
    0.029666041162058662,
    0.025194355234620606,
    0.06277006124477547,
    0.03013489919121528,
    0.08722502460495911,
    0.11254207676429613,
    0.03617217347179563,
    0.09202969492671094
  ],
  "1_1": [
    0.28742368520705514,
    0.11847394694076646,
    0.024649693966836056,
    0.06099837726012686,
    0.011585307185576248,
    -0.020396259144838738,
    -0.0674335420971554,
    0.05254321195994198,
    -0.018445489821157523,
    -0.01976057227013307
  ],
  "0_6": [
    0.08814291713560259,
    0.09062787390934399,
    0.05930862208645406,
    0.09556622635085799,
    0.032807888255156764,
    0.06198850905265193,
    0.059247510286673716,
    0.05038536450281827,
    0.07796503852679798,
    0.07267917876663234
  ],
  "0_1": [
    0.03841331540585603,
    0.09525286623482844,
    0.05526383564504507,
    0.04684226556938775,
    0.09418780575686646,
    0.05520684502472006,
    0.055103571255275305,
    0.06135115387029341,
    0.025496643745863516,
    0.058868995037197044
  ],
  "1_0": [
    -0.011629832828758086,
    0.030673719029630092,
    0.07270839484965669,
    -0.13067770784260613,
    -0.03078601934188387,
    -0.1720092274899745,
    -0.16074511656882354,
    -0.047606255379591414,
    -0.16869679143028157,
    -0.12551068394200718
  ],
  "0_9": [
    0.03148322184348807,
    0.04532006553521513,
    0.0686250140838093,
    0.03933988604548002,
    0.10289164330624431,
    0.04488191413711173,
    0.03009286540524235,
    0.022512510160563066,
    0.026845054375435246,
    0.03084715721727718
  ],
  "1_8": [
    -0.1110642438087375,
    -0.07044146565668502,
    -0.06770707223372759,
    -0.1287276466537706,
    -0.18710768014260948,
    -0.027279990055140632,
    0.07731921087607332,
    0.10650789884384768,
    0.23707699317491146,
    0.09056808934328114
  ],
  "1_2": [
    0.07396996100858688,
    0.03239519503692182,
    0.09544485970132591,
    -0.053078221160903535,
    -0.2368162529424963,
    0.009771974294178913,
    -0.04758722834566144,
    -0.1445285412754169,
    0.0076559857805506,
    -0.0034898619206581577
  ],
  "0_2": [
    0.028668489709741812,
    0.028624216030141182,
    0.058017663628067685,
    0.0699625965218392,
    0.13684951561270367,
    0.06883287859652124,
    0.0565281344612286,
    0.035990447393029354,
    0.11444686467650853,
    0.0439061391754566
  ],
  "1_5": [
    -0.12290167377172351,
    -0.08268004607670143,
    -0.07708892017110214,
    0.07191299475368684,
    0.18630026094729973,
    0.17387748830937366,
    0.1815439256060801,
    0.015065913088973499,
    0.10648926709428093,
    0.006036947523711065
  ],
  "0_4": [
    0.08382536102410512,
    0.03758618680897544,
    0.027363917394308705,
    0.030691832078891767,
    0.09517378501827983,
    0.015218652247519929,
    0.05884898524791178,
    0.06825402524094812,
    0.036872809754086806,
    0.060742375978089944
  ],
  "1_7": [
    -0.07694613400997606,
    -0.1430019108746107,
    -0.011689966693363495,
    -0.10101825580010013,
    -0.01849378957755958,
    -0.12988963321075492,
    -0.015879527337764862,
    0.15311161423377592,
    0.062376407255128205,
    0.22892568548062237
  ],
  "0_7": [
    0.08522622389125022,
    0.14214724373147872,
    0.04913553481408037,
    0.03370904650706849,
    0.0500651486354338,
    0.046760771894150115,
    0.06443489754847204,
    0.10767208490316588,
    0.1174494961993886,
    0.060204873344304105
  ],
  "1_4": [
    -0.08100289462597457,
    0.044753821321332474,
    -0.05601426646641524,
    0.21963408107166818,
    0.3016587419585005,
    -0.012229975640852403,
    -0.13438675802440855,
    -0.08130592584429454,
    0.0810187308510447,
    -0.06507316017237069
  ],
  "0_8": [
    0.10171439979746347,
    0.0652220763233567,
    0.059616480685127676,
    0.08101688788373586,
    0.085095230268739,
    0.07071642432205993,
    0.07700244159510873,
    0.08243986674996787,
    0.14534197886210204,
    0.07590516857260036
  ],
  "1_3": [
    0.2765892687242384,
    0.14834442556062333,
    0.03886974320776791,
    0.35335982203106325,
    0.14977310492364945,
    0.1367281813965605,
    0.04151491639106032,
    0.10584956616512176,
    -0.007640377383471619,
    0.13056436848369102
  ],
  "0_5": [
    0.031089760450947593,
    0.018780280473938545,
    0.05655152599644461,
    0.023166586794381282,
    0.03851872366910336,
    0.045378186314479735,
    0.03283629336276016,
    0.03155534620093341,
    0.08860245003526393,
    0.032426891196003095
  ],
  "1_9": [
    -0.1547932509868211,
    0.0234977971961429,
    -0.04493015222238522,
    -0.35238676005106745,
    0.006682643434649365,
    -0.05951500675377368,
    -0.0522316167952359,
    -0.0026901420241011204,
    -0.028897071047349662,
    -0.015728049865775404
  ],
  "0_3": [
    0.0761301153111012,
    0.05589842441829471,
    0.06667705567539839,
    0.058662431577327256,
    0.054007452167182224,
    0.09552641924662525,
    0.10235338931553781,
    0.06251905128702899,
    0.06623457501428523,
    0.08075308660541286
  ]
}