{
  "1_6": [
    0.264552276945782,
    0.683855846751701,
    0.6683664040961799,
    0.3914611890303957,
    0.5585140678450519,
    0.4895211961576315,
    0.6028516951210738,
    0.9242680859306626,
    0.693823969567231,
    0.4131398001978034
  ],
  "0_0": [
    0.6314281272061799,
    0.5550978080867978,
    0.5593492645944745,
    0.5064502346265748,
    0.5359012753729312,
    0.5139350251716351,
    0.5218133594926486,
    0.5579173823837947,
    0.47454618863127873,
    0.5865941666015522
  ],
  "1_1": [
    0.6708513085425354,
    0.6530769144086968,
    0.5585940559246324,
    0.5949510289233624,
    0.47010276495648784,
    0.5419215474033751,
    0.2501619237069732,
    0.4133294871233528,
    0.2721945580724231,
    0.40798409966069804
  ],
  "0_6": [
    0.6289847924400352,
    0.5910081781836461,
    0.5670334973819446,
    0.5585938702046357,
    0.5762874142088714,
    0.5195300643331429,
    0.5975398178644376,
    0.5252277119811939,
    0.5871613255785558,
    0.6306587158003092
  ],
  "0_1": [
    0.574616726571287,
    0.5722941530992457,
    0.5979961572262381,
    0.6671538602221311,
    0.5551822525206498,
    0.5496701468139801,
    0.5928134991282176,
    0.5669468334986435,
    0.6078622562418813,
    0.5356509133758318
  ],
  "1_0": [
    0.768434621992458,
    0.7199545673465271,
    0.7152321233545693,
    0.1991995226801432,
    0.337052082120748,
    0.1269678812631032,
    0.4706663831907093,
    0.5029134300059269,
    0.30958650526297893,
    0.5298749123734933
  ],
  "0_9": [
    0.6009290611476389,
    0.530599768065021,
    0.6150413116122918,
    0.5728305007964032,
    0.5520306427713695,
    0.5256348928422986,
    0.5758540364719429,
    0.5248293740111448,
    0.6184060324533482,
    0.5540592899107665
  ],
  "1_8": [
    0.3081177674150368,
    0.30695481667301033,
    0.4319271801447203,
    0.2701360439881805,
    0.37367060958893467,
    0.2168616646765245,
    0.5944506233149014,
    0.6844455187552482,
    0.8480003825128332,
    0.5824518248323833
  ],
  "1_2": [
    0.47754983357311903,
    0.6272546900426433,
    0.6679890910585016,
    0.9217669296072664,
    0.5282249699005325,
    0.108741137134145,
    0.46078039116440633,
    0.24945829629941574,
    0.5353170742816373,
    0.4906066182094145
  ],
  "0_2": [
    0.5294869017543534,
    0.548322795136001,
    0.5530298244776053,
    0.6628622854364713,
    0.6088950538366453,
    0.5447284685160861,
    0.5854287457382191,
    0.5902819299294876,
    0.586281818307548,
    0.5563713764729532
  ],
  "1_5": [
    0.6239574968791967,
    0.40383061794204295,
    0.4033194518459097,
    0.65834480211626,
    0.6344497863214855,
    0.8613327569698548,
    0.6134336602164797,
    0.5114719352775355,
    0.5545784132552694,
    0.3653087759654501
  ],
  "0_4": [
    0.6014887552186838,
    0.49906118217158274,
    0.5586090814271886,
    0.6170498820617633,
    0.6796439015728298,
    0.5592830771790315,
    0.606374919485447,
    0.528877142229367,
    0.5289193642504444,
    0.6059487831188339
  ],
  "1_7": [
    0.4226466322716211,
    0.5136197528036707,
    0.4712140407895395,
    0.4576815710831181,
    0.32049272866061934,
    0.3148178796296596,
    0.5615179314635764,
    0.6267305542945986,
    0.5923448699714907,
    0.5239454142228481
  ],
  "0_7": [
    0.6701374799417646,
    0.5554097340582906,
    0.6196554396641866,
    0.5833358101921722,
    0.5900831367789452,
    0.6185298376013939,
    0.5773515496426398,
    0.5603603820908942,
    0.6176718443076872,
    0.557634707393609
  ],
  "1_4": [
    0.4155228365338792,
    0.3398590256712797,
    0.39006227469566046,
    0.6764621661210558,
    0.8041639364309905,
    0.7445516705057562,
    0.260926814134077,
    0.32547357002694444,
    0.5735608384060016,
    0.4680274619655803
  ],
  "0_8": [
    0.5706845665350146,
    0.5634886448791976,
    0.6125487112643132,
    0.5993766523879684,
    0.602287208674531,
    0.5517451075884618,
    0.6136848792932281,
    0.7024125405642787,
    0.5752979818043042,
    0.7458434271714223
  ],
  "1_3": [
    0.3917320166944196,
    0.5272074932382441,
    0.6608341465162931,
    0.8738403179661086,
    0.6002500134562713,
    0.5910392052078144,
    0.4437340587631996,
    0.5858569108433861,
    0.38324142063187433,
    0.6464389182396566
  ],
  "0_5": [
    0.7038640295178153,
    0.5863429510556715,
    0.5536033066203466,
    0.5799169765135499,
    0.6010749578794368,
    0.6020994455526764,
    0.6085326623929652,
    0.6580209127453225,
    0.5669678338642682,
    0.5506328278822086
  ],
  "1_9": [
    0.4920182460895961,
    0.48057080226543203,
    0.627415879529971,
    0.30880456670734047,
    0.2185310514935367,
    0.2013322667496526,
    0.34841477727336995,
    0.43303959396001784,
    0.9142043254319068,
    0.6103189333468305
  ],
  "0_3": [
    0.5490382978970479,
    0.5494426093347804,
    0.5779560717335354,
    0.6081694958992605,
    0.5763792703070499,
    0.6121331846471749,
    0.572095876382384,
    0.6818441528067541,
    0.6042404906974478,
    0.5986029432122844
  ]
}