{
  "1_6": [
    0.3210059156171444,
    0.7292653704681281,
    0.5941945787345115,
    0.43118214516625275,
    0.514325174486976,
    0.47144629870000954,
    0.6183733613114394,
    0.8352279734833138,
    0.5835102390907929,
    0.5570690778360526
  ],
  "0_0": [
    0.6569448484149085,
    0.5815596965268821,
    0.5593492645944745,
    0.5168381823455503,
    0.5397037753301859,
    0.5501057196434477,
    0.5218133594926486,
    0.5579173823837947,
    0.4922080996062328,
    0.6001142990231323
  ],
  "1_1": [
    0.49652781112588007,
    0.5766862246130399,
    0.7283091013366563,
    0.4946788457856207,
    0.48659341872625606,
    0.46229353908649584,
    0.27859113441142386,
    0.32936226095401017,
    0.2721945580724231,
    0.42277166792294024
  ],
  "0_6": [
    0.6087594568968656,
    0.6041381372112491,
    0.6093230953504711,
    0.5592829417375975,
    0.5762874142088714,
    0.5195300643331429,
    0.6182292529139153,
    0.5304613807666773,
    0.5871613255785558,
    0.788756874817513
  ],
  "0_1": [
    0.5745462359317095,
    0.5942412943765674,
    0.6000811160106215,
    0.6116547792084961,
    0.5608831958703672,
    0.5947091306061674,
    0.6101992573548163,
    0.570253057295386,
    0.6249008438131856,
    0.5473383646433682
  ],
  "1_0": [
    0.8839973138219807,
    0.6059042848977255,
    0.7250709021213821,
    0.1991995226801432,
    0.3814488964228469,
    0.1269678812631032,
    0.42291830687444276,
    0.5490896037895303,
    0.3441756738569801,
    0.452570324666935
  ],
  "0_9": [
    0.5981504449406861,
    0.530599768065021,
    0.6088908984961688,
    0.5840136983839348,
    0.5901860291177213,
    0.5537249650251542,
    0.5765370169431487,
    0.5307756039354479,
    0.6157755532689282,
    0.5540592899107665
  ],
  "1_8": [
    0.3081177674150368,
    0.30695481667301033,
    0.360439632568204,
    0.20391313903497105,
    0.44051652029938304,
    0.264204727115706,
    0.5944506233149014,
    0.927163401615249,
    0.7349335701779253,
    0.5963884795683105
  ],
  "1_2": [
    0.6728414069462908,
    0.8104113794736433,
    0.6818841355415597,
    0.8756281080855786,
    0.4679213320783917,
    0.19572285305412135,
    0.3725833795201673,
    0.2106503415727407,
    0.47165110945304034,
    0.5003795228795482
  ],
  "0_2": [
    0.5349330683623339,
    0.548322795136001,
    0.5530298244776053,
    0.6001292110946739,
    0.6054469744755735,
    0.5739011400166992,
    0.5854287457382191,
    0.6956955662188439,
    0.5871220711335481,
    0.576681816521333
  ],
  "1_5": [
    0.6239574968791967,
    0.43478142188498664,
    0.4033194518459097,
    0.6649079326333156,
    0.6344497863214855,
    0.7861171544477501,
    0.6134336602164797,
    0.5257963077127001,
    0.5545784132552694,
    0.4012227058764269
  ],
  "0_4": [
    0.5990385312333569,
    0.5102280986988793,
    0.5714278045966558,
    0.6049113144304168,
    0.607059664050737,
    0.5592830771790315,
    0.6176864914564311,
    0.5432283249739395,
    0.5766790475961107,
    0.6575348651060294
  ],
  "1_7": [
    0.44890753665028127,
    0.4236306373027189,
    0.4712140407895395,
    0.5303922447678474,
    0.32049272866061934,
    0.37821078203725533,
    0.6987839331741064,
    0.8173150011208653,
    0.6268706864084552,
    0.5454654950727538
  ],
  "0_7": [
    0.6497779605382581,
    0.571099684479165,
    0.6069352715149748,
    0.5833358101921722,
    0.6197501337775997,
    0.620000360645874,
    0.5850602580270321,
    0.5605577662546924,
    0.6038984628266927,
    0.5621643382127506
  ],
  "1_4": [
    0.40660237141190253,
    0.3398590256712797,
    0.5200571768450655,
    0.6876258400429268,
    0.8474418190812796,
    0.7624855015800212,
    0.3050842498809883,
    0.23462765015258208,
    0.597006531359386,
    0.4389104830630441
  ],
  "0_8": [
    0.5792510673860015,
    0.5868271528414917,
    0.6225146388539098,
    0.5976200050076214,
    0.6158668681377857,
    0.5608995783922839,
    0.6249471192209144,
    0.6335912844785174,
    0.5828421566028039,
    0.6333997420222722
  ],
  "1_3": [
    0.3099554630915782,
    0.5437151738436998,
    0.6608341465162931,
    0.6571710111436303,
    0.7074396750241392,
    0.6165065405589618,
    0.5342048755577923,
    0.5858569108433861,
    0.44164310522564887,
    0.6464389182396566
  ],
  "0_5": [
    0.6737363308786816,
    0.6044449629997862,
    0.5536033066203466,
    0.5988015194346149,
    0.6400533735532804,
    0.6020994455526764,
    0.609052255933084,
    0.6352106536183579,
    0.6125713646337643,
    0.5785736966323914
  ],
  "1_9": [
    0.4920182460895961,
    0.48057080226543203,
    0.627415879529971,
    0.45491040425048973,
    0.2606071761193514,
    0.26265464547067024,
    0.34841477727336995,
    0.4615017540832701,
    0.7947564143585405,
    0.6103189333468305
  ],
  "0_3": [
    0.5757056784922618,
    0.5495903350195481,
    0.5776787492144313,
    0.5985775704768718,
    0.6023556811295878,
    0.6143110541905112,
    0.5712043919507632,
    0.6165272416362928,
    0.609593910208801,
    0.6263093145354024
  ]
}