{
  "1_6": [
    0.23344487376475243,
    0.12263974629911165,
    0.06717810293345722,
    0.26545414006920515,
    0.17444310568060362,
    0.5527411318513986,
    0.25738923917837586,
    0.3569104617213612,
    0.06941224723033468,
    0.19788455140680108
  ],
  "0_0": [
    0.08048784038120256,
    0.11941101154010289,
    0.060534386799472706,
    0.12502126390443158,
    0.15385621266881602,
    0.11562447519405897,
    0.12163645725725157,
    0.21325675025185892,
    0.11617237241605066,
    0.14342829870419255
  ],
  "1_1": [
    0.19668334439801838,
    0.18743114201793762,
    0.1527138112097544,
    0.184927407570438,
    0.0021634239623517584,
    0.10058771770536272,
    -0.05333613530846795,
    0.07904027174567753,
    0.03971840691057939,
    -0.2048921365126986
  ],
  "0_6": [
    0.18135745521823132,
    0.193661295604965,
    0.09483916620852426,
    0.18605686000199964,
    0.13295640099268047,
    0.16295905371458363,
    0.13063737221391222,
    0.11965418398405711,
    0.1483062806908098,
    0.1541010656403883
  ],
  "0_1": [
    0.09486067227934783,
    0.17424562186391904,
    0.08436638533949374,
    0.09226623547867105,
    0.12160776591815195,
    0.09911189215468236,
    0.060985570630452915,
    0.10303611537809387,
    0.09242637640857418,
    0.11476424961822006
  ],
  "1_0": [
    0.14370850583596678,
    0.23194348127460948,
    -0.07961783287472471,
    -0.23603018321636082,
    -0.13359282778483839,
    -0.006087536603653604,
    -0.11774867479590312,
    -0.08812651759425533,
    -0.14644707362114318,
    -0.07475340428547764
  ],
  "0_9": [
    0.13905263381000152,
    0.09389789918738227,
    0.08624780902740725,
    0.096457937852366,
    0.16794373574271773,
    0.09869937211620504,
    0.12462029398475835,
    0.12739397659692187,
    0.09267874758252875,
    0.0959581202832564
  ],
  "1_8": [
    -0.036778640461585396,
    -0.006695320602213298,
    0.03431332368084647,
    0.04113605282853725,
    -0.023697569452082762,
    -0.12782380285294562,
    -0.041925806145629255,
    0.17043184389017765,
    0.16686910078400996,
    0.1782348798481908
  ],
  "1_2": [
    0.2731713562310352,
    -0.011645573999512701,
    0.3473604820886614,
    0.11827723812907248,
    -0.043181804896520445,
    0.054806491131198266,
    0.12469229630172005,
    0.09508257916558413,
    -0.018074752225918207,
    0.0945842220118263
  ],
  "0_2": [
    0.18475666192090207,
    0.18275725287641095,
    0.15687694158380924,
    0.21781754318030644,
    0.15057867678459555,
    0.16509688769546532,
    0.141559370295804,
    0.1937464791353581,
    0.16587520378125098,
    0.1341135443354633
  ],
  "1_5": [
    0.023445417337298352,
    0.055707505789508616,
    0.05326675971450215,
    0.28557716087468266,
    0.4822546704935602,
    0.2896099483229483,
    0.14072671004629755,
    0.16503491102497758,
    0.2775705185695065,
    0.18737074231601933
  ],
  "0_4": [
    0.12856252064724896,
    0.14171075018033913,
    0.12687495482363453,
    0.16455436852091315,
    0.21059342345385298,
    0.08503781192753382,
    0.11831334588427561,
    0.1354875433225605,
    0.09215315031338735,
    0.13922356276891584
  ],
  "1_7": [
    0.025774250258631178,
    -0.11605261649586601,
    0.1813081077410983,
    0.02565553246736753,
    0.18140759414912724,
    0.177820676690507,
    0.17361381893598976,
    0.3569601621469258,
    0.3381138686621884,
    0.3187176946478115
  ],
  "0_7": [
    0.1468905667833688,
    0.1693188593510696,
    0.13491927374206888,
    0.1604686160879624,
    0.17668166693201817,
    0.16970519367163373,
    0.15424209075214176,
    0.16046708564779216,
    0.16820680455540693,
    0.1751310432421202
  ],
  "1_4": [
    0.2095229270713397,
    0.12872483790520708,
    0.010783426093469495,
    0.15386826894546413,
    0.3260412597633081,
    0.23425834144863125,
    0.07995713331290458,
    -0.046238720544883725,
    -0.008826586421788907,
    0.15166396496081713
  ],
  "0_8": [
    0.12674414858871866,
    0.16923733880494313,
    0.1462361055743443,
    0.13903603320084898,
    0.11139506461217782,
    0.14656534543261412,
    0.1043917135718559,
    0.15743869778807268,
    0.14218139336465355,
    0.11597206976406585
  ],
  "1_3": [
    0.27385392685224924,
    0.13859736128479053,
    0.22166260106127222,
    0.4330945128096137,
    0.28293246922053455,
    0.2510730536400434,
    0.16933595721206518,
    0.22119382400553186,
    0.14194660293124026,
    0.13958074502989903
  ],
  "0_5": [
    0.0700631555171112,
    0.19787074980318928,
    0.1682530373571797,
    0.18109329723620873,
    0.12289131236437974,
    0.20962863288474642,
    0.17642244336668658,
    0.10187509024727323,
    0.213161289469306,
    0.1840529181961963
  ],
  "1_9": [
    -0.09621527995102593,
    -0.06967314097378713,
    -0.19928811006836716,
    -0.25217606177371643,
    -0.03056055975102854,
    -0.12731361163339616,
    -0.09868914121490413,
    -0.027383332963701962,
    -0.06598666560591629,
    0.13964375231830714
  ],
  "0_3": [
    0.11956525454107413,
    0.13588819403840757,
    0.15709919463304162,
    0.16213755005523037,
    0.12676601217726058,
    0.14482320563714793,
    0.27509588619018677,
    0.18803776813861883,
    0.1505089800754454,
    0.15516498710292378
  ]
}