{
  "0": [
    10.37958451953463,
    6.541817947150921,
    5.35893254794922,
    5.915448241592248,
    6.3531618690205764,
    6.500171381573515,
    5.140464267243873,
    5.1890308396834195,
    7.599603698159054
  ],
  "1": [
    8.925904073523862,
    10.335959627699193,
    8.019796125958553,
    8.474527641253172,
    8.73955747847854,
    8.168480885762149,
    8.552456490680195,
    8.71070112503968,
    8.17091464247875
  ],
  "2": [
    8.532648667179405,
    10.501707008966939,
    7.849621203985322,
    8.555451563615645,
    8.346720397451627,
    8.427492436117126,
    8.77179825587642,
    9.191799024731369,
    8.600057706279417
  ],
  "3": [
    8.88694241570839,
    9.380460451187572,
    9.637412495229784,
    10.38836315512645,
    9.425386426551992,
    9.312193296997204,
    8.875684011389476,
    8.85185434771427,
    8.742911401630964
  ],
  "4": [
    9.749210162477498,
    9.859969188420342,
    9.509008041793344,
    10.007760842946448,
    10.561003582575314,
    9.8447889439904,
    9.885462622564992,
    10.091114551802985,
    9.965635798652636
  ],
  "5": [
    9.036244721524842,
    8.971945623899018,
    8.588760856550607,
    8.990406979057237,
    9.48151640416898,
    9.439886309010074,
    10.569023645315637,
    9.569312400543918,
    9.037776779211256
  ],
  "6": [
    8.212687375632644,
    7.372809219436288,
    8.060237508826066,
    8.093949382237485,
    8.137218595362427,
    8.32866921321025,
    8.106042653850183,
    10.53684525953014,
    9.109363339278094
  ],
  "7": [
    8.693631232678396,
    8.69246198248003,
    8.58251256600767,
    8.386905586093503,
    8.445295127242026,
    8.698621152140745,
    8.738787972254293,
    8.768603802408133,
    10.23777293276527
  ],
  "8": [
    5.671823996962414,
    7.582472557859192,
    7.846996520642193,
    8.166817979858658,
    7.808920808940975,
    7.957620408007471,
    8.161339076609215,
    7.263473688753484,
    10.284896919041563
  ]
}