{
  "0": [
    10.743449056777422,
    6.886762810334487,
    5.35893254794922,
    5.915448241592248,
    6.3531618690205764,
    6.862081707584791,
    6.548355377119343,
    5.699238231705029,
    7.854746407969593
  ],
  "1": [
    9.420763331857358,
    10.84613486492368,
    9.266648161032686,
    9.311197608013497,
    9.236552635272293,
    8.897924897335834,
    9.094013158500177,
    9.075251769100815,
    8.865290124363966
  ],
  "2": [
    9.446115556813382,
    10.923670385610261,
    9.282661544329638,
    9.35242858624972,
    8.559181895763354,
    9.550302546197532,
    9.225378430002836,
    9.546640375862024,
    9.468863386406111
  ],
  "3": [
    9.418226215277489,
    10.275671622023031,
    10.22939339201559,
    10.79355511894953,
    9.784244685143191,
    9.513910892325821,
    9.422326077447877,
    9.618277425809557,
    9.449648120303742
  ],
  "4": [
    10.346933340296886,
    10.256024881644128,
    10.474534174535336,
    10.397847703037412,
    11.049510636086275,
    10.611251951782585,
    10.419323238827351,
    10.278358758251699,
    10.225339860139233
  ],
  "5": [
    9.631066959483315,
    9.245052959306989,
    9.467165977227154,
    9.337041676691399,
    9.62101172198102,
    10.002592524782106,
    11.030517946931303,
    9.889058634005089,
    10.014712662599953
  ],
  "6": [
    9.002316752857645,
    8.587623713043289,
    9.12584499732464,
    8.907595360998448,
    8.737100023942508,
    9.204766927955696,
    9.702116494660094,
    10.908907862760474,
    9.429462907321845
  ],
  "7": [
    9.052712104275834,
    9.234519011961032,
    9.093505998101987,
    8.912234327854591,
    9.308102257927283,
    9.14973112440517,
    9.338816674199567,
    9.237664667900068,
    10.512550621271268
  ],
  "8": [
    7.519692010853808,
    7.819363247655603,
    8.501901588554132,
    8.902326877701103,
    8.419460890126,
    8.52317968751016,
    8.665258106030302,
    7.866359515653141,
    10.788615247343344
  ]
}