{
  "0": [
    11.19329492049264,
    7.5857396783593725,
    7.093251379417893,
    7.169761690381453,
    6.3531618690205764,
    7.210170362917633,
    7.290622430250297,
    6.635638585518985,
    8.679069594050123
  ],
  "1": [
    10.181079639806265,
    11.030404192353554,
    10.077533463126434,
    10.257124436605242,
    9.890757637516291,
    9.173014602281027,
    9.767143178008286,
    10.077927820078271,
    9.884133437995688
  ],
  "2": [
    9.81159182233273,
    11.120819229380535,
    10.004367237849472,
    9.984429348186088,
    9.535555583078139,
    10.146606114222342,
    10.162167766490821,
    10.265188374808728,
    9.673783582179562
  ],
  "3": [
    10.217653665195629,
    10.642695663977019,
    10.754703615947438,
    11.050536432083238,
    10.290194404089323,
    10.09739090209172,
    10.25051796087415,
    10.242644181247925,
    10.32654978408047
  ],
  "4": [
    10.839275579655974,
    10.717962495733161,
    11.0242269434194,
    10.97722192810344,
    11.082950596708546,
    11.002009831154822,
    10.86622179497868,
    10.709269076894296,
    10.720874797118494
  ],
  "5": [
    10.338094752623004,
    10.407353837747594,
    10.380870919508077,
    10.061315148094934,
    10.315383558550268,
    10.856149652810318,
    11.166826133017592,
    10.704267302179527,
    10.500667997201313
  ],
  "6": [
    9.641036752996573,
    9.750614098120154,
    9.98910160722505,
    10.115471946249505,
    10.132993143049209,
    9.969076570141704,
    10.388327412915734,
    11.246296056767068,
    9.655781381825648
  ],
  "7": [
    10.06885440935831,
    9.94553980900158,
    9.736478868549145,
    9.591558990754923,
    9.938482196796734,
    9.659484524041963,
    10.225093675626795,
    9.945789986406217,
    10.999322074752156
  ],
  "8": [
    7.519692010853808,
    7.819363247655603,
    9.35752476635304,
    9.361947809060464,
    9.458600889311597,
    9.397654840267753,
    9.471190441924332,
    9.615233516350228,
    10.991275081054068
  ]
}