{
  "0": [
    5.111389306270224,
    2.6612281536661637,
    1.4560191686929782,
    1.8490758158418363,
    2.3264798516943395,
    2.1901623110981046,
    1.70648794022435,
    1.809749037426859,
    2.7698286062478052
  ],
  "1": [
    3.7007399956632256,
    4.989921809100263,
    2.8429208113123843,
    3.4226209347284597,
    2.486547001448731,
    2.7229118514773685,
    2.1363317182612462,
    3.030592698847229,
    2.8468413979776517
  ],
  "2": [
    3.680221178027091,
    5.307445284021121,
    3.1246545731127124,
    3.040422567897923,
    3.439338065143381,
    3.0763202279731487,
    3.4388830729869446,
    3.53672357411271,
    2.531593919867891
  ],
  "3": [
    3.873026233300894,
    3.4333264553527334,
    3.143952774852711,
    5.17852713223838,
    3.0653812087422914,
    3.1088364678245,
    3.5484069226518007,
    3.9295444220156006,
    3.1688567304283755
  ],
  "4": [
    4.27268418528108,
    4.407422492536451,
    4.657053181418894,
    4.475088816838756,
    5.609198145565675,
    4.800044671538222,
    4.47257964696039,
    4.423015735235853,
    4.223384305118226
  ],
  "5": [
    3.548262453151021,
    3.495848647979482,
    3.0424871716465294,
    3.8483834736170324,
    3.581156494462768,
    3.9891261845137707,
    5.331205453987282,
    4.394631127804948,
    3.563244574761038
  ],
  "6": [
    2.6900932378144633,
    2.2175260933198437,
    2.2068074308085976,
    2.90688997979627,
    2.5679369748842995,
    2.669345838864651,
    2.7619430902718314,
    5.25187486846561,
    3.17806050758068
  ],
  "7": [
    2.9437409935441563,
    2.925020812078764,
    3.265148679447532,
    2.854581084426586,
    2.749943768306234,
    3.184845281635805,
    3.264004970066197,
    3.72009277801727,
    5.031199075281526
  ],
  "8": [
    2.557349660972866,
    2.399830453779033,
    2.6614039209796356,
    2.8007119842567465,
    2.097542024964402,
    2.5612278054049997,
    2.986497400493444,
    3.2334213930576103,
    5.016166772807842
  ]
}