{
  "0": [
    9.641171020092582,
    5.374690466411447,
    3.7118908832572712,
    5.491789950398705,
    5.062692861941896,
    5.248257459786949,
    4.5450514705251654,
    3.5319017259936305,
    6.698510370630293
  ],
  "1": [
    8.345478457061699,
    9.624223503528677,
    7.147077442005665,
    7.81999127251718,
    7.929323493754663,
    7.75901096337642,
    7.182733546355649,
    7.224333268997229,
    6.540407605081339
  ],
  "2": [
    7.635899717655984,
    9.715048186069497,
    6.871741621119256,
    7.761873882609262,
    7.64159714224193,
    7.936972542119064,
    7.548429861438562,
    8.024976360475234,
    7.827976659198732
  ],
  "3": [
    7.826143202648935,
    8.539402094849873,
    8.588377987225961,
    9.742356011481217,
    8.239400309610312,
    8.29417108661538,
    8.198763359642195,
    7.832660473565416,
    7.890068058991444
  ],
  "4": [
    8.935095940006775,
    9.015567603975148,
    9.198897626957345,
    8.930936836920695,
    9.895592479700172,
    9.193413457334108,
    9.23139840759724,
    9.277736287283947,
    9.148766820227637
  ],
  "5": [
    7.9074009797315385,
    7.719684772500829,
    7.0866264586014465,
    8.427605868797155,
    8.611102559259537,
    8.697377003486986,
    9.736166822245737,
    8.61538388973386,
    8.225231302497171
  ],
  "6": [
    7.456208359489902,
    7.133248634570066,
    7.681268390579589,
    7.276643423217553,
    7.127591372993872,
    7.568442742214402,
    7.781836319494003,
    9.752831430324607,
    8.016292240639084
  ],
  "7": [
    7.7788951888604005,
    7.724254241531925,
    7.826987176484217,
    7.356356335173164,
    7.835615429066855,
    7.160788371867338,
    7.513845968019362,
    7.429006894910323,
    9.531555303379141
  ],
  "8": [
    5.232287237436527,
    6.275223611839924,
    6.4494035037643185,
    7.052372267813041,
    5.714433829774707,
    7.229810120261746,
    6.781489083839499,
    6.609756246735305,
    9.600280296616784
  ]
}