{
  "0": [
    0.14147333880662533,
    0.01904060738834453,
    0.062200345762870195,
    -0.010000000000000002,
    0.01848891254365044,
    -0.0009120861357573458,
    0,
    -0.0009120861357573458,
    0.019394627022707576
  ],
  "1": [
    0.193271371407207,
    0.2977477641823756,
    0.11068502368727547,
    0.036817930081269865,
    0.004705260017618154,
    -0.019000000000000003,
    0.1454182946616308,
    0.013181940257928706,
    0.023685611883232177
  ],
  "2": [
    0.05510233831568527,
    0.09537978032508575,
    0.17114110168641872,
    0.030150367700930127,
    0.06874640629218473,
    0.01626239271326723,
    0.048176120774619274,
    -0.017688464769064466,
    -0.010000000000000002
  ],
  "3": [
    0.24051348430091152,
    0.16566419607312832,
    0.12498476877032078,
    0.38467625293912006,
    0.05077704575937268,
    -0.0014968458982143064,
    0.014529101566321583,
    0.05069276796017457,
    -0.009829262499074037
  ],
  "4": [
    0.17295365546739497,
    0.3212886460282076,
    0.36219426024667123,
    0.5050600006304965,
    0.41422634169941513,
    0.25711230611874625,
    0.25132136963125,
    0.19545232794781442,
    0.07701472906685002
  ],
  "5": [
    0.020899411281975436,
    -0.006309746144724711,
    0.037427380137889224,
    0.00723509423555647,
    -0.0047149427444434806,
    0.15010217176845098,
    0.12096691921367017,
    0.019285316088447937,
    0.14893500462151654
  ],
  "6": [
    -0.010000000000000002,
    0.01518192431411379,
    0.0555999581431519,
    0.10917983907491856,
    0.08801019091737519,
    0.12188840561554698,
    0.13569341872500368,
    0.2562253228080069,
    0.01785684931451001
  ],
  "7": [
    -0.004500083848267171,
    -0.01057065576354348,
    0.025819103744157208,
    0.0991242255507393,
    0.0147810661734133,
    0.05292982774716829,
    -0.016357320426411248,
    0.09824674948067345,
    0.277485662314819
  ],
  "8": [
    0.10525379950733646,
    0.02877880287562284,
    0.10333849942105974,
    -0.008086558021460239,
    0.0010138029078400937,
    0.13036386390889218,
    0.02088486391912847,
    -0.0011586636465741552,
    0.12163948613706263
  ]
}