{
  "0": [
    2.897314601915371,
    1.351912396186826,
    0.8028020174307522,
    1.1449105723419897,
    0.852562222068314,
    1.3254442567462357,
    0.49984671138582293,
    1.1458621203170787,
    1.1380059859562395
  ],
  "1": [
    2.0232664195206134,
    3.2281829369747848,
    1.6660189767896543,
    1.5525116880684187,
    1.8757450513402418,
    1.4797707714022936,
    1.3190744330810442,
    1.3743169181584198,
    1.393138411832841
  ],
  "2": [
    2.070240878302772,
    3.1768167667237677,
    1.9398427148646769,
    1.7058706939711978,
    1.4113712516829955,
    1.058977613464232,
    1.5170537114318396,
    1.323183499643146,
    1.4694825083912275
  ],
  "3": [
    2.1149971209290066,
    2.4599895159721306,
    2.0147338564810457,
    3.2317816268772113,
    1.6650770450409733,
    2.0669630986144933,
    1.6185836421876676,
    1.5482984240734021,
    2.0292988221443697
  ],
  "4": [
    2.612622461497717,
    2.354149698553719,
    2.7050513939525302,
    2.978042142096732,
    3.3083962288847584,
    2.739424023152897,
    2.4379154660592794,
    2.1952403661964133,
    2.4378634620464603
  ],
  "5": [
    1.5582659199141493,
    1.8024126759185963,
    1.3443357130745568,
    1.8227925247282333,
    1.6875046640862867,
    1.9263440054779541,
    3.4190514122782236,
    2.169765158181132,
    2.230913591149492
  ],
  "6": [
    1.4517504564708006,
    1.3274980102226457,
    1.1626217435220436,
    1.353650211410949,
    1.5739637634136072,
    1.6352441936010458,
    1.6596986787991002,
    3.3309133171977217,
    1.505430484589765
  ],
  "7": [
    1.5095998087821114,
    1.5619949590180817,
    1.781056103388049,
    1.7296142081496706,
    1.2736911670212165,
    1.888861856743273,
    1.7742576460738548,
    1.836800215801803,
    3.137262817140054
  ],
  "8": [
    1.1759648687253637,
    1.0947997207662994,
    1.437505718747566,
    1.5853900914926977,
    1.3233023088357907,
    1.5603522546997028,
    1.508378005661315,
    1.5709883055395282,
    3.166488643844783
  ]
}