{
  "0": [
    8.40207793209816,
    4.51433843868329,
    2.5328172909835494,
    4.258414532137012,
    5.062692861941896,
    3.819815270564112,
    3.045042312626999,
    3.5319017259936305,
    6.0297455799261055
  ],
  "1": [
    6.963078186722115,
    8.565720650068915,
    5.965316537937046,
    6.663793137728645,
    5.493941326384528,
    6.093565106069312,
    6.047499816132328,
    6.453236634981314,
    5.588507129544539
  ],
  "2": [
    6.485098208476131,
    8.734545579840637,
    5.922108393706542,
    6.599802859921785,
    6.606712761211015,
    6.3491134315397835,
    5.7966594943431184,
    5.952596898540239,
    5.775342536879301
  ],
  "3": [
    6.738602781915679,
    7.387475193993446,
    7.204883052863785,
    8.836696561991044,
    6.740234758291747,
    7.513102816427099,
    7.457281397684795,
    7.017858880864847,
    6.92929610166043
  ],
  "4": [
    8.14617532715246,
    7.705745196755224,
    8.288240145204716,
    8.109116805973535,
    8.898205961750353,
    8.460154308966866,
    7.8521691207349456,
    7.991537564811764,
    7.940519584443279
  ],
  "5": [
    7.328047744735178,
    6.198190636483388,
    6.474458602579096,
    6.843342559300326,
    7.684635841928442,
    7.447724689682564,
    8.796341825374732,
    7.5523433843266154,
    6.75658866798379
  ],
  "6": [
    5.715427128608258,
    5.767408553004757,
    5.63883680052949,
    6.182343894502087,
    5.283538138558926,
    6.418501134151964,
    6.32790641359424,
    8.793876154275253,
    6.4237990910996725
  ],
  "7": [
    6.588905395619485,
    6.577973967576283,
    7.390707362993528,
    6.3988272213868305,
    6.0403653014937415,
    6.426298535271213,
    5.4309367232624295,
    6.9507809612469265,
    8.560306424097128
  ],
  "8": [
    3.8892807681170254,
    4.794133491058778,
    4.7954648807627365,
    6.339320906306595,
    4.937192850590524,
    6.01359111121048,
    5.274989477351578,
    5.637218460566578,
    8.614295898901114
  ]
}