{
  "0": [
    11.744966789465694,
    8.726039647019862,
    7.46713319106583,
    8.111928476900488,
    7.185455289082197,
    8.494353288580712,
    8.3152716398894,
    8.213452233749168,
    9.447568492215051
  ],
  "1": [
    10.7215811692119,
    11.688896140792743,
    10.72561421560919,
    10.808796309691541,
    10.622508536356085,
    10.369065889394658,
    10.640734084426402,
    10.558884908860835,
    10.639798177057664
  ],
  "2": [
    10.602851992101144,
    11.728833845223242,
    10.71039838118722,
    10.690850823871958,
    10.359182115920046,
    10.516155684018367,
    10.754894032208057,
    10.617281463036004,
    10.43295991430798
  ],
  "3": [
    11.045281378326978,
    11.26374670959746,
    11.83730105118869,
    11.368872667132626,
    10.834902450168729,
    10.945879709152148,
    10.876684881602362,
    10.807521893537265,
    10.498392976316866
  ],
  "4": [
    11.27754530973385,
    11.450312931796304,
    11.399771714626993,
    11.38470004075491,
    11.854529858149652,
    11.480798339385982,
    11.262894870778855,
    11.380426134547285,
    11.24506158111346
  ],
  "5": [
    10.725327484239411,
    10.894155679373124,
    10.901583240743264,
    10.850221651412724,
    10.75738255464485,
    11.36649830743655,
    11.963467446576786,
    11.279046377816618,
    11.061497020209526
  ],
  "6": [
    10.291783053451104,
    10.42979450505832,
    10.51326465156802,
    10.809379531877266,
    10.84036939114564,
    11.041360748092432,
    10.822557517067438,
    11.874409614698658,
    10.740684996811416
  ],
  "7": [
    10.43460993375828,
    10.449326436330384,
    10.705001137610173,
    10.64424593838215,
    10.644561091547503,
    10.571914568493867,
    10.723591629596987,
    10.910351565350036,
    11.496498914163524
  ],
  "8": [
    8.982394867537762,
    8.158723535651893,
    9.841602351241061,
    10.193562056020225,
    10.360781281591157,
    10.367852202706825,
    10.253165636484434,
    10.334874038488108,
    11.680891331195303
  ]
}