{
  "0": [
    11.040797533691705,
    6.886762810334487,
    7.093251379417893,
    6.797611150558895,
    6.3531618690205764,
    7.210170362917633,
    6.548355377119343,
    5.699238231705029,
    7.854746407969593
  ],
  "1": [
    9.777384652849566,
    10.789335747258008,
    9.70098641102661,
    9.970171802257108,
    9.803161070222876,
    9.045004063452085,
    9.455371534336786,
    9.075251769100815,
    9.412992346324764
  ],
  "2": [
    9.446115556813382,
    10.954021837085044,
    9.864574304804217,
    9.727001528442823,
    8.938103123894125,
    9.82237716617841,
    9.774106082735122,
    9.847835482990435,
    9.579718728564375
  ],
  "3": [
    9.80817927737134,
    10.40121540670151,
    10.387325142316847,
    10.923688461745577,
    10.050521311208696,
    9.848493258288656,
    9.840294169676898,
    9.978175025068714,
    10.018861450990228
  ],
  "4": [
    10.541683250497881,
    10.569455331990511,
    10.580326782983207,
    10.589146402324642,
    10.907128687105994,
    10.716921226481238,
    10.671186549353727,
    10.580086566204967,
    10.385923345353776
  ],
  "5": [
    9.631066959483315,
    9.851449295524496,
    9.92274857257409,
    9.716056388637373,
    10.058601811710341,
    10.23772379500936,
    11.147481560569554,
    10.16846705478493,
    10.22150108281884
  ],
  "6": [
    9.132018060434982,
    9.340357818185012,
    9.25142604904798,
    9.892375955971106,
    9.580632415872246,
    9.354693711211949,
    9.860945882870174,
    10.97829532723978,
    9.555795526565504
  ],
  "7": [
    9.347089442910766,
    9.419227654404565,
    9.55280900048021,
    9.20606035925133,
    9.528155116184614,
    9.659484524041963,
    9.628588583486872,
    9.43763236015686,
    10.707405132235937
  ],
  "8": [
    7.519692010853808,
    7.819363247655603,
    8.867867272155227,
    9.080634940825277,
    8.813380895060106,
    8.9668657976964,
    9.073559625437877,
    8.701636152831801,
    10.809704924485178
  ]
}