{
  "0": [
    11.096891577876942,
    7.259545758199946,
    7.093251379417893,
    6.797611150558895,
    6.3531618690205764,
    7.210170362917633,
    7.290622430250297,
    5.699238231705029,
    8.4609718857675
  ],
  "1": [
    9.777384652849566,
    10.944237711214104,
    9.860487025867393,
    10.149373611499252,
    9.890757637516291,
    9.173014602281027,
    9.660746702339237,
    9.575687811367544,
    9.884133437995688
  ],
  "2": [
    9.70941783830286,
    11.153286948180805,
    9.942914779296279,
    9.884774285467984,
    9.10748931875752,
    9.878366343397882,
    10.03350529154719,
    10.036589855606936,
    9.673783582179562
  ],
  "3": [
    10.10350382885343,
    10.488204662672366,
    10.653351578940557,
    11.049661498836665,
    10.13520046148873,
    10.004329317584947,
    10.088619890330826,
    10.098849079984804,
    10.088927809638705
  ],
  "4": [
    10.790873852690694,
    10.556872664158927,
    10.838341968012127,
    10.77089171646784,
    11.284214682348821,
    10.918597858688956,
    10.77602227778179,
    10.620695681501465,
    10.572583752441297
  ],
  "5": [
    10.077496511394402,
    10.055445112105726,
    10.181242661120766,
    9.874477151778734,
    10.15075719657109,
    10.41868970971292,
    11.270595090135938,
    10.634766442457844,
    10.451735253839308
  ],
  "6": [
    9.385182390841486,
    9.55427451980527,
    9.715852362276452,
    9.97273852153366,
    9.895691910064798,
    9.905779963955819,
    9.946671533579206,
    11.219064679654078,
    9.655781381825648
  ],
  "7": [
    9.672710287329375,
    9.744115701049905,
    9.63345989504628,
    9.335417219288404,
    9.865845788262597,
    9.659484524041963,
    9.930310087159924,
    9.853484825550652,
    10.98216909394533
  ],
  "8": [
    7.519692010853808,
    7.819363247655603,
    9.034136775419151,
    9.224276731468601,
    9.279682879843614,
    8.9668657976964,
    9.073559625437877,
    9.112936103973846,
    11.026407064075496
  ]
}