{
  "0": [
    5.9458127177092175,
    3.1962280566594825,
    1.4560191686929782,
    2.218923549994725,
    2.8978072607894676,
    2.1901623110981046,
    2.036495107681612,
    2.1444608516019503,
    3.8476498275216757
  ],
  "1": [
    4.059912952225132,
    6.313552064121903,
    3.5642673924325976,
    4.230567707125512,
    3.109627197874189,
    3.2999245678030213,
    3.3246360257436383,
    3.6583668355463717,
    3.989626144370153
  ],
  "2": [
    4.755753581501225,
    6.358711737163307,
    4.0332504793658,
    3.7125828112211217,
    4.270482646872453,
    3.5599101076916164,
    4.202073534096041,
    4.147645147457831,
    3.5722475730437746
  ],
  "3": [
    5.0412361981009415,
    3.71533582273425,
    3.8360752056517295,
    6.391981187764749,
    4.308024980342678,
    4.248648138793238,
    4.143492861652541,
    4.747771969760013,
    3.9795478721080553
  ],
  "4": [
    5.63239200596658,
    5.269813262350023,
    5.501671548882307,
    5.148485378486506,
    6.465170959921135,
    5.665896224286656,
    5.465479250721053,
    5.472111790367962,
    5.240586082893076
  ],
  "5": [
    4.457491496785483,
    3.874480406708146,
    3.56488122531555,
    4.360761542914093,
    4.1451586207984,
    5.045473042820639,
    6.390673121725556,
    4.873623551498544,
    4.6449291639924795
  ],
  "6": [
    3.1575274519616987,
    3.1289466073370518,
    3.943874855702774,
    3.0972316064403476,
    3.7478455731358675,
    4.092006857826977,
    3.4269176476960768,
    6.2763839552401945,
    4.147299210041206
  ],
  "7": [
    4.222401987027049,
    4.201437697398345,
    3.8743384210497833,
    3.7886571268551044,
    3.3275798074765985,
    4.447529594653646,
    3.975902259951119,
    4.51186237935292,
    6.074924038909613
  ],
  "8": [
    3.2442142057456276,
    3.244116832660018,
    2.924880460798747,
    3.600375309852029,
    3.148765366775039,
    3.2390445297803296,
    3.478479998432036,
    3.716400851608041,
    6.3404388836993
  ]
}