{
  "0": [
    11.470679943446587,
    7.990729931737853,
    7.46713319106583,
    8.111928476900488,
    7.185455289082197,
    8.196598134384113,
    8.019090634552786,
    7.476457492393165,
    9.24613473845673
  ],
  "1": [
    10.495109263732237,
    11.360246474306987,
    10.675867489439481,
    10.585109575126726,
    10.5331771729341,
    10.2990071045973,
    10.251196711925603,
    10.368306726358089,
    10.583682595112785
  ],
  "2": [
    10.602851992101144,
    11.71680211790946,
    10.656144897855036,
    10.51720285881854,
    10.359182115920046,
    10.422758826730025,
    10.474190925100647,
    10.564997802081878,
    10.43295991430798
  ],
  "3": [
    11.01082323689223,
    11.037584006290519,
    11.647752986696515,
    11.141357936196405,
    10.620964539042946,
    10.716125617001037,
    10.670958492677364,
    10.643374241705965,
    10.498392976316866
  ],
  "4": [
    11.151225577644688,
    11.242716850244037,
    11.050944463130401,
    11.284376742956727,
    11.68648988842304,
    11.406434759591658,
    11.273054178807003,
    11.230626629502057,
    11.039656787821585
  ],
  "5": [
    10.703946259164924,
    10.727151214429297,
    10.70175538981589,
    10.850221651412724,
    10.669864615845988,
    11.213338290559571,
    11.80609478413812,
    11.146220766556239,
    10.935160957750323
  ],
  "6": [
    10.197995040897334,
    10.363689319569106,
    10.229693240356847,
    10.746381462578121,
    10.522541145429148,
    10.834580561387869,
    10.822557517067438,
    11.733598108878063,
    10.616762732003908
  ],
  "7": [
    10.43460993375828,
    10.354864757091011,
    10.525303593936565,
    10.38334455435209,
    10.418230236066528,
    10.435949455575116,
    10.634215075944441,
    10.673860126448346,
    11.422248875419523
  ],
  "8": [
    8.709197024067336,
    7.819363247655603,
    9.704447649560725,
    9.923806339054188,
    10.360781281591157,
    10.039568242477841,
    10.253165636484434,
    10.22090906025968,
    11.41797587727648
  ]
}