{
  "0": [
    1.2244677476283572,
    0.1673591634079672,
    0.5098725778529904,
    0.3564600439439499,
    0.2600783180113509,
    0.25213429800523157,
    0.26256188684434134,
    0.4749499202017109,
    0.4285030305979191
  ],
  "1": [
    0.8293934581609069,
    1.4297889927916103,
    0.7503316618117896,
    0.4125577790339839,
    0.3246474160072717,
    0.4636125669604309,
    0.4115719514846279,
    0.5344047849979008,
    0.4859559930805451
  ],
  "2": [
    0.8100564100181008,
    1.3880223827098428,
    0.6787772289864176,
    0.364868825180926,
    0.42461774414838455,
    0.42815385714004534,
    0.27672567276057924,
    0.3516512202814247,
    0.5083461430490487
  ],
  "3": [
    0.5018148799547696,
    0.6777468783158433,
    1.1548642998681449,
    1.568742518167018,
    0.4430721315445644,
    0.5598327746064089,
    0.7066705301544258,
    0.5524096020618781,
    0.528611811259785
  ],
  "4": [
    0.9836258543515025,
    1.2257165901143756,
    1.037282093066053,
    1.3197697516734133,
    1.8057579886146926,
    1.2465595902645457,
    1.3066465222500996,
    0.9712503683876483,
    0.8562233623457434
  ],
  "5": [
    0.463731573652724,
    0.5359400053336425,
    0.2554012386311416,
    0.5875748185736133,
    0.7073223104914512,
    0.7960683832985868,
    1.4902209283444008,
    0.8466580682940957,
    0.8133008872688298
  ],
  "6": [
    0.38114054404518255,
    0.4067569713965243,
    0.296770240947372,
    0.7952836184359872,
    0.47631090356152017,
    0.38735320560179504,
    0.3828213469238909,
    1.562686453701843,
    0.6043096754213255
  ],
  "7": [
    0.5624328297736227,
    0.6299788687969949,
    0.6399627907035609,
    0.5273450412562737,
    0.42455479252391076,
    0.27278263543551934,
    0.7291903536244233,
    0.6555456309351184,
    1.1794907136037815
  ],
  "8": [
    0.5192685307223882,
    0.3572138542788376,
    0.45010103954117564,
    0.4223304868819106,
    0.20743712362387284,
    0.5136668458439428,
    0.4473257565045495,
    0.3538275677714392,
    1.245680996089918
  ]
}