{
  "0": [
    9.220244494784824,
    4.929199506524374,
    3.130303101472234,
    4.692653802869853,
    5.062692861941896,
    3.819815270564112,
    4.031128372850201,
    3.5319017259936305,
    6.698510370630293
  ],
  "1": [
    7.729780184055379,
    9.27675206584165,
    6.481303707130301,
    7.459459516393121,
    6.875433331749032,
    6.630360920686847,
    6.742294868131378,
    7.224333268997229,
    5.904728699056202
  ],
  "2": [
    7.197111263983819,
    9.074864460103749,
    6.6275265618899075,
    7.201081808707983,
    6.935296960384835,
    7.084575786758005,
    6.752182868493343,
    6.988780121888035,
    6.700965654506286
  ],
  "3": [
    7.66271793237077,
    7.914663048318992,
    7.847721845388086,
    9.197761637603547,
    7.41441600775697,
    7.753129545292526,
    7.719857647869065,
    7.529403969341048,
    7.382672255064363
  ],
  "4": [
    8.641962507222056,
    8.639701007891846,
    8.67847499382868,
    8.449417164496184,
    9.281878888809652,
    8.839786002036412,
    8.665880680327394,
    8.851794925095316,
    8.50498410429082
  ],
  "5": [
    7.590204442689655,
    6.826512575992188,
    7.0866264586014465,
    7.889753655859238,
    8.204899949950903,
    8.35383468244505,
    9.31113820834912,
    8.062066346663112,
    7.534191650244646
  ],
  "6": [
    6.670396031782594,
    6.6252153919874,
    6.89517162063795,
    6.888093802922221,
    6.232804180551023,
    7.192441650413399,
    7.337055114759426,
    9.252648194007469,
    7.632023294864861
  ],
  "7": [
    6.829240988206806,
    7.3089219915133485,
    7.390707362993528,
    7.170094819003379,
    6.971135512434787,
    6.970841141907457,
    7.075901324834609,
    7.241945800109231,
    9.041746424710794
  ],
  "8": [
    4.799338117591264,
    5.546770667656632,
    5.852616127817409,
    6.339320906306595,
    5.714433829774707,
    6.260882669594799,
    6.201780492045923,
    5.949808643973755,
    9.155122074712306
  ]
}