{
  "0": [
    11.149734700897106,
    7.5857396783593725,
    7.093251379417893,
    7.169761690381453,
    6.7974790516561985,
    7.908101060284555,
    7.290622430250297,
    6.635638585518985,
    8.889272088287969
  ],
  "1": [
    10.232075118314366,
    10.81853866378183,
    10.077533463126434,
    10.372992193492504,
    10.245162665725383,
    9.480365508700835,
    10.073864815141217,
    10.283438892268704,
    10.131701111316152
  ],
  "2": [
    10.396342390028511,
    11.186745185499234,
    10.141238175979828,
    10.09511269574063,
    9.642626844380779,
    10.351087104374647,
    10.26280268909646,
    10.319250715312867,
    10.000788575131576
  ],
  "3": [
    10.48335573665049,
    10.777868550511373,
    11.024808068429168,
    10.807639164027506,
    10.40113983594791,
    10.370817089600532,
    10.555969850010742,
    10.602833857446925,
    10.32654978408047
  ],
  "4": [
    10.87730555316461,
    10.801065794424227,
    11.019218753184358,
    10.94890757962557,
    11.08585587772924,
    10.996113940866099,
    10.99245446916308,
    10.932476842180124,
    10.775053063387384
  ],
  "5": [
    10.360493355939386,
    10.59322918474526,
    10.457920150552031,
    10.190443168529745,
    10.502713604390083,
    10.992756401139935,
    11.235776470640074,
    10.768913662551483,
    10.725282481719445
  ],
  "6": [
    9.641036752996573,
    10.00724069575352,
    10.19035443000596,
    10.115471946249505,
    10.344616915911741,
    10.446438882326524,
    10.616755005728223,
    11.26947612703239,
    9.769624182168949
  ],
  "7": [
    10.136812843475836,
    10.026186897419166,
    10.155251670849088,
    9.801258515008955,
    10.005772630718504,
    9.99483571978543,
    10.343350596404381,
    9.945789986406217,
    10.956331320169081
  ],
  "8": [
    7.906170048832284,
    7.819363247655603,
    9.479564244377194,
    9.361947809060464,
    9.69126574153853,
    9.71016755533238,
    9.668072012305627,
    9.615233516350228,
    11.073775251814029
  ]
}