{
  "0": [
    11.768420060178816,
    8.990440921848421,
    7.46713319106583,
    8.111928476900488,
    7.9658161634551075,
    8.494353288580712,
    8.3152716398894,
    8.213452233749168,
    9.447568492215051
  ],
  "1": [
    10.990419812415814,
    11.650096852688693,
    10.85746096006223,
    10.877414124706156,
    10.938882060280777,
    10.637099570065125,
    10.704930090796719,
    10.637308473266089,
    10.700347385812423
  ],
  "2": [
    10.602851992101144,
    11.895487363615908,
    10.912155738053498,
    10.788396269242355,
    10.442619664032948,
    10.516155684018367,
    10.800325027678317,
    10.689597851369916,
    10.43295991430798
  ],
  "3": [
    11.32242614246686,
    11.27820762844214,
    11.910509359008252,
    11.395562284249571,
    11.018829354739813,
    10.945879709152148,
    10.876684881602362,
    10.965626477229108,
    10.628916249951823
  ],
  "4": [
    11.440808226700646,
    11.38894181093881,
    11.569781591020028,
    11.684853617980496,
    11.851941132760395,
    11.62223201115524,
    11.523217148186571,
    11.523743722865063,
    11.424256525448204
  ],
  "5": [
    10.896044441431957,
    10.95524843185136,
    10.99534994519598,
    10.98074056009951,
    10.819614396480294,
    11.509214950695165,
    11.935721413055862,
    11.445210966626764,
    11.346290583317677
  ],
  "6": [
    10.442778996900397,
    10.59978422247978,
    10.665882135824585,
    10.87467205337905,
    11.047549260928989,
    11.089456825437779,
    10.822557517067438,
    12.016086309631296,
    10.774784424724963
  ],
  "7": [
    10.43460993375828,
    10.681737773464835,
    10.705001137610173,
    10.64424593838215,
    10.644561091547503,
    10.755981086449772,
    10.812101464813654,
    10.910351565350036,
    11.651472873571208
  ],
  "8": [
    8.982394867537762,
    8.518348241994087,
    9.841602351241061,
    10.321493502866401,
    10.537227916226925,
    10.367852202706825,
    10.253165636484434,
    10.456448471815522,
    11.607605192945385
  ]
}