{
  "0": [
    7.1735585670768796,
    3.8551886737647045,
    1.9814838911532044,
    2.9341097763345045,
    3.2772239762923436,
    2.9580874637970322,
    2.4950375358145758,
    2.585264513989609,
    4.579096995572251
  ],
  "1": [
    5.029539988860635,
    7.213228959579029,
    3.8453448149706677,
    4.999525073302249,
    4.7751032881122955,
    3.8688982038161273,
    4.3808807184365515,
    4.7072138359376945,
    4.224922076220335
  ],
  "2": [
    5.586383546889868,
    7.3652947320921545,
    4.960656048949213,
    4.230089967251596,
    4.788385522188954,
    4.3657824889102255,
    4.683121262137761,
    5.349369532207525,
    4.572239829473673
  ],
  "3": [
    5.878667466143769,
    4.788037789691454,
    5.45449362549232,
    7.128503983845233,
    4.786501245869181,
    5.027536866375842,
    5.241646298663538,
    5.52839071604746,
    4.878254563235332
  ],
  "4": [
    6.362896023167549,
    6.386131733926278,
    6.791629955060891,
    6.332105648078425,
    7.392891722332058,
    6.749472704417581,
    6.808664360222108,
    6.631917590519765,
    6.247794874097251
  ],
  "5": [
    5.88544100984692,
    4.389414975390472,
    4.696831166522833,
    5.211358138518696,
    5.667950847712708,
    5.74922358996968,
    7.367433393189699,
    6.106640340628052,
    5.4462018196705895
  ],
  "6": [
    4.663382122920111,
    4.426488419260288,
    4.490353264652354,
    4.600041364025169,
    4.4665800137637435,
    4.9160604969679405,
    4.540116422759532,
    7.141065631385313,
    4.952014136343659
  ],
  "7": [
    4.9485536931729595,
    4.909683259304631,
    5.455148459751377,
    5.013111258358268,
    4.593609321309217,
    5.705748539955539,
    4.4897401917182655,
    5.114537753076369,
    7.213171883012934
  ],
  "8": [
    3.8892807681170254,
    4.417458642994923,
    3.610077255920294,
    5.286626316320689,
    3.4893958331420354,
    4.472452421197534,
    4.393846831713548,
    3.964912374834037,
    6.984718197787238
  ]
}