{
  "0": [
    9.919149294064798,
    6.175951585159723,
    3.7118908832572712,
    5.915448241592248,
    5.062692861941896,
    5.732995152500083,
    4.5450514705251654,
    4.1063528442246975,
    6.984853708853518
  ],
  "1": [
    8.764375562472818,
    10.125098184175437,
    7.7851082331740775,
    8.156817126631616,
    8.492505316874244,
    7.75901096337642,
    7.414497856951461,
    7.833686934165035,
    7.536539366351945
  ],
  "2": [
    7.635899717655984,
    10.08140446826588,
    7.645700342433654,
    8.256607124260327,
    8.01937636491527,
    8.099237897407432,
    8.512524036503041,
    8.35227786839582,
    8.028252982980339
  ],
  "3": [
    8.58345974049509,
    9.330087960893216,
    8.749793739068812,
    10.067851480689244,
    8.9835293704488,
    8.793281661795248,
    8.458835773490556,
    8.150108913452968,
    8.335537222778509
  ],
  "4": [
    9.605699303057909,
    9.454449197723152,
    9.472743906461227,
    9.466038375511875,
    10.29688651428156,
    9.600961558976971,
    9.435601159144946,
    9.67183679437207,
    9.600446093818132
  ],
  "5": [
    8.556667879944014,
    8.315134261771796,
    7.329849366114683,
    8.64466669260647,
    8.878091437950674,
    9.047076811550243,
    10.239347735781381,
    8.95666585492444,
    8.47919253231982
  ],
  "6": [
    7.81777284919993,
    7.372809219436288,
    8.060237508826066,
    7.706639588753735,
    7.963927004620867,
    7.919174110789802,
    8.106042653850183,
    10.259889117786958,
    8.665214439198294
  ],
  "7": [
    8.693631232678396,
    7.9282978715121875,
    8.46380124492263,
    8.064880205005966,
    8.288866889448315,
    8.140056102359189,
    7.889587339180583,
    7.94215452492843,
    9.884175363528385
  ],
  "8": [
    5.232287237436527,
    7.347689007385268,
    7.0041214513153305,
    7.5843881961028,
    7.022410535834435,
    7.689118959908745,
    7.070928117934959,
    7.263473688753484,
    9.997019260527633
  ]
}