{
  "0": [
    0.507320625590039,
    0.11529151780553618,
    0.10008631803600712,
    0.04700235803945147,
    0.030689373046943004,
    0.0895304379523994,
    0.08038831304191506,
    0.1564209434751872,
    0.07780479436851052
  ],
  "1": [
    0.38076586033145293,
    0.6228077325826846,
    0.2800792363084325,
    0.07192902123128432,
    0.11962216966935019,
    0.07274654312399392,
    0.17359344925977546,
    0.23625793943166068,
    0.30908946970349394
  ],
  "2": [
    0.3151347642552784,
    0.5970364238351614,
    0.2797735186234105,
    0.306367282985737,
    0.13151025164774394,
    0.08608725651723054,
    0.11684290045020637,
    0.20135356549633396,
    0.13011752807339638
  ],
  "3": [
    0.3789183985269348,
    0.2584856468898439,
    0.31609943492899717,
    0.5577938850456078,
    0.274092241869607,
    0.07979825802702845,
    0.17363465422714291,
    0.29867326293687474,
    0.033809570229106606
  ],
  "4": [
    0.4833791876676041,
    0.4426678246207501,
    0.7116771301982726,
    0.8179061798445744,
    0.629172597537405,
    0.7824410158488089,
    0.6386323411193623,
    0.3053093576896989,
    0.37601104475906727
  ],
  "5": [
    0.123220764862009,
    0.32277385330942615,
    0.09003369562775694,
    0.26568429724039155,
    0.3083162292026801,
    0.4691582584812837,
    0.8685337687399823,
    0.1472609224274823,
    0.27584434370419997
  ],
  "6": [
    0.0813823196471743,
    0.11243444292342827,
    0.1175675083735208,
    0.2309906167797917,
    0.1950946198071059,
    0.14135175820565724,
    0.2777420635110402,
    0.7460599083659709,
    0.20051088066344705
  ],
  "7": [
    0.0876282870843617,
    0.1529448794044075,
    0.22425225836308915,
    0.30039979137482037,
    0.23317452089651564,
    0.22406965351725547,
    0.3341227529656182,
    0.3063407660244351,
    0.5205849140990212
  ],
  "8": [
    0.14297102262182557,
    0.16597097475397776,
    0.29608357001301244,
    0.14378853191688598,
    0.07552731959342564,
    0.3055149772459848,
    0.2708045281198533,
    0.18158663837472633,
    0.5422306066469034
  ]
}