{
  "0": [
    0.4191058082385752,
    0.14618331052024308,
    -0.6083350742518642,
    -0.9116541457751369,
    -2.3725269703547966,
    -2.2373754990469896,
    -3.48339139701772,
    -3.6484577310554,
    -4.791634495289416,
    -4.759422910668356
  ],
  "1": [
    0.327605301942219,
    0.36236760911536325,
    -0.05257079976928403,
    -0.3884112918669049,
    -1.481799077439565,
    -1.6751197562557432,
    -2.643602220860657,
    -3.611636628520878,
    -3.536922856412727,
    -4.164000393407755
  ],
  "2": [
    -0.4922115256173576,
    -0.172788892501577,
    0.3457424383076202,
    0.1268068133288226,
    -0.7208273584449099,
    -0.8319220869937447,
    -1.9177801118990634,
    -2.6041742038284905,
    -3.102051974308855,
    -3.7313882223933668
  ],
  "3": [
    -1.002376234416207,
    -0.7476711611978174,
    0.017342539745650275,
    0.39986446936412395,
    -0.0353013535345798,
    -0.21124843073730776,
    -1.826148733170173,
    -1.7199422915125906,
    -3.070290850397382,
    -2.9452402467609646
  ],
  "4": [
    -1.634910360590805,
    -1.239904522725847,
    -0.8316027554448169,
    -0.03768078933503885,
    0.33321585005488175,
    -0.2665143114751235,
    -0.8071353866973034,
    -1.1682673282882785,
    -2.0556109934451405,
    -2.3058361232390907
  ],
  "5": [
    -2.4129042353539374,
    -2.0569556837664194,
    -1.4824961877914844,
    -0.7598266620390424,
    -0.25067740644974984,
    0.4340724923065308,
    -0.24384819445829542,
    -0.6586065017771283,
    -1.1821847958260099,
    -1.4857613237738372
  ],
  "6": [
    -2.5981701090304945,
    -2.925503068603183,
    -1.7929974866171556,
    -1.5986474709071439,
    -0.42872986240004757,
    -0.42817991705348135,
    0.5286484154385995,
    -0.09306959712525006,
    -0.8001762109553624,
    -0.7175859943750376
  ],
  "7": [
    -3.6457780508033175,
    -2.790904084949478,
    -2.753395570403491,
    -2.0925468337132753,
    -0.9571028966957577,
    -0.7011053697514412,
    -0.055390270205694335,
    0.29197840634564326,
    -0.2003945941056697,
    -0.3093409713304042
  ],
  "8": [
    -4.328435503156051,
    -4.422528403125709,
    -2.8307241439745816,
    -2.8037839860797207,
    -1.619389245379486,
    -1.565331342839114,
    -0.19981584670714722,
    -0.021625896502972003,
    0.3972772205726624,
    0.2641539052426456
  ],
  "9": [
    -4.36271566756427,
    -4.577302468379447,
    -3.7513649418367447,
    -2.7565516227065747,
    -2.143264986395155,
    -1.9797886138134633,
    -1.0198049233851807,
    -0.44855575771682643,
    -0.20457131396372222,
    0.15554169382643673
  ]
}