{
  "0": [
    7.838075353668659,
    4.1575867885722895,
    2.5328172909835494,
    3.8517996928687546,
    4.415964882865153,
    3.819815270564112,
    2.4950375358145758,
    3.026193536089607,
    5.581391769724845
  ],
  "1": [
    5.47889534418758,
    7.892878182631616,
    5.0413329304733265,
    5.829898817374691,
    5.245688104078111,
    5.127942653599112,
    5.420349634526237,
    5.903972654379944,
    5.049283976847235
  ],
  "2": [
    6.084088594810756,
    8.0726156202266,
    5.703443269725597,
    5.063063879399748,
    5.873360296453701,
    5.654080250432217,
    4.940585694535178,
    5.7250796913136,
    5.288606439246279
  ],
  "3": [
    6.599333241371792,
    6.583349373775879,
    6.192639923695074,
    7.992161146629771,
    5.510902647298441,
    6.74417239413329,
    6.301507481555512,
    6.531735688277825,
    5.9574936435500865
  ],
  "4": [
    7.238531209518594,
    6.983192775467282,
    7.622542538771474,
    7.670104131039975,
    8.382423936128857,
    7.629540119810696,
    7.485275128210167,
    7.446212201670455,
    7.188723092731649
  ],
  "5": [
    6.59820169392453,
    4.947501211376959,
    5.95880032085611,
    6.235023830635528,
    6.182846242487624,
    7.029128478507753,
    8.273585852221405,
    7.300489292475038,
    6.32865806915883
  ],
  "6": [
    5.715427128608258,
    5.458442892026953,
    5.4324376155193,
    5.508108653808085,
    5.283538138558926,
    5.490430008753472,
    5.341590750616128,
    7.988284430812987,
    4.952014136343659
  ],
  "7": [
    6.218266686256162,
    5.748658558837221,
    6.351566930878444,
    5.598811371066348,
    5.27006332585025,
    5.879692712367508,
    5.066767044944342,
    5.893276030298582,
    7.68690570404829
  ],
  "8": [
    3.8892807681170254,
    4.794133491058778,
    3.610077255920294,
    6.2100526550420065,
    4.2036817456952695,
    5.485789524332225,
    4.963627275473026,
    5.172431468926745,
    7.821623840725157
  ]
}